protein_id	descriptor_id	status	value	unit	sequence_sha256	observation_id
UniProtKB:A0A1P8AWH8	proteintraitsmech:B01	OK	-11.337011798310032	e	e8afa3638933dfe1d534e329c38d88d8b4ab24603c8599863445464558957f8e	ptm-observation:b6b6790d1ff8eaccc431b1b5c0f31db93525ecae8b7a16c8f3c3c9714a73d233
UniProtKB:A0A1P8AWH8	proteintraitsmech:B02	OK	6.065268576145172	pH	e8afa3638933dfe1d534e329c38d88d8b4ab24603c8599863445464558957f8e	ptm-observation:27f2e73a6dae970ebca9b63c2241afbb7fc37d5aef6681b84cfbf0168deea465
UniProtKB:A0A1P8AWH8	proteintraitsmech:B03	OK	0.1037037037037037	1	e8afa3638933dfe1d534e329c38d88d8b4ab24603c8599863445464558957f8e	ptm-observation:f6e227adc39e5ea7c10ca6f4f95915475f6ae26ec66eb5292022fe37c9b36bc6
UniProtKB:A0A1P8AWH8	proteintraitsmech:B04	OK	0.11746031746031746	1	e8afa3638933dfe1d534e329c38d88d8b4ab24603c8599863445464558957f8e	ptm-observation:080a3dc50d8a09896f72ae93568b256360233fcc910d33218da4cb7ee0da707f
UniProtKB:A0A1P8AWH8	proteintraitsmech:B05	OK	0.22116402116402117	1	e8afa3638933dfe1d534e329c38d88d8b4ab24603c8599863445464558957f8e	ptm-observation:7f31ce99085757c55adeb8eae51b1b6eeaecdc4db5f0c64c956caaf5b30be393
UniProtKB:A0A1P8AWH8	proteintraitsmech:B06	OK	-0.6497701329436393	1	e8afa3638933dfe1d534e329c38d88d8b4ab24603c8599863445464558957f8e	ptm-observation:3875e532e834cfa213d873bee9408469de27d19812866db02d17e2e15ad8ebad
UniProtKB:A0A1P8AWH8	proteintraitsmech:B08	OK	-0.3711111111111111	1	e8afa3638933dfe1d534e329c38d88d8b4ab24603c8599863445464558957f8e	ptm-observation:2b7d1a44a0c11f60ed22f72a3720a86221ab757cdee248a00b6336e7fdcd148a
UniProtKB:A0A1P8AWH8	proteintraitsmech:B09	OK		1	e8afa3638933dfe1d534e329c38d88d8b4ab24603c8599863445464558957f8e	ptm-observation:3718188d513072368e1e94f4cca6b812319c2302fc97792b3681423e9e4dcab6
UniProtKB:A0A1P8AWH8	proteintraitsmech:B10	OK		1	e8afa3638933dfe1d534e329c38d88d8b4ab24603c8599863445464558957f8e	ptm-observation:7f6fa334aa0336cd50e3dcd4ab2e640fda300f57214cad2a297de08bff359771
UniProtKB:A0A1P8AWH8	proteintraitsmech:B13	OK		1	e8afa3638933dfe1d534e329c38d88d8b4ab24603c8599863445464558957f8e	ptm-observation:508a104af8710daef68a1841aa5cd51f30277eddf4a2f9e7a132cfafd8626aa1
UniProtKB:A0A1P8AWH8	proteintraitsmech:B16	OK	4.190739026159747	bit	e8afa3638933dfe1d534e329c38d88d8b4ab24603c8599863445464558957f8e	ptm-observation:b27e1b4d812e035213e0e596866fde1e8d214c71d084e3f342a3998dcec23ca8
UniProtKB:A0A1P8AWH8	proteintraitsmech:B22	OK	0.06878306878306878	1	e8afa3638933dfe1d534e329c38d88d8b4ab24603c8599863445464558957f8e	ptm-observation:e60a736ac0a3cbde39be834a0255a0eaf039c7a11446b9ce5f614609f1ab1b30
UniProtKB:A1ZB29	proteintraitsmech:B01	OK	-0.05730059915213348	e	bf1ed8a3fcd4c18e58888815bfd740519681fc01ccace8f65722bc742c0f0cdf	ptm-observation:53a287ad88189acbdd1312b3e480097145bec060922d25dfa3729d98fd2e0841
UniProtKB:A1ZB29	proteintraitsmech:B02	OK	6.9676215052604675	pH	bf1ed8a3fcd4c18e58888815bfd740519681fc01ccace8f65722bc742c0f0cdf	ptm-observation:954767ed1b2a6e153acf502fc5a6c1ff5ba84c4a42c5921700b4a8f7e429e952
UniProtKB:A1ZB29	proteintraitsmech:B03	OK	0.12796208530805686	1	bf1ed8a3fcd4c18e58888815bfd740519681fc01ccace8f65722bc742c0f0cdf	ptm-observation:8c5a0b6c2feb67b7568e19c7f69ec192d8db4da26c7156564a9555f3a612a954
UniProtKB:A1ZB29	proteintraitsmech:B04	OK	0.12796208530805686	1	bf1ed8a3fcd4c18e58888815bfd740519681fc01ccace8f65722bc742c0f0cdf	ptm-observation:0881df247af5325aa7818d975628f2d6d06a5d0ed64d48e1dab22c9a29f7db61
UniProtKB:A1ZB29	proteintraitsmech:B05	OK	0.2559241706161137	1	bf1ed8a3fcd4c18e58888815bfd740519681fc01ccace8f65722bc742c0f0cdf	ptm-observation:264a4734db3be018839ef0cd43481d745c3866f988b91dbba8c2de5d3ca9482e
UniProtKB:A1ZB29	proteintraitsmech:B06	OK	-0.6179270433031714	1	bf1ed8a3fcd4c18e58888815bfd740519681fc01ccace8f65722bc742c0f0cdf	ptm-observation:bb5750a2a5561f441fc2abfe9be2c92c1602c008b36e15b6787c17176914e81b
UniProtKB:A1ZB29	proteintraitsmech:B08	OK	-0.38672985781990526	1	bf1ed8a3fcd4c18e58888815bfd740519681fc01ccace8f65722bc742c0f0cdf	ptm-observation:04e3d01c5a60e4fc5bafe66e85f478ac22e6093574f11ca947edce51950c3724
UniProtKB:A1ZB29	proteintraitsmech:B09	OK		1	bf1ed8a3fcd4c18e58888815bfd740519681fc01ccace8f65722bc742c0f0cdf	ptm-observation:e96fa5b221d9ef975d5547e17eb5a4972a4d1eef1df7571260ffe0e36d9272fa
UniProtKB:A1ZB29	proteintraitsmech:B10	OK		1	bf1ed8a3fcd4c18e58888815bfd740519681fc01ccace8f65722bc742c0f0cdf	ptm-observation:973ba1631d9b7433532d6517f7f3991ac2eee3c7d8bc8ba6fbd3a042713a5cfc
UniProtKB:A1ZB29	proteintraitsmech:B13	OK		1	bf1ed8a3fcd4c18e58888815bfd740519681fc01ccace8f65722bc742c0f0cdf	ptm-observation:b9e44fa80547f48825024e0cb6e432dd32c9cc71f5bc4ceaccccc5f75eeda4be
UniProtKB:A1ZB29	proteintraitsmech:B16	OK	4.147857986374428	bit	bf1ed8a3fcd4c18e58888815bfd740519681fc01ccace8f65722bc742c0f0cdf	ptm-observation:d8db2881fc3282cfbcf870389a340e50fe946eab4e17cd6943876364ff9f39ca
UniProtKB:A1ZB29	proteintraitsmech:B22	OK	0.0	1	bf1ed8a3fcd4c18e58888815bfd740519681fc01ccace8f65722bc742c0f0cdf	ptm-observation:64d0ad83c049ce055b49e9934dadd98758b696c081c21855f8bfe65a06ccace6
UniProtKB:A8K2U0	proteintraitsmech:B01	OK	-25.488414760856738	e	e302d6ce0e1ee9a52353992462f9976b74ab9e403d7d8aef41f9ed7d74d87e53	ptm-observation:af527a00a92feb6609fa361fc9c102a821fdf4384606135267f1ee58b9909bea
UniProtKB:A8K2U0	proteintraitsmech:B02	OK	5.500929892063141	pH	e302d6ce0e1ee9a52353992462f9976b74ab9e403d7d8aef41f9ed7d74d87e53	ptm-observation:991faec1f9d9436bcff973baec47f4742bcaedb70438fd3b4cd6478b09035af8
UniProtKB:A8K2U0	proteintraitsmech:B03	OK	0.08253094910591471	1	e302d6ce0e1ee9a52353992462f9976b74ab9e403d7d8aef41f9ed7d74d87e53	ptm-observation:1291347fbd60f983350a6ce3bacc487f25ea846fab3fe07e2f0f372c682785be
UniProtKB:A8K2U0	proteintraitsmech:B04	OK	0.10110041265474554	1	e302d6ce0e1ee9a52353992462f9976b74ab9e403d7d8aef41f9ed7d74d87e53	ptm-observation:13d9ac676900da936deff2aafee152c0de27cbe950e8419d9ec0b9ae9a595141
UniProtKB:A8K2U0	proteintraitsmech:B05	OK	0.18363136176066025	1	e302d6ce0e1ee9a52353992462f9976b74ab9e403d7d8aef41f9ed7d74d87e53	ptm-observation:40f96bc8f154593dcdd46175de9a254d449dadcf978c48607debf794df192d1c
UniProtKB:A8K2U0	proteintraitsmech:B06	OK	4.179346819611713	1	e302d6ce0e1ee9a52353992462f9976b74ab9e403d7d8aef41f9ed7d74d87e53	ptm-observation:4e8537a5ecb6ff37fb981bb251b5496765fb506e54444833ef3ff19d27e80217
UniProtKB:A8K2U0	proteintraitsmech:B08	OK	-0.1576341127922971	1	e302d6ce0e1ee9a52353992462f9976b74ab9e403d7d8aef41f9ed7d74d87e53	ptm-observation:a7de66d3ca7bcab47f465390b8c2ac02c05ce9abf1b6a1df0e5b058c6edd0b87
UniProtKB:A8K2U0	proteintraitsmech:B09	OK		1	e302d6ce0e1ee9a52353992462f9976b74ab9e403d7d8aef41f9ed7d74d87e53	ptm-observation:de6821f6f7f0c7df33699ca889b183a8283e833e9a6b55ac14fc433849b4e10a
UniProtKB:A8K2U0	proteintraitsmech:B10	OK		1	e302d6ce0e1ee9a52353992462f9976b74ab9e403d7d8aef41f9ed7d74d87e53	ptm-observation:0c70ef72c7707cfc788eca40e3ecc0e8dc8c70f23c1607eb3cf81358a72909b5
UniProtKB:A8K2U0	proteintraitsmech:B13	OK		1	e302d6ce0e1ee9a52353992462f9976b74ab9e403d7d8aef41f9ed7d74d87e53	ptm-observation:e32645e32f9ed621108590e114785c084468afc6a9979da5301d22f36a24bd01
UniProtKB:A8K2U0	proteintraitsmech:B16	OK	4.159304783028318	bit	e302d6ce0e1ee9a52353992462f9976b74ab9e403d7d8aef41f9ed7d74d87e53	ptm-observation:adba6ec78c55d3d1d98667dcad421b1b48c95d4cf2f275a4ae44f61fc742c153
UniProtKB:A8K2U0	proteintraitsmech:B22	OK	0.03645116918844567	1	e302d6ce0e1ee9a52353992462f9976b74ab9e403d7d8aef41f9ed7d74d87e53	ptm-observation:62260aadeb48da83adf52c9434b29439680277395115fadacf325518cc791bbc
UniProtKB:B9DFZ0	proteintraitsmech:B01	OK	17.14882407929874	e	a38e58f6e3756be16523c03885541e8c4b29f5942b0fea86cf9638a7282c9805	ptm-observation:03f68ced8d2be901df45808efd16cb33144a1e299e138426a18ec0406489f6cb
UniProtKB:B9DFZ0	proteintraitsmech:B02	OK	9.40803450345993	pH	a38e58f6e3756be16523c03885541e8c4b29f5942b0fea86cf9638a7282c9805	ptm-observation:f4378989c6335e8bf762619d86fc1c05438cb82c43790cac51ad1cea1edc5bb6
UniProtKB:B9DFZ0	proteintraitsmech:B03	OK	0.15025906735751296	1	a38e58f6e3756be16523c03885541e8c4b29f5942b0fea86cf9638a7282c9805	ptm-observation:441c6b1b4a2de158fcdb78f91116cd76d76f8f3fdd4635c1377f14702e4fbf3b
UniProtKB:B9DFZ0	proteintraitsmech:B04	OK	0.10621761658031088	1	a38e58f6e3756be16523c03885541e8c4b29f5942b0fea86cf9638a7282c9805	ptm-observation:c2e0193fabaae266b46b76de87dfb37d1613ecbb6f652c762b811886e4aa424e
UniProtKB:B9DFZ0	proteintraitsmech:B05	OK	0.25647668393782386	1	a38e58f6e3756be16523c03885541e8c4b29f5942b0fea86cf9638a7282c9805	ptm-observation:a8cabbdcba0cbba3e7a6b43c1e106857ef76eeb6b0a1ffacc5ea18ffa2fbc483
UniProtKB:B9DFZ0	proteintraitsmech:B06	OK	3.7156422169019585	1	a38e58f6e3756be16523c03885541e8c4b29f5942b0fea86cf9638a7282c9805	ptm-observation:7e9f500304d01188d72b9a7a956f34c99ec1ddbe69eff5d46948cb057690581e
UniProtKB:B9DFZ0	proteintraitsmech:B08	OK	-0.3963730569948187	1	a38e58f6e3756be16523c03885541e8c4b29f5942b0fea86cf9638a7282c9805	ptm-observation:7c6ab6d11cf9324967117c59002590831f917c888358ee795d642d24f2c778a9
UniProtKB:B9DFZ0	proteintraitsmech:B09	OK		1	a38e58f6e3756be16523c03885541e8c4b29f5942b0fea86cf9638a7282c9805	ptm-observation:3564d9d6ecf5ee4e9984d4544340c88c2b70085702b9226e284e0ab2cfdc805b
UniProtKB:B9DFZ0	proteintraitsmech:B10	OK		1	a38e58f6e3756be16523c03885541e8c4b29f5942b0fea86cf9638a7282c9805	ptm-observation:b9fc9a4f740c010f7c082bf25aa18d4a1e0a6c0e9bfc5b58249c961176623f1d
UniProtKB:B9DFZ0	proteintraitsmech:B13	OK		1	a38e58f6e3756be16523c03885541e8c4b29f5942b0fea86cf9638a7282c9805	ptm-observation:16b63d1d815b6dd5a2da84de389d69a499a959b0d83cbf2bfce916f0b8613cf5
UniProtKB:B9DFZ0	proteintraitsmech:B16	OK	4.085233551350443	bit	a38e58f6e3756be16523c03885541e8c4b29f5942b0fea86cf9638a7282c9805	ptm-observation:4e3ac53a76583901492bdd55cbbd4c2ab8868bac6b0bcc3db1437631c2916f0f
UniProtKB:B9DFZ0	proteintraitsmech:B22	OK	0.4896373056994819	1	a38e58f6e3756be16523c03885541e8c4b29f5942b0fea86cf9638a7282c9805	ptm-observation:35bb408ec9f489d9ba3c9e31ffa18b2d5ff0ea8272f794a3029117c6af3a847d
UniProtKB:C0HKQ7	proteintraitsmech:B01	OK	3.589245555987189	e	917532fede7912396cb92de6ab15296a23f9a5969c42022bebb49171fa870516	ptm-observation:0d48b685b377d9fc3410b1e614619395f04247c22e7fb5b807edac88dff57681
UniProtKB:C0HKQ7	proteintraitsmech:B02	OK	10.16091638803482	pH	917532fede7912396cb92de6ab15296a23f9a5969c42022bebb49171fa870516	ptm-observation:7004f50c0e436c3f435a31594568e4bc9467c33f6f2561a72beed23c84bbadcd
UniProtKB:C0HKQ7	proteintraitsmech:B03	OK	0.1111111111111111	1	917532fede7912396cb92de6ab15296a23f9a5969c42022bebb49171fa870516	ptm-observation:7090580ff0d60c25f6e9f9ec9cb19813fafa681fbdb7d5f2ef54ae7474b05ef9
UniProtKB:C0HKQ7	proteintraitsmech:B04	OK	0.047619047619047616	1	917532fede7912396cb92de6ab15296a23f9a5969c42022bebb49171fa870516	ptm-observation:ae1802d4cac2d20f6c16878624286ac19e90a79823f498e0129afe301c15be38
UniProtKB:C0HKQ7	proteintraitsmech:B05	OK	0.15873015873015872	1	917532fede7912396cb92de6ab15296a23f9a5969c42022bebb49171fa870516	ptm-observation:d5a0e4b21793638634def774e37a230fb3f3d20c8ffb2629175c7b687773d9be
UniProtKB:C0HKQ7	proteintraitsmech:B06	OK	0.2212969491375368	1	917532fede7912396cb92de6ab15296a23f9a5969c42022bebb49171fa870516	ptm-observation:23aebc578530b64b9802fad1f9143e55b0e8d4d5326adbb13c33be49bfd41866
UniProtKB:C0HKQ7	proteintraitsmech:B08	OK	0.26825396825396824	1	917532fede7912396cb92de6ab15296a23f9a5969c42022bebb49171fa870516	ptm-observation:ed2a68b0c2681d7d163a74ddacad4c42722dd4309bbcb0707833ed6f426dc04e
UniProtKB:C0HKQ7	proteintraitsmech:B09	OK		1	917532fede7912396cb92de6ab15296a23f9a5969c42022bebb49171fa870516	ptm-observation:a6a17457c9dd0a90e5583d24ca4250730e0fb2b0f9894c9a6e6fd0c4e0eb13a9
UniProtKB:C0HKQ7	proteintraitsmech:B10	OK		1	917532fede7912396cb92de6ab15296a23f9a5969c42022bebb49171fa870516	ptm-observation:b6368a33176327644a76c06a3def4e947ecce837857ca97e18e49bc7a96bb6e6
UniProtKB:C0HKQ7	proteintraitsmech:B13	OK		1	917532fede7912396cb92de6ab15296a23f9a5969c42022bebb49171fa870516	ptm-observation:52ee220494c98019f450fea9cbae192e041555c6b8f91cf9a42c7e98a26675a0
UniProtKB:C0HKQ7	proteintraitsmech:B16	OK	3.8067232824808044	bit	917532fede7912396cb92de6ab15296a23f9a5969c42022bebb49171fa870516	ptm-observation:f5fb8faf947262b949a40c20078780785383894413001744ea1ebf6e3cea9388
UniProtKB:C0HKQ7	proteintraitsmech:B22	OK	0.49206349206349204	1	917532fede7912396cb92de6ab15296a23f9a5969c42022bebb49171fa870516	ptm-observation:0a776909219d8a3bf6e0dc0e628ddbf99e47b5fe8e8cafd7328f35882b7fd779
UniProtKB:D8WUA4	proteintraitsmech:B01	OK	-11.474789702526552	e	f86f00d64f01e4cdf88213a792ba203c2fe947c1487d6cdfc2f781dd0555bd06	ptm-observation:81c43a034815572716dd5426e5d98fdd3fc37bb70cf483c59bcd2c74683ae52a
UniProtKB:D8WUA4	proteintraitsmech:B02	OK	6.034285724163055	pH	f86f00d64f01e4cdf88213a792ba203c2fe947c1487d6cdfc2f781dd0555bd06	ptm-observation:860c9b2391b55b698c77e3b21b61353f5de281d5f4e1078274e94e408ae23b3d
UniProtKB:D8WUA4	proteintraitsmech:B03	OK	0.1219281663516068	1	f86f00d64f01e4cdf88213a792ba203c2fe947c1487d6cdfc2f781dd0555bd06	ptm-observation:4b85787d5a0a1fe3d5edcf6da3a5035e30243873ae3f1f522b10f7ad83d9f324
UniProtKB:D8WUA4	proteintraitsmech:B04	OK	0.1342155009451796	1	f86f00d64f01e4cdf88213a792ba203c2fe947c1487d6cdfc2f781dd0555bd06	ptm-observation:11ab382730af2462e5d985066dbb9fd52ec84600b701f3af58d3f2c5c6d6e71e
UniProtKB:D8WUA4	proteintraitsmech:B05	OK	0.2561436672967864	1	f86f00d64f01e4cdf88213a792ba203c2fe947c1487d6cdfc2f781dd0555bd06	ptm-observation:aada7b495328d11c470e0978f99be190ef0f84a64943ee374e7ed4f999b91092
UniProtKB:D8WUA4	proteintraitsmech:B06	OK	-0.980927167775559	1	f86f00d64f01e4cdf88213a792ba203c2fe947c1487d6cdfc2f781dd0555bd06	ptm-observation:66b705fa3c7f118396f3ec93f4864abb70511cc04dc9de52fd579d718142e9df
UniProtKB:D8WUA4	proteintraitsmech:B08	OK	-0.29933837429111537	1	f86f00d64f01e4cdf88213a792ba203c2fe947c1487d6cdfc2f781dd0555bd06	ptm-observation:e5959107239d726de950a2afbf81b5b0d35b0ab3cde6d16e0414a4132b7e72d9
UniProtKB:D8WUA4	proteintraitsmech:B09	OK		1	f86f00d64f01e4cdf88213a792ba203c2fe947c1487d6cdfc2f781dd0555bd06	ptm-observation:f58bdbae4d7a0b561c984a3ce4a1658f851c7c7bbc2eb53059cd9ef796d6114d
UniProtKB:D8WUA4	proteintraitsmech:B10	OK		1	f86f00d64f01e4cdf88213a792ba203c2fe947c1487d6cdfc2f781dd0555bd06	ptm-observation:d81f246b0a3f5baabae42f7023f7f98b40b7bc0d266e78acbc003daf41ea384b
UniProtKB:D8WUA4	proteintraitsmech:B13	OK		1	f86f00d64f01e4cdf88213a792ba203c2fe947c1487d6cdfc2f781dd0555bd06	ptm-observation:9866be116282c131d249bcea27221e857ea71c0a46a572c3413e2821fb71593a
UniProtKB:D8WUA4	proteintraitsmech:B16	OK	4.137914575477974	bit	f86f00d64f01e4cdf88213a792ba203c2fe947c1487d6cdfc2f781dd0555bd06	ptm-observation:d6dc2d0a3d2e9e77d448d24b57b259ffec152518779ac1591ff06a2db5f96f22
UniProtKB:D8WUA4	proteintraitsmech:B22	OK	0.07088846880907372	1	f86f00d64f01e4cdf88213a792ba203c2fe947c1487d6cdfc2f781dd0555bd06	ptm-observation:e324020af5d1251d8602e626399de8eeb9633c1ff15d6001e950f97733fd7d4c
UniProtKB:F4J8K6	proteintraitsmech:B01	OK	12.97946297303582	e	5916c7adb9949e53ba51686c5d7eec8bf1c52fc34f64b7efd5966a0f380cc5f0	ptm-observation:b9e9bb8d18b15e4adbf4b0353579ef9a56b969b14fc58020a7b4bc3093d65ff1
UniProtKB:F4J8K6	proteintraitsmech:B02	OK	8.35086077451706	pH	5916c7adb9949e53ba51686c5d7eec8bf1c52fc34f64b7efd5966a0f380cc5f0	ptm-observation:bca1e8394da1dbdc03acce9a4ccd0f4413851c6a5577ae3e7e71c19e8a2cc57b
UniProtKB:F4J8K6	proteintraitsmech:B03	OK	0.14322916666666666	1	5916c7adb9949e53ba51686c5d7eec8bf1c52fc34f64b7efd5966a0f380cc5f0	ptm-observation:ab0fb111ac614bad1fefc95fda87008336c355fac9887182734e605e2b2167ca
UniProtKB:F4J8K6	proteintraitsmech:B04	OK	0.13802083333333334	1	5916c7adb9949e53ba51686c5d7eec8bf1c52fc34f64b7efd5966a0f380cc5f0	ptm-observation:40941e6792b08a35aace43ed688593e9438ace02680befa9032f1ded245dc48f
UniProtKB:F4J8K6	proteintraitsmech:B05	OK	0.28125	1	5916c7adb9949e53ba51686c5d7eec8bf1c52fc34f64b7efd5966a0f380cc5f0	ptm-observation:e708d76a6deca38f9af7b72078697f16d7fb39b1031585a55fe68a25b767ebfa
UniProtKB:F4J8K6	proteintraitsmech:B06	OK	-1.7089975928242893	1	5916c7adb9949e53ba51686c5d7eec8bf1c52fc34f64b7efd5966a0f380cc5f0	ptm-observation:23eaad5013e4590e1e9f1b598e82190a2147650894a89c1720fac898e3c99f18
UniProtKB:F4J8K6	proteintraitsmech:B08	OK	-0.3321875	1	5916c7adb9949e53ba51686c5d7eec8bf1c52fc34f64b7efd5966a0f380cc5f0	ptm-observation:5f3b29b07006bd5a410b5e816f0ec744da01baff34605b4fb4a15dcf491d5a3e
UniProtKB:F4J8K6	proteintraitsmech:B09	OK		1	5916c7adb9949e53ba51686c5d7eec8bf1c52fc34f64b7efd5966a0f380cc5f0	ptm-observation:68305fe0db9b6ff5a67be871048610d3e51017e3c4bd84aa197411da978eec75
UniProtKB:F4J8K6	proteintraitsmech:B10	OK		1	5916c7adb9949e53ba51686c5d7eec8bf1c52fc34f64b7efd5966a0f380cc5f0	ptm-observation:8c2e3a70c8783677fc976352c88327ab32df586025a2556bd16d77a872f404af
UniProtKB:F4J8K6	proteintraitsmech:B13	OK		1	5916c7adb9949e53ba51686c5d7eec8bf1c52fc34f64b7efd5966a0f380cc5f0	ptm-observation:0a337ff393e1466fbece2fd8f7ba29bd8b739d55c420dd493b70765d3d091816
UniProtKB:F4J8K6	proteintraitsmech:B16	OK	4.086936191442307	bit	5916c7adb9949e53ba51686c5d7eec8bf1c52fc34f64b7efd5966a0f380cc5f0	ptm-observation:3940169d8549b7700ccf5a546f9b4d56c0be7fcb045c6a5a782042093d7e0a98
UniProtKB:F4J8K6	proteintraitsmech:B22	OK	0.15364583333333334	1	5916c7adb9949e53ba51686c5d7eec8bf1c52fc34f64b7efd5966a0f380cc5f0	ptm-observation:726032f0b441fbfa3d5cb921202029850d6f37e73f9136350a204bb9fa6d7f27
UniProtKB:F4JYE9	proteintraitsmech:B01	OK	-1.2616477524547434	e	a1ef75a27725ee32f99ffe6c08eaf2a6bf0fa99c03d6099887fa90f23f33ff70	ptm-observation:b1421c32033765d42ce1dcca7536b546df3a17b524273d7291689690fddb75ce
UniProtKB:F4JYE9	proteintraitsmech:B02	OK	6.719479978084564	pH	a1ef75a27725ee32f99ffe6c08eaf2a6bf0fa99c03d6099887fa90f23f33ff70	ptm-observation:a6cd4db56a762b87e9462860bc60d13593d250b16aec94dce713c4ea44ab2426
UniProtKB:F4JYE9	proteintraitsmech:B03	OK	0.10943396226415095	1	a1ef75a27725ee32f99ffe6c08eaf2a6bf0fa99c03d6099887fa90f23f33ff70	ptm-observation:895e3c5e45f431e4920c66dfca556c29607c7ea80778883578be7884a1f9f025
UniProtKB:F4JYE9	proteintraitsmech:B04	OK	0.11320754716981132	1	a1ef75a27725ee32f99ffe6c08eaf2a6bf0fa99c03d6099887fa90f23f33ff70	ptm-observation:367bd740a80bbf33a5d1ddca6ee489a596fb68d23e917e6cfccb197564772431
UniProtKB:F4JYE9	proteintraitsmech:B05	OK	0.22264150943396227	1	a1ef75a27725ee32f99ffe6c08eaf2a6bf0fa99c03d6099887fa90f23f33ff70	ptm-observation:4a01f096fca51cf9fb8ac56aee1aae19aa34e697bd673aa2c65b779a1b159a07
UniProtKB:F4JYE9	proteintraitsmech:B06	OK	-1.5333306037503798	1	a1ef75a27725ee32f99ffe6c08eaf2a6bf0fa99c03d6099887fa90f23f33ff70	ptm-observation:5f871e5bf66f0a3232b959cc5cc1947c3bf81afd40451394a927760573a0efc0
UniProtKB:F4JYE9	proteintraitsmech:B08	OK	-0.05113207547169813	1	a1ef75a27725ee32f99ffe6c08eaf2a6bf0fa99c03d6099887fa90f23f33ff70	ptm-observation:82682b53ec0f871b69c4af322bb6dab247b19568a6a6497e924a931e5274639f
UniProtKB:F4JYE9	proteintraitsmech:B09	OK		1	a1ef75a27725ee32f99ffe6c08eaf2a6bf0fa99c03d6099887fa90f23f33ff70	ptm-observation:959467d0815f8d5af7677dcc7bce5d38b03943f855afdb7b220cffa8e3122608
UniProtKB:F4JYE9	proteintraitsmech:B10	OK		1	a1ef75a27725ee32f99ffe6c08eaf2a6bf0fa99c03d6099887fa90f23f33ff70	ptm-observation:ca6e1dca87aa410a12cf9bdd1976ace70fc9870d9caf7fa0e31a695c8cbbac30
UniProtKB:F4JYE9	proteintraitsmech:B13	OK		1	a1ef75a27725ee32f99ffe6c08eaf2a6bf0fa99c03d6099887fa90f23f33ff70	ptm-observation:1934d8c4a3d4e3cf89b4769011e8404dc7e2553591056dac3064fd02e6922b8e
UniProtKB:F4JYE9	proteintraitsmech:B16	OK	4.01451390996648	bit	a1ef75a27725ee32f99ffe6c08eaf2a6bf0fa99c03d6099887fa90f23f33ff70	ptm-observation:6da6921de00b1e5a65685d3b52526c3ad9971a4efba44364d8eb1819c0378e8a
UniProtKB:F4JYE9	proteintraitsmech:B22	OK	0.1	1	a1ef75a27725ee32f99ffe6c08eaf2a6bf0fa99c03d6099887fa90f23f33ff70	ptm-observation:d628d6cec7fa5fadd7b853d435fa6f17b2bb8f777e210c04978134cd8d71bc45
UniProtKB:F4KFS7	proteintraitsmech:B01	OK	-39.18601759501593	e	3e45d98cd9a749c6a54e07776762440862012123c9dfd30aead584345bddc140	ptm-observation:af93fb85a67653dc57d4b7b96fa72070f3bef41775c745a85d0f4b87a23c02af
UniProtKB:F4KFS7	proteintraitsmech:B02	OK	4.544385135173798	pH	3e45d98cd9a749c6a54e07776762440862012123c9dfd30aead584345bddc140	ptm-observation:84066832c6ea550bbedd1b93a63b458b027c6cf731d0303208028b69625a52e4
UniProtKB:F4KFS7	proteintraitsmech:B03	OK	0.1	1	3e45d98cd9a749c6a54e07776762440862012123c9dfd30aead584345bddc140	ptm-observation:f7e6e46384f84933e363846d32ae4d0e4ea2874ed95b7a1abe1441067a46f8ee
UniProtKB:F4KFS7	proteintraitsmech:B04	OK	0.1709090909090909	1	3e45d98cd9a749c6a54e07776762440862012123c9dfd30aead584345bddc140	ptm-observation:8776b861e1d097b02d586479f6eee4d0cf08d061bced8a54b2f0a7fdc4cec58e
UniProtKB:F4KFS7	proteintraitsmech:B05	OK	0.27090909090909093	1	3e45d98cd9a749c6a54e07776762440862012123c9dfd30aead584345bddc140	ptm-observation:3e6cccfdf452ad2ea58b6b4fa1c13cf83c8079030250521b327d8cf3d0e11618
UniProtKB:F4KFS7	proteintraitsmech:B06	OK	8.562360603533525	1	3e45d98cd9a749c6a54e07776762440862012123c9dfd30aead584345bddc140	ptm-observation:1cc692a67058545518aa08e0c87f7986cfdd9725428211cd0221ce18f11925d3
UniProtKB:F4KFS7	proteintraitsmech:B08	OK	-0.45436363636363636	1	3e45d98cd9a749c6a54e07776762440862012123c9dfd30aead584345bddc140	ptm-observation:70c93e417db5e06ced0419966cab8ec2c5f21a4263303b93d085529e25e6c0c6
UniProtKB:F4KFS7	proteintraitsmech:B09	OK		1	3e45d98cd9a749c6a54e07776762440862012123c9dfd30aead584345bddc140	ptm-observation:62aebf96623479f48c01dc3e0f876850e64942ec996355b382cacc5d24289e90
UniProtKB:F4KFS7	proteintraitsmech:B10	OK		1	3e45d98cd9a749c6a54e07776762440862012123c9dfd30aead584345bddc140	ptm-observation:c9e7e3e68469cd0e0d007ad491412399da1c4401686124ade9aefbc0b1a05474
UniProtKB:F4KFS7	proteintraitsmech:B13	OK		1	3e45d98cd9a749c6a54e07776762440862012123c9dfd30aead584345bddc140	ptm-observation:4661aa88270e5bc4de5cb390927fb4f543b7bd4d379d3ddb1d8c7193a3fd8d1c
UniProtKB:F4KFS7	proteintraitsmech:B16	OK	4.010563275351086	bit	3e45d98cd9a749c6a54e07776762440862012123c9dfd30aead584345bddc140	ptm-observation:31686fcc08b3c9b66a4218ee93b03036fa66f52f568c6f7a193606bb0272b12a
UniProtKB:F4KFS7	proteintraitsmech:B22	OK	0.48363636363636364	1	3e45d98cd9a749c6a54e07776762440862012123c9dfd30aead584345bddc140	ptm-observation:3203b435482b1996acfc8177b00ba95a720a95cf2dfb58eb9c789f8e4c668b46
UniProtKB:G5EC37	proteintraitsmech:B01	OK	-16.409746257952307	e	6adde00909e864ea75e7fa879a2b0b1b9260395ab11ace1c0bf82ee8aed13253	ptm-observation:7d293b4c1504c5c79e8d05561bd1cd2cc21334a7782bde24721eb8066d5c5fbb
UniProtKB:G5EC37	proteintraitsmech:B02	OK	5.472348630428314	pH	6adde00909e864ea75e7fa879a2b0b1b9260395ab11ace1c0bf82ee8aed13253	ptm-observation:9de7d7d2d2b43c53153ca7b981e982ac217ac5c83e921eeb14c4f2fd5a9db975
UniProtKB:G5EC37	proteintraitsmech:B03	OK	0.1339031339031339	1	6adde00909e864ea75e7fa879a2b0b1b9260395ab11ace1c0bf82ee8aed13253	ptm-observation:312e0eaa5ed02b373802872be52734baf6ce15052fcad6860ce34ca6378a97db
UniProtKB:G5EC37	proteintraitsmech:B04	OK	0.1581196581196581	1	6adde00909e864ea75e7fa879a2b0b1b9260395ab11ace1c0bf82ee8aed13253	ptm-observation:8cfa9e4ae4dbcf0bd8d4f7558a9f547b56b6ea775a9cf2ed804d11dd566ba3d8
UniProtKB:G5EC37	proteintraitsmech:B05	OK	0.292022792022792	1	6adde00909e864ea75e7fa879a2b0b1b9260395ab11ace1c0bf82ee8aed13253	ptm-observation:34d3453f4436217d689497d64d847ee74c19bce9985404996f6abf5d1aed111d
UniProtKB:G5EC37	proteintraitsmech:B06	OK	0.8641564390446285	1	6adde00909e864ea75e7fa879a2b0b1b9260395ab11ace1c0bf82ee8aed13253	ptm-observation:e0d625ba9a3c723037ff0bf30f24f85261e5a61e3b52390c66cfb6ec5e493a9f
UniProtKB:G5EC37	proteintraitsmech:B08	OK	-0.6695156695156695	1	6adde00909e864ea75e7fa879a2b0b1b9260395ab11ace1c0bf82ee8aed13253	ptm-observation:47426948e997799e82223f2acca153ce40c3fe8a586a2aa81bd01176af794ebe
UniProtKB:G5EC37	proteintraitsmech:B09	OK		1	6adde00909e864ea75e7fa879a2b0b1b9260395ab11ace1c0bf82ee8aed13253	ptm-observation:8086d73e8892f60751cc493e128589a23c9db7c01d156d48df18ba1a7bd57f77
UniProtKB:G5EC37	proteintraitsmech:B10	OK		1	6adde00909e864ea75e7fa879a2b0b1b9260395ab11ace1c0bf82ee8aed13253	ptm-observation:92e5788e9ad18bb3dce94ea6c234823b8cb3e0185e5e0a1e5a18101badd55d62
UniProtKB:G5EC37	proteintraitsmech:B13	OK		1	6adde00909e864ea75e7fa879a2b0b1b9260395ab11ace1c0bf82ee8aed13253	ptm-observation:1b8677d530d2dd9c77583e3de4f590c1ca6753d1c30d38f52c7204affbe4c0f2
UniProtKB:G5EC37	proteintraitsmech:B16	OK	4.145590331805844	bit	6adde00909e864ea75e7fa879a2b0b1b9260395ab11ace1c0bf82ee8aed13253	ptm-observation:01f1779e935a63b8c89f55810f1fb89ede99ec42bc02a3a56ea3d2c902ef4d98
UniProtKB:G5EC37	proteintraitsmech:B22	OK	0.3190883190883191	1	6adde00909e864ea75e7fa879a2b0b1b9260395ab11ace1c0bf82ee8aed13253	ptm-observation:edf2220d7ab20f64893e2cbea988be08d12f8eb3e6e5f3062a5a6dc148a6d63a
UniProtKB:G5EFD2	proteintraitsmech:B01	OK	12.381742550476188	e	7a53874e35f9d7201fa9829a71cb8a052aae28239fd74e9e942ed74fffb414d3	ptm-observation:693054b4b148804da1b5730fa9be832315fbf35fd096cd8dfaa18c36d13dae3d
UniProtKB:G5EFD2	proteintraitsmech:B02	OK	8.842622697353363	pH	7a53874e35f9d7201fa9829a71cb8a052aae28239fd74e9e942ed74fffb414d3	ptm-observation:a70b90c91416f4a1a1f2f3b4eb52a63457257dab072b6cdd850ea092d958cff2
UniProtKB:G5EFD2	proteintraitsmech:B03	OK	0.11673151750972763	1	7a53874e35f9d7201fa9829a71cb8a052aae28239fd74e9e942ed74fffb414d3	ptm-observation:b69a0c48ba83fa33b9c9bfaf158f2bf6f02a63c8abca0da984df306c1118f48f
UniProtKB:G5EFD2	proteintraitsmech:B04	OK	0.10246433203631647	1	7a53874e35f9d7201fa9829a71cb8a052aae28239fd74e9e942ed74fffb414d3	ptm-observation:5fd0af4551dce738d09f36835431b0bba59e5bb0450bfa1adb062aed72edda49
UniProtKB:G5EFD2	proteintraitsmech:B05	OK	0.2191958495460441	1	7a53874e35f9d7201fa9829a71cb8a052aae28239fd74e9e942ed74fffb414d3	ptm-observation:8296dd8eb45e3a41daef636503d7b9bcc7924e40c758ee4b6da25171abf255ec
UniProtKB:G5EFD2	proteintraitsmech:B06	OK	-0.5950343399351412	1	7a53874e35f9d7201fa9829a71cb8a052aae28239fd74e9e942ed74fffb414d3	ptm-observation:27802afc4ee6bce1c503b4d4add40e237865147b82b6f350c020a619fd923764
UniProtKB:G5EFD2	proteintraitsmech:B08	OK	-0.4348897535667964	1	7a53874e35f9d7201fa9829a71cb8a052aae28239fd74e9e942ed74fffb414d3	ptm-observation:a6dc07444d5dd269f8d84c7b915f4ad726eb79a2cbb3175363ccba14022547ac
UniProtKB:G5EFD2	proteintraitsmech:B09	OK		1	7a53874e35f9d7201fa9829a71cb8a052aae28239fd74e9e942ed74fffb414d3	ptm-observation:6f6936a937bf3b3e15a8164afed32f32f38287ebc5722c53232a019117814d89
UniProtKB:G5EFD2	proteintraitsmech:B10	OK		1	7a53874e35f9d7201fa9829a71cb8a052aae28239fd74e9e942ed74fffb414d3	ptm-observation:e1c1eaafe5335e32e785f56ef0179bd8f5391bbbdb3e026e45606c5096b991ed
UniProtKB:G5EFD2	proteintraitsmech:B13	OK		1	7a53874e35f9d7201fa9829a71cb8a052aae28239fd74e9e942ed74fffb414d3	ptm-observation:b5c02fa80ef588f3227624502f020711338d5a81227e68ac0c31cae4ef1fb5c1
UniProtKB:G5EFD2	proteintraitsmech:B16	OK	4.19232432884493	bit	7a53874e35f9d7201fa9829a71cb8a052aae28239fd74e9e942ed74fffb414d3	ptm-observation:86a99bdc6569463985bada4699368c224c8e97195871ccc41d74343fbe66cb60
UniProtKB:G5EFD2	proteintraitsmech:B22	OK	0.3437094682230869	1	7a53874e35f9d7201fa9829a71cb8a052aae28239fd74e9e942ed74fffb414d3	ptm-observation:40f29d75e60c9f73047de3caa59834cc95043d7fcee249f97d7ddd04a1aae2af
UniProtKB:O00746	proteintraitsmech:B01	OK	7.126619494569217	e	e8cbc3d40be6e66334c848086801ab608348f2c166fc65dde8596f3c65a20970	ptm-observation:ebf9b0e7993fc337b30ecd6576826edd8396d16f5286a136d1c4fe5f6862d0f7
UniProtKB:O00746	proteintraitsmech:B02	OK	10.298766672611237	pH	e8cbc3d40be6e66334c848086801ab608348f2c166fc65dde8596f3c65a20970	ptm-observation:c2046e11855735599474c48ece69d4e27f02308e88658d4d24ad1a9cef147dfb
UniProtKB:O00746	proteintraitsmech:B03	OK	0.12299465240641712	1	e8cbc3d40be6e66334c848086801ab608348f2c166fc65dde8596f3c65a20970	ptm-observation:43dfdf057a87e85dcf0c7cc7772bdf7e26a2323eb930ca12e531f644291440e3
UniProtKB:O00746	proteintraitsmech:B04	OK	0.0855614973262032	1	e8cbc3d40be6e66334c848086801ab608348f2c166fc65dde8596f3c65a20970	ptm-observation:9c72138ca8ca52066ecf2462cb86576943b13fa4c0ce1e06be58a2dfa280bc66
UniProtKB:O00746	proteintraitsmech:B05	OK	0.20855614973262032	1	e8cbc3d40be6e66334c848086801ab608348f2c166fc65dde8596f3c65a20970	ptm-observation:dc02bf776c8953b721ec20a3fc44e865a09af1cfe1b34f3bdc31ac1d5cccf9ec
UniProtKB:O00746	proteintraitsmech:B06	OK	-0.8355686340799363	1	e8cbc3d40be6e66334c848086801ab608348f2c166fc65dde8596f3c65a20970	ptm-observation:2007e0e820a4c4fb39f5ef0bfeeff08ed00a579093a859412660db44d5153f2a
UniProtKB:O00746	proteintraitsmech:B08	OK	-0.25775401069518716	1	e8cbc3d40be6e66334c848086801ab608348f2c166fc65dde8596f3c65a20970	ptm-observation:c6241b006143f1cf4b0ff78ca3ad222e54a5494b2bb145793ba5f136109e71cd
UniProtKB:O00746	proteintraitsmech:B09	OK		1	e8cbc3d40be6e66334c848086801ab608348f2c166fc65dde8596f3c65a20970	ptm-observation:6d8caa7ed983d64d6e34eeac751816c62deca2a2b6c9c749d52a7fe916704584
UniProtKB:O00746	proteintraitsmech:B10	OK		1	e8cbc3d40be6e66334c848086801ab608348f2c166fc65dde8596f3c65a20970	ptm-observation:cbc0492daaad8f956b39d7d0ebf30e338b6287d8454a2fada6cdab89b30644eb
UniProtKB:O00746	proteintraitsmech:B13	OK		1	e8cbc3d40be6e66334c848086801ab608348f2c166fc65dde8596f3c65a20970	ptm-observation:178a07f674576e5182e7ff5fd76effdf8931e2633e58107856486de0b6074c4e
UniProtKB:O00746	proteintraitsmech:B16	OK	4.030288196689739	bit	e8cbc3d40be6e66334c848086801ab608348f2c166fc65dde8596f3c65a20970	ptm-observation:ede9d232edfcb06c88d7f7352b3d427ea64e985fdbfa0d15042106eb01881c89
UniProtKB:O00746	proteintraitsmech:B22	OK	0.19786096256684493	1	e8cbc3d40be6e66334c848086801ab608348f2c166fc65dde8596f3c65a20970	ptm-observation:7a1b37ac7341ee8c67627ec480c2649f1a29e51b954c713ce9f76aa818ec32aa
UniProtKB:O04130	proteintraitsmech:B01	OK	-6.754186915808278	e	0424465e822fd7a94a631a0479a415688966e69e657a05bc5b7f8eb1a169dfac	ptm-observation:accccef8856e1de17c3569705335a52a6bf3637521a9f069a36b3af06f297fe4
UniProtKB:O04130	proteintraitsmech:B02	OK	5.809897243976593	pH	0424465e822fd7a94a631a0479a415688966e69e657a05bc5b7f8eb1a169dfac	ptm-observation:bcb092eea35bb189137befe324ed22fe473d74d9335f9489f6db085fd78a032a
UniProtKB:O04130	proteintraitsmech:B03	OK	0.11057692307692307	1	0424465e822fd7a94a631a0479a415688966e69e657a05bc5b7f8eb1a169dfac	ptm-observation:7e4490a6953d0c920e72a1e3ff2785e36d80f685f6e51b709aced1a71ae4e7b1
UniProtKB:O04130	proteintraitsmech:B04	OK	0.12179487179487179	1	0424465e822fd7a94a631a0479a415688966e69e657a05bc5b7f8eb1a169dfac	ptm-observation:2b531528e6ab9511ffc0b1114b3a7b64a6024fb911a8c8943e1b3d4d9f7071ab
UniProtKB:O04130	proteintraitsmech:B05	OK	0.23237179487179488	1	0424465e822fd7a94a631a0479a415688966e69e657a05bc5b7f8eb1a169dfac	ptm-observation:49ce9278db50127e7520f4967944b3f732826bcdc4f48596634afe488e97f305
UniProtKB:O04130	proteintraitsmech:B06	OK	-1.214327317393114	1	0424465e822fd7a94a631a0479a415688966e69e657a05bc5b7f8eb1a169dfac	ptm-observation:91d8437ec3fd770d94ce592b49ae9f3a15e660cdeb17fb1a9c4d4384885095a2
UniProtKB:O04130	proteintraitsmech:B08	OK	0.022596153846153846	1	0424465e822fd7a94a631a0479a415688966e69e657a05bc5b7f8eb1a169dfac	ptm-observation:0e7f2deeedbc0cec1606eb6eacd059d0ed81bf6d44f9e7e48ccd7a26e91baa41
UniProtKB:O04130	proteintraitsmech:B09	OK		1	0424465e822fd7a94a631a0479a415688966e69e657a05bc5b7f8eb1a169dfac	ptm-observation:eab282034684f860f951dff38fba013d65aa8513416d57815b86d367191095e8
UniProtKB:O04130	proteintraitsmech:B10	OK		1	0424465e822fd7a94a631a0479a415688966e69e657a05bc5b7f8eb1a169dfac	ptm-observation:719782de129d101a09861395d6eb3d3cbe1f491745f9e1ab3226e8669c87cc97
UniProtKB:O04130	proteintraitsmech:B13	OK		1	0424465e822fd7a94a631a0479a415688966e69e657a05bc5b7f8eb1a169dfac	ptm-observation:06876768956ed51575f466b4db14af3a3d53fb2582965b79bd53223516ee597d
UniProtKB:O04130	proteintraitsmech:B16	OK	4.015760550250002	bit	0424465e822fd7a94a631a0479a415688966e69e657a05bc5b7f8eb1a169dfac	ptm-observation:c061099ebea9c5f851cb50bc0ff0da51f616241a98ec4d2da8d4f73acb65d997
UniProtKB:O04130	proteintraitsmech:B22	OK	0.1233974358974359	1	0424465e822fd7a94a631a0479a415688966e69e657a05bc5b7f8eb1a169dfac	ptm-observation:c0d77fcfc63ee4b1a49a721327299c80665a1453ff96c6912a9a11a887627117
UniProtKB:O08808	proteintraitsmech:B01	OK	-26.77409871684972	e	df7a9889cbbb2e62acf708eb0ce54b03a54450431bc52a3adc2875afed64f246	ptm-observation:85304c9c5d87e9b684ed6b44355b3f78d6228a722623d7c3cb03f900a5b91701
UniProtKB:O08808	proteintraitsmech:B02	OK	5.43319970369339	pH	df7a9889cbbb2e62acf708eb0ce54b03a54450431bc52a3adc2875afed64f246	ptm-observation:6105b455e6cec50d3f8bad88b012069d725bcb2c98c7b3168b180739b15d4d0b
UniProtKB:O08808	proteintraitsmech:B03	OK	0.12749003984063745	1	df7a9889cbbb2e62acf708eb0ce54b03a54450431bc52a3adc2875afed64f246	ptm-observation:8a4eeea7ce83b03b52d75a4f62399b329f1a805526fbc7707dd9a7211be7ad13
UniProtKB:O08808	proteintraitsmech:B04	OK	0.149800796812749	1	df7a9889cbbb2e62acf708eb0ce54b03a54450431bc52a3adc2875afed64f246	ptm-observation:90c9817c2dd529cd9c00b9941686f90935eb83b8b80ada98d77b5e7f2700c115
UniProtKB:O08808	proteintraitsmech:B05	OK	0.27729083665338644	1	df7a9889cbbb2e62acf708eb0ce54b03a54450431bc52a3adc2875afed64f246	ptm-observation:3cc0bda7eecba10155d41a1471fd8d13c0f03d10f7964f1a9854c04a6afa0bbf
UniProtKB:O08808	proteintraitsmech:B06	OK	1.5498324440400717	1	df7a9889cbbb2e62acf708eb0ce54b03a54450431bc52a3adc2875afed64f246	ptm-observation:cef0d10b81c92f359e1875d4df22423450972008730fc2cd17e5259838485692
UniProtKB:O08808	proteintraitsmech:B08	OK	-0.5050199203187251	1	df7a9889cbbb2e62acf708eb0ce54b03a54450431bc52a3adc2875afed64f246	ptm-observation:dbce5ecc8b49f8ebc859f66b2b0b1c33bf036336fa822d39cd5fc54a7c414998
UniProtKB:O08808	proteintraitsmech:B09	OK		1	df7a9889cbbb2e62acf708eb0ce54b03a54450431bc52a3adc2875afed64f246	ptm-observation:58c225f7279311d6cd1b1865cdcd54ae6658904eb2a5127a0793a5db0c3dcb94
UniProtKB:O08808	proteintraitsmech:B10	OK		1	df7a9889cbbb2e62acf708eb0ce54b03a54450431bc52a3adc2875afed64f246	ptm-observation:a09ba4b282464e880df71e34bfbd7e0f9f8611f0ba9a7174276f57cc89a234c4
UniProtKB:O08808	proteintraitsmech:B13	OK		1	df7a9889cbbb2e62acf708eb0ce54b03a54450431bc52a3adc2875afed64f246	ptm-observation:887943b97735b85f0c6aa78c6ffd44bab24ba588dc45832ccb58048de1f84e43
UniProtKB:O08808	proteintraitsmech:B16	OK	4.048233641891926	bit	df7a9889cbbb2e62acf708eb0ce54b03a54450431bc52a3adc2875afed64f246	ptm-observation:b30a0256311b9b97c89e2483e13e624347b84277eadbb882d5cb383cc368a928
UniProtKB:O08808	proteintraitsmech:B22	OK	0.3243027888446215	1	df7a9889cbbb2e62acf708eb0ce54b03a54450431bc52a3adc2875afed64f246	ptm-observation:3e0bed028cfa53f94f48beb4c95b443a4f2958a639c3fd4f65d07fa247af6c09
UniProtKB:O13297	proteintraitsmech:B01	OK	-13.540028424412329	e	faf9e53b574f9c2ee4050b9d3c04dc4a6fb02e88d0ee8edb5884616236a9c4a8	ptm-observation:136664d5b4c95c8b8355d3351838ab9d05e2de7440780a10e8e8a0e6002d6ea2
UniProtKB:O13297	proteintraitsmech:B02	OK	5.410705864429474	pH	faf9e53b574f9c2ee4050b9d3c04dc4a6fb02e88d0ee8edb5884616236a9c4a8	ptm-observation:62943eb8fba2a0ab666a5a75d00c7ae2e41ae7f2860aaa221da09df796226e66
UniProtKB:O13297	proteintraitsmech:B03	OK	0.13296903460837886	1	faf9e53b574f9c2ee4050b9d3c04dc4a6fb02e88d0ee8edb5884616236a9c4a8	ptm-observation:298e48569b35fb5a077baa353ea47b626aec8feb8c839b4b634fffe946b48a43
UniProtKB:O13297	proteintraitsmech:B04	OK	0.15846994535519127	1	faf9e53b574f9c2ee4050b9d3c04dc4a6fb02e88d0ee8edb5884616236a9c4a8	ptm-observation:34b0deaf1d7791c3283d75de945f9e276f5eacf4559f7aa043f6560c48988738
UniProtKB:O13297	proteintraitsmech:B05	OK	0.29143897996357016	1	faf9e53b574f9c2ee4050b9d3c04dc4a6fb02e88d0ee8edb5884616236a9c4a8	ptm-observation:291157d5d1025530685a5184126ce7309e07be1d04e05e7d8efb5906def402ae
UniProtKB:O13297	proteintraitsmech:B06	OK	-0.3577071818285569	1	faf9e53b574f9c2ee4050b9d3c04dc4a6fb02e88d0ee8edb5884616236a9c4a8	ptm-observation:76b20844b25b7721d01cc624f40a8cd858fb8fe952c24ac5b9f53d6949f25590
UniProtKB:O13297	proteintraitsmech:B08	OK	-0.840983606557377	1	faf9e53b574f9c2ee4050b9d3c04dc4a6fb02e88d0ee8edb5884616236a9c4a8	ptm-observation:5049fc9c5ff55b5565ca7867af36f43f48277fa2faecd5e57fbae92267512f66
UniProtKB:O13297	proteintraitsmech:B09	OK		1	faf9e53b574f9c2ee4050b9d3c04dc4a6fb02e88d0ee8edb5884616236a9c4a8	ptm-observation:fb9237f4ce40586465184e490ee2f11e0a3ff7b5f4dc7ef9cf7a9caee208936c
UniProtKB:O13297	proteintraitsmech:B10	OK		1	faf9e53b574f9c2ee4050b9d3c04dc4a6fb02e88d0ee8edb5884616236a9c4a8	ptm-observation:45969abaa3a7dcb8a8a3c3e00df5841f0a4601e7836e3c67d33a70978ad52260
UniProtKB:O13297	proteintraitsmech:B13	OK		1	faf9e53b574f9c2ee4050b9d3c04dc4a6fb02e88d0ee8edb5884616236a9c4a8	ptm-observation:070bca24b104f9b953c27d091d81957414468472907100a29ebea69d1b24c23f
UniProtKB:O13297	proteintraitsmech:B16	OK	4.059303146077078	bit	faf9e53b574f9c2ee4050b9d3c04dc4a6fb02e88d0ee8edb5884616236a9c4a8	ptm-observation:96d4c6f8cbac7b3a0440476860d4d1a349a051c7adf9cfce0373d488de17a35f
UniProtKB:O13297	proteintraitsmech:B22	OK	0.517304189435337	1	faf9e53b574f9c2ee4050b9d3c04dc4a6fb02e88d0ee8edb5884616236a9c4a8	ptm-observation:c6bf55d0b267649f4a1eef877cad93419b2ffcae1690ae34d3aa5186af7fe410
UniProtKB:O14464	proteintraitsmech:B01	OK	17.624131853606304	e	9133b8cf8d2d3b9b17aa2556c7f91f81eb5e24dcf78cfec1fa5f703b0c9397c0	ptm-observation:8f2c6387b40c50d6b26e6e94a1da3abe564a8338d6f00f522f7289a4bdee6263
UniProtKB:O14464	proteintraitsmech:B02	OK	11.284222304821014	pH	9133b8cf8d2d3b9b17aa2556c7f91f81eb5e24dcf78cfec1fa5f703b0c9397c0	ptm-observation:36af861abfcdb6a8b643e84dd5b3007dfabe7f33102e1846e78045dacf330fad
UniProtKB:O14464	proteintraitsmech:B03	OK	0.20430107526881722	1	9133b8cf8d2d3b9b17aa2556c7f91f81eb5e24dcf78cfec1fa5f703b0c9397c0	ptm-observation:8345cfc0a12493369c490ce98ad35dd081f479c888be3ba859e118f637663fdb
UniProtKB:O14464	proteintraitsmech:B04	OK	0.010752688172043012	1	9133b8cf8d2d3b9b17aa2556c7f91f81eb5e24dcf78cfec1fa5f703b0c9397c0	ptm-observation:234d497dce455e0a8f6d4577e656bbb4e249cdabe76bab4a5522233d4f99e7fd
UniProtKB:O14464	proteintraitsmech:B05	OK	0.21505376344086022	1	9133b8cf8d2d3b9b17aa2556c7f91f81eb5e24dcf78cfec1fa5f703b0c9397c0	ptm-observation:e3730ace144cb1e23c45adf8461ab88ab0394b860258177e1cf79dfba7e2b8b6
UniProtKB:O14464	proteintraitsmech:B06	OK	8.404315033576337	1	9133b8cf8d2d3b9b17aa2556c7f91f81eb5e24dcf78cfec1fa5f703b0c9397c0	ptm-observation:30caad978fd081419ff879049b01a69b53f5bbf38df12b5581462896f6160030
UniProtKB:O14464	proteintraitsmech:B08	OK	-0.17311827956989248	1	9133b8cf8d2d3b9b17aa2556c7f91f81eb5e24dcf78cfec1fa5f703b0c9397c0	ptm-observation:9ac738e9f202cbab0ea23188bae1c8f73ee0b3a823b7fb869a0471c70f4530a8
UniProtKB:O14464	proteintraitsmech:B09	OK		1	9133b8cf8d2d3b9b17aa2556c7f91f81eb5e24dcf78cfec1fa5f703b0c9397c0	ptm-observation:0c526c2362946207222ea76b94c0bf51ffa15d114d4ad8eb31a7b0e62111370d
UniProtKB:O14464	proteintraitsmech:B10	OK		1	9133b8cf8d2d3b9b17aa2556c7f91f81eb5e24dcf78cfec1fa5f703b0c9397c0	ptm-observation:df26fcd464463c79efa49eacb6b0e3a048f6cfb2897f043a9319e756c892bce9
UniProtKB:O14464	proteintraitsmech:B13	OK		1	9133b8cf8d2d3b9b17aa2556c7f91f81eb5e24dcf78cfec1fa5f703b0c9397c0	ptm-observation:7ad1346e7bfccdf4432bf0546df104b156d32025587be678aec190140f60a8bd
UniProtKB:O14464	proteintraitsmech:B16	OK	3.9898262205133004	bit	9133b8cf8d2d3b9b17aa2556c7f91f81eb5e24dcf78cfec1fa5f703b0c9397c0	ptm-observation:638da1a32c19a3b5788c453535021a7313fd27cac5ee2913526c45929a93e626
UniProtKB:O14464	proteintraitsmech:B22	OK	0.9032258064516129	1	9133b8cf8d2d3b9b17aa2556c7f91f81eb5e24dcf78cfec1fa5f703b0c9397c0	ptm-observation:841d62ea06f90da620875ced98ad5aff98e833d921a1b5d7df59d686777c742f
UniProtKB:O14618	proteintraitsmech:B01	OK	-10.660023258707339	e	44d801e6d70a542dfa532339915adefb0d32981ad0001bd2421b9220f8104ffc	ptm-observation:7dbc5284ea7e3891b81b37d0475ca3c1e090958409c56cc9da41acdd3a7cbdfb
UniProtKB:O14618	proteintraitsmech:B02	OK	5.3219621777534485	pH	44d801e6d70a542dfa532339915adefb0d32981ad0001bd2421b9220f8104ffc	ptm-observation:8aae4c760a5fd18da3d3c3da40906414d00dd98e88540bbd9b51c08b52d9dae1
UniProtKB:O14618	proteintraitsmech:B03	OK	0.08394160583941605	1	44d801e6d70a542dfa532339915adefb0d32981ad0001bd2421b9220f8104ffc	ptm-observation:f9c4da6c876271822048d3e32a571ff13e9516304b47b6683daf94e54a63fc84
UniProtKB:O14618	proteintraitsmech:B04	OK	0.12408759124087591	1	44d801e6d70a542dfa532339915adefb0d32981ad0001bd2421b9220f8104ffc	ptm-observation:33b89fc171d9b505da2d665583aa6b8f7600b7b7f1833d57f1e835723514188d
UniProtKB:O14618	proteintraitsmech:B05	OK	0.20802919708029197	1	44d801e6d70a542dfa532339915adefb0d32981ad0001bd2421b9220f8104ffc	ptm-observation:ec0c00f03cff1e3d2526f1d31c51675ce8d0140ba6453518b915d8237e0cbc7b
UniProtKB:O14618	proteintraitsmech:B06	OK	0.8695597320053458	1	44d801e6d70a542dfa532339915adefb0d32981ad0001bd2421b9220f8104ffc	ptm-observation:9d4e64c5c08414e1e26d5f8d7ec01eb0ba79f9c4eaeb7307a8a4446d64db07ec
UniProtKB:O14618	proteintraitsmech:B08	OK	-0.3051094890510949	1	44d801e6d70a542dfa532339915adefb0d32981ad0001bd2421b9220f8104ffc	ptm-observation:13f1a515fa9b761dfcaf9a7c7937b021bc959e2f71af7c64a1aedcedd045d563
UniProtKB:O14618	proteintraitsmech:B09	OK		1	44d801e6d70a542dfa532339915adefb0d32981ad0001bd2421b9220f8104ffc	ptm-observation:495a266304e70ee620522dbd5cc4ed21a7e84b98b3a10b9354fedf4564f21611
UniProtKB:O14618	proteintraitsmech:B10	OK		1	44d801e6d70a542dfa532339915adefb0d32981ad0001bd2421b9220f8104ffc	ptm-observation:02e3ecfe4dbd4ec2fbdeffd81444cb62350e8e0ed1321c1508db7dd6573d6923
UniProtKB:O14618	proteintraitsmech:B13	OK		1	44d801e6d70a542dfa532339915adefb0d32981ad0001bd2421b9220f8104ffc	ptm-observation:661b2544e6a11b5a69214d556ee7e1874f40e84086351bd1d440c3abc43ae154
UniProtKB:O14618	proteintraitsmech:B16	OK	4.033987674044039	bit	44d801e6d70a542dfa532339915adefb0d32981ad0001bd2421b9220f8104ffc	ptm-observation:3128f7eaa37706b26c8afa8586884951722f3cc631d7a9f81d9c87882e4e107f
UniProtKB:O14618	proteintraitsmech:B22	OK	0.16423357664233576	1	44d801e6d70a542dfa532339915adefb0d32981ad0001bd2421b9220f8104ffc	ptm-observation:7c689921032818c0db7f9814ce10e7151731e069c5a513932e514a7cb7649411
UniProtKB:O14818	proteintraitsmech:B01	OK	2.7796668303473298	e	efd4e2536795bf1eaafa6b87cbe22386e17efc2f1aef3ee8b66c0cbc282daf19	ptm-observation:3baef26417096fe18372624350f400a6b6f2b0d47035d634f2dc28ebe59559b3
UniProtKB:O14818	proteintraitsmech:B02	OK	8.596448838710785	pH	efd4e2536795bf1eaafa6b87cbe22386e17efc2f1aef3ee8b66c0cbc282daf19	ptm-observation:14bf1db8fab3f81d3953dfb5460b5d71fef9b662028f881d7e8a60f022f9c38c
UniProtKB:O14818	proteintraitsmech:B03	OK	0.16129032258064516	1	efd4e2536795bf1eaafa6b87cbe22386e17efc2f1aef3ee8b66c0cbc282daf19	ptm-observation:2d71ece80950ebc3fd85bc5d8955f44ad14c57c34594252a6c5ee3cd489248b8
UniProtKB:O14818	proteintraitsmech:B04	OK	0.14919354838709678	1	efd4e2536795bf1eaafa6b87cbe22386e17efc2f1aef3ee8b66c0cbc282daf19	ptm-observation:09ecd8d7bbc3ef67c7e72783ec29eef11b7604e57114d5eea170b35d3207b4f4
UniProtKB:O14818	proteintraitsmech:B05	OK	0.31048387096774194	1	efd4e2536795bf1eaafa6b87cbe22386e17efc2f1aef3ee8b66c0cbc282daf19	ptm-observation:ab18f6419501dd5f6190def88aae3ead5d13d35efda06872fa573430acae92c2
UniProtKB:O14818	proteintraitsmech:B06	OK	-0.5440352833203965	1	efd4e2536795bf1eaafa6b87cbe22386e17efc2f1aef3ee8b66c0cbc282daf19	ptm-observation:66f90008446aaee86266d3755bb24f5bdac0df3fa8bc02365cd6c66ad1c626f0
UniProtKB:O14818	proteintraitsmech:B08	OK	-0.432258064516129	1	efd4e2536795bf1eaafa6b87cbe22386e17efc2f1aef3ee8b66c0cbc282daf19	ptm-observation:c392d99b27c724a4a2f48251e0cd350db85a6955dbd0186968f4e66cf475063e
UniProtKB:O14818	proteintraitsmech:B09	OK		1	efd4e2536795bf1eaafa6b87cbe22386e17efc2f1aef3ee8b66c0cbc282daf19	ptm-observation:9215ed5fe79596efe42f67d3ddb78ec15f18e003a56460bf48c1396388ed6d2d
UniProtKB:O14818	proteintraitsmech:B10	OK		1	efd4e2536795bf1eaafa6b87cbe22386e17efc2f1aef3ee8b66c0cbc282daf19	ptm-observation:010934fde6f2635804c12e302fe7ce39c90c0994647f74fe6a5dbd67746532fc
UniProtKB:O14818	proteintraitsmech:B13	OK		1	efd4e2536795bf1eaafa6b87cbe22386e17efc2f1aef3ee8b66c0cbc282daf19	ptm-observation:a0c449eb17229345e69ffaa2267cdf1d2191ffae58cabecdc1e67c4cff3c10cb
UniProtKB:O14818	proteintraitsmech:B16	OK	4.05828207858116	bit	efd4e2536795bf1eaafa6b87cbe22386e17efc2f1aef3ee8b66c0cbc282daf19	ptm-observation:2a4ae203102aff17d780b79aab21485a6a89835a4be4f954084f1aa5dd7ba50e
UniProtKB:O14818	proteintraitsmech:B22	OK	0.04435483870967742	1	efd4e2536795bf1eaafa6b87cbe22386e17efc2f1aef3ee8b66c0cbc282daf19	ptm-observation:e415aeef7c7060c1e2daab20c72f89c4fc7a18799dd2c47275842bbc1f270724
UniProtKB:O15169	proteintraitsmech:B01	OK	-5.660963392133687	e	069166ab9b23c133633cd79a3de9265e79dbd00be1041856180f350bfaad8ee0	ptm-observation:af9dde13e51e752b3db6feb8493777e9660519879d96465aed89060fba43ab4a
UniProtKB:O15169	proteintraitsmech:B02	OK	6.499419033527374	pH	069166ab9b23c133633cd79a3de9265e79dbd00be1041856180f350bfaad8ee0	ptm-observation:a629d575a25ffb75588093e24981af8dfaa468522d6e76fbd189b0bb4e0c82e4
UniProtKB:O15169	proteintraitsmech:B03	OK	0.1357308584686775	1	069166ab9b23c133633cd79a3de9265e79dbd00be1041856180f350bfaad8ee0	ptm-observation:c37178b63fd9f71080ccf600bc20685a3d85e5d0f4f1852d1f05e4bd93b77066
UniProtKB:O15169	proteintraitsmech:B04	OK	0.14501160092807425	1	069166ab9b23c133633cd79a3de9265e79dbd00be1041856180f350bfaad8ee0	ptm-observation:a17f023bc9b1831070fe8c06a7e67abeaf2b17ab2acbaf06a0ae693bcf1d55e4
UniProtKB:O15169	proteintraitsmech:B05	OK	0.28074245939675174	1	069166ab9b23c133633cd79a3de9265e79dbd00be1041856180f350bfaad8ee0	ptm-observation:3266e5bf22505491d05ff9278b4b77ff752a1ba5142c958d482d5864701d09fe
UniProtKB:O15169	proteintraitsmech:B06	OK	-2.3897673060588387	1	069166ab9b23c133633cd79a3de9265e79dbd00be1041856180f350bfaad8ee0	ptm-observation:2d1fa1150cc86f8d7c42aaa9ecfa39438d60818d77beec34d1e48d923e6e5ce4
UniProtKB:O15169	proteintraitsmech:B08	OK	-0.7938515081206498	1	069166ab9b23c133633cd79a3de9265e79dbd00be1041856180f350bfaad8ee0	ptm-observation:47d07d4a7abc357494cab0bcf2f4ac48a521687658549168588561a65f5c9adf
UniProtKB:O15169	proteintraitsmech:B09	OK		1	069166ab9b23c133633cd79a3de9265e79dbd00be1041856180f350bfaad8ee0	ptm-observation:f9439a20876e819a9b8b4c1547f3eab7a562691704cb564aeae32ec780ffe1f2
UniProtKB:O15169	proteintraitsmech:B10	OK		1	069166ab9b23c133633cd79a3de9265e79dbd00be1041856180f350bfaad8ee0	ptm-observation:d63c23e0a1c2ba0fad92138070106ac1ecf7e1febb62f9ce7fb1432092acd9d8
UniProtKB:O15169	proteintraitsmech:B13	OK		1	069166ab9b23c133633cd79a3de9265e79dbd00be1041856180f350bfaad8ee0	ptm-observation:13bcae6b751705c109396436d761a42a73920259018a62f1bdffdc2bb3169a11
UniProtKB:O15169	proteintraitsmech:B16	OK	4.105516570948892	bit	069166ab9b23c133633cd79a3de9265e79dbd00be1041856180f350bfaad8ee0	ptm-observation:9360d174f007bd149d3b017367cdeb2f8c0028516d5b4ec9e36afcef22ec9561
UniProtKB:O15169	proteintraitsmech:B22	OK	0.7424593967517401	1	069166ab9b23c133633cd79a3de9265e79dbd00be1041856180f350bfaad8ee0	ptm-observation:aa9275dcb99e7cedde1da1681e153361d63576c1fd150599253b12b1478ff39c
UniProtKB:O22213	proteintraitsmech:B01	OK	17.06088322243555	e	30a28f7cc4e762d9cef34d0d46df2fba2af12e07162e91daf96dc89a35ccaeca	ptm-observation:54e4d7dcdc1beee7821df2ddb2df97ae79a4ffb0b3407a708a7306921fc9ffe8
UniProtKB:O22213	proteintraitsmech:B02	OK	9.372081577777863	pH	30a28f7cc4e762d9cef34d0d46df2fba2af12e07162e91daf96dc89a35ccaeca	ptm-observation:eafc0d4a32af403375b681d84f00110a84589d13c868f0731babf401d591dbb1
UniProtKB:O22213	proteintraitsmech:B03	OK	0.11130434782608696	1	30a28f7cc4e762d9cef34d0d46df2fba2af12e07162e91daf96dc89a35ccaeca	ptm-observation:6c3521fe0c80f6559360c521e1c7441aeea266807458b334393c348a8d3c82a3
UniProtKB:O22213	proteintraitsmech:B04	OK	0.08347826086956522	1	30a28f7cc4e762d9cef34d0d46df2fba2af12e07162e91daf96dc89a35ccaeca	ptm-observation:36d5f8633bd6278a9f9bb1a6c1e1927969334eeb1b9ec27d0179b7cd1f80e38f
UniProtKB:O22213	proteintraitsmech:B05	OK	0.19478260869565217	1	30a28f7cc4e762d9cef34d0d46df2fba2af12e07162e91daf96dc89a35ccaeca	ptm-observation:c5769d41e1381e3a23aa25880ba2f956beab252b65bc433cc8dbfe8a8bc403df
UniProtKB:O22213	proteintraitsmech:B06	OK	2.2304742284424504	1	30a28f7cc4e762d9cef34d0d46df2fba2af12e07162e91daf96dc89a35ccaeca	ptm-observation:132b535d712ddfccf9bd951f425e2b2dc396dafdb8d2dc99cd1d2a070a8332db
UniProtKB:O22213	proteintraitsmech:B08	OK	-0.29495652173913045	1	30a28f7cc4e762d9cef34d0d46df2fba2af12e07162e91daf96dc89a35ccaeca	ptm-observation:76729b24a0cedfc182d53c0d38b8415a10a46077eeb4d91f1ff8a890c7908a32
UniProtKB:O22213	proteintraitsmech:B09	OK		1	30a28f7cc4e762d9cef34d0d46df2fba2af12e07162e91daf96dc89a35ccaeca	ptm-observation:d978ac9323412b97c556aa17683203c2ae64a66ba52c3b21255ec875fe20ec99
UniProtKB:O22213	proteintraitsmech:B10	OK		1	30a28f7cc4e762d9cef34d0d46df2fba2af12e07162e91daf96dc89a35ccaeca	ptm-observation:f0fa9ebbde0b21171c5be608735b3dedeefd8094c6d1845e6e3d8d40c8cd41b1
UniProtKB:O22213	proteintraitsmech:B13	OK		1	30a28f7cc4e762d9cef34d0d46df2fba2af12e07162e91daf96dc89a35ccaeca	ptm-observation:e702b6b5f1d2d1ba8e071c90b61930e679d578708a905923a0abca56abb7b442
UniProtKB:O22213	proteintraitsmech:B16	OK	4.149581970913546	bit	30a28f7cc4e762d9cef34d0d46df2fba2af12e07162e91daf96dc89a35ccaeca	ptm-observation:24695b37d2bb708d1ab52de4777f6eaa967b04717ce917f160447d6c89f5fee1
UniProtKB:O22213	proteintraitsmech:B22	OK	0.14956521739130435	1	30a28f7cc4e762d9cef34d0d46df2fba2af12e07162e91daf96dc89a35ccaeca	ptm-observation:9f70097106d73561bb89ceb0a2caa73b8eff293d9e6c32ac753e10e91889ccac
UniProtKB:O22765	proteintraitsmech:B01	OK	-3.211072740098716	e	fc5d9f0294451859bc443ae0146bdafb424994b75cd9afb22e3ba87060efdf46	ptm-observation:5bad88e4c862d74d5cdae836d07f4d685d861f82d262196e50851d24f9e9f66b
UniProtKB:O22765	proteintraitsmech:B02	OK	5.764657557010651	pH	fc5d9f0294451859bc443ae0146bdafb424994b75cd9afb22e3ba87060efdf46	ptm-observation:1a9066dd948cd1144a51e14164525c93c8b9ee7c0ef3c3ba5fd140ddc4965248
UniProtKB:O22765	proteintraitsmech:B03	OK	0.10181818181818182	1	fc5d9f0294451859bc443ae0146bdafb424994b75cd9afb22e3ba87060efdf46	ptm-observation:56b3e6e64db825688b7a5a31a21144552805327654e14c4e467a3ed272b6aa7e
UniProtKB:O22765	proteintraitsmech:B04	OK	0.11272727272727273	1	fc5d9f0294451859bc443ae0146bdafb424994b75cd9afb22e3ba87060efdf46	ptm-observation:210d344fcfdbedfd449d421bcbad91275ea4713b5698dad8c3abf22bba5d6f11
UniProtKB:O22765	proteintraitsmech:B05	OK	0.21454545454545454	1	fc5d9f0294451859bc443ae0146bdafb424994b75cd9afb22e3ba87060efdf46	ptm-observation:f748941d4ff80a18f6036b01da00cc408440d51ec2ccce99e366309764f91c6c
UniProtKB:O22765	proteintraitsmech:B06	OK	-0.30761596497760435	1	fc5d9f0294451859bc443ae0146bdafb424994b75cd9afb22e3ba87060efdf46	ptm-observation:e56f2b0aa883b77eb8e1974bbb4a86f21b33a3a751350257bee5dbbe3ad293d5
UniProtKB:O22765	proteintraitsmech:B08	OK	0.028727272727272716	1	fc5d9f0294451859bc443ae0146bdafb424994b75cd9afb22e3ba87060efdf46	ptm-observation:38385ef0cba3d5de9c168512b1648bb19eff97ef34b779b77f35711264db9dc9
UniProtKB:O22765	proteintraitsmech:B09	OK		1	fc5d9f0294451859bc443ae0146bdafb424994b75cd9afb22e3ba87060efdf46	ptm-observation:08b63c324b818fd63378786722c304b8e0a305ba2d8d7cb6dbfd17d5430b0bca
UniProtKB:O22765	proteintraitsmech:B10	OK		1	fc5d9f0294451859bc443ae0146bdafb424994b75cd9afb22e3ba87060efdf46	ptm-observation:dfddd008e77977e904201357f49f6d5618160a922c93f4f34b33fb67c8be9471
UniProtKB:O22765	proteintraitsmech:B13	OK		1	fc5d9f0294451859bc443ae0146bdafb424994b75cd9afb22e3ba87060efdf46	ptm-observation:6e16b802acd4cd7f9b95fe63a46dbdfb15b896c129aa02cda3a9ce7f965dd572
UniProtKB:O22765	proteintraitsmech:B16	OK	4.008192257474052	bit	fc5d9f0294451859bc443ae0146bdafb424994b75cd9afb22e3ba87060efdf46	ptm-observation:9e859d520cb50d900ec11f98b34c66a671e99a90ab1dad9613e2c21cb16d5105
UniProtKB:O22765	proteintraitsmech:B22	OK	0.025454545454545455	1	fc5d9f0294451859bc443ae0146bdafb424994b75cd9afb22e3ba87060efdf46	ptm-observation:f75df3c9c59197499a403f7014c7f57293f6a364602c76e711e0658208224428
UniProtKB:O22832	proteintraitsmech:B01	OK	-4.672227682326566	e	8ea63f58e45e182a578bc7035103864fdbf38442b9479bacef3509f6e7476b14	ptm-observation:7e8fcb0fe18048ebb5dfa3da7d27fd3fad1f5c2922fbbd5fdcfec3463ed3a4c1
UniProtKB:O22832	proteintraitsmech:B02	OK	6.051391422748566	pH	8ea63f58e45e182a578bc7035103864fdbf38442b9479bacef3509f6e7476b14	ptm-observation:70fad4d36a4393caa8b2864b89bb8b7f8f67699c6e72eb1112f3d2bc3d5d5412
UniProtKB:O22832	proteintraitsmech:B03	OK	0.12718204488778054	1	8ea63f58e45e182a578bc7035103864fdbf38442b9479bacef3509f6e7476b14	ptm-observation:203cd725bedbee67ca22625f443ede2ff51ef778b5f158512dc245c54d9a6679
UniProtKB:O22832	proteintraitsmech:B04	OK	0.1396508728179551	1	8ea63f58e45e182a578bc7035103864fdbf38442b9479bacef3509f6e7476b14	ptm-observation:cf0bb92b76f8e058b1209f868adbecbce5a5e2009d551fa8c6ded45c0d404576
UniProtKB:O22832	proteintraitsmech:B05	OK	0.26683291770573564	1	8ea63f58e45e182a578bc7035103864fdbf38442b9479bacef3509f6e7476b14	ptm-observation:90743f32b762519eda5e51d55ee605c62731e38012e8bfbb4c7976258a6afe09
UniProtKB:O22832	proteintraitsmech:B06	OK	-1.6528773846736893	1	8ea63f58e45e182a578bc7035103864fdbf38442b9479bacef3509f6e7476b14	ptm-observation:14a319f0b47f5bab0fca63852a28221adb6dec5b2be8555d1f881d3896ec5591
UniProtKB:O22832	proteintraitsmech:B08	OK	-0.5324189526184538	1	8ea63f58e45e182a578bc7035103864fdbf38442b9479bacef3509f6e7476b14	ptm-observation:0505fec48dd23fa27802342df91848a0aae4b309b5717a6d75e7f2f5e2159670
UniProtKB:O22832	proteintraitsmech:B09	OK		1	8ea63f58e45e182a578bc7035103864fdbf38442b9479bacef3509f6e7476b14	ptm-observation:f496488036ff142ad1e668cfd4b53c4d4204034b7b5045fab45d80c1a94eba88
UniProtKB:O22832	proteintraitsmech:B10	OK		1	8ea63f58e45e182a578bc7035103864fdbf38442b9479bacef3509f6e7476b14	ptm-observation:52bc29ff20161f518a537988596f1376ef6956d64c80380c291799ee641aeb4b
UniProtKB:O22832	proteintraitsmech:B13	OK		1	8ea63f58e45e182a578bc7035103864fdbf38442b9479bacef3509f6e7476b14	ptm-observation:78971ab5c501b8ffdc893e4081af1dd317367998b34224cacc51054458c1370a
UniProtKB:O22832	proteintraitsmech:B16	OK	4.179345790333088	bit	8ea63f58e45e182a578bc7035103864fdbf38442b9479bacef3509f6e7476b14	ptm-observation:ed752fdbdb2be10c7112e85ee5f231f0a379a051174f8ad3b350724504aac840
UniProtKB:O22832	proteintraitsmech:B22	OK	0.14214463840399003	1	8ea63f58e45e182a578bc7035103864fdbf38442b9479bacef3509f6e7476b14	ptm-observation:e827aa814834eb439e2873b5e7b0cdf648905a0a39a5f0df00f33677a6b1c0ca
UniProtKB:O23255	proteintraitsmech:B01	OK	-9.569836164495579	e	47919566ec64b5fe821b7901ef945c91a9c978b1e9ca4cc351452b5559ae1eb4	ptm-observation:ed81317715ebfaec0af0d43bc046251d1b57d886996f37d687438b9cfd3b0d5a
UniProtKB:O23255	proteintraitsmech:B02	OK	5.663636386394501	pH	47919566ec64b5fe821b7901ef945c91a9c978b1e9ca4cc351452b5559ae1eb4	ptm-observation:7a08c6698915033554cde465d4ae6ebbd812d254bcedbaf60ea233a622fbb96b
UniProtKB:O23255	proteintraitsmech:B03	OK	0.10721649484536082	1	47919566ec64b5fe821b7901ef945c91a9c978b1e9ca4cc351452b5559ae1eb4	ptm-observation:db3256c687b3606656e868f976a6929c55373d48e448d2d27043949d1695600d
UniProtKB:O23255	proteintraitsmech:B04	OK	0.12783505154639174	1	47919566ec64b5fe821b7901ef945c91a9c978b1e9ca4cc351452b5559ae1eb4	ptm-observation:7fc9278e95386289dc40f5e413f9fe828a5332a17c1790c887f5b928d71a4dd3
UniProtKB:O23255	proteintraitsmech:B05	OK	0.23505154639175257	1	47919566ec64b5fe821b7901ef945c91a9c978b1e9ca4cc351452b5559ae1eb4	ptm-observation:8cc9401bb454964bc6e6d5e49e4d4bf365f8c81ca1aaa877b140c258fbe5c722
UniProtKB:O23255	proteintraitsmech:B06	OK	-0.7846015961583964	1	47919566ec64b5fe821b7901ef945c91a9c978b1e9ca4cc351452b5559ae1eb4	ptm-observation:40e031477ab339255ba401473f7080285ca57898826a65b46b90a03890c3b3d7
UniProtKB:O23255	proteintraitsmech:B08	OK	-0.1265979381443299	1	47919566ec64b5fe821b7901ef945c91a9c978b1e9ca4cc351452b5559ae1eb4	ptm-observation:de908da30bb8a325075a04e835c7e73f9855e058fa422f6dc7a8244e2f039200
UniProtKB:O23255	proteintraitsmech:B09	OK		1	47919566ec64b5fe821b7901ef945c91a9c978b1e9ca4cc351452b5559ae1eb4	ptm-observation:fb38b0fb8d957121621a3412337d52b498464d6382b5792c79f76e74543d1e5c
UniProtKB:O23255	proteintraitsmech:B10	OK		1	47919566ec64b5fe821b7901ef945c91a9c978b1e9ca4cc351452b5559ae1eb4	ptm-observation:c02d2bb3314a474d284fa53d11274b5d693504269cfe283d50d76875e8cae8ce
UniProtKB:O23255	proteintraitsmech:B13	OK		1	47919566ec64b5fe821b7901ef945c91a9c978b1e9ca4cc351452b5559ae1eb4	ptm-observation:4fc4c60aa95127e13ebca8ec6b9ae361b092b29e50da1402a684e33c6d9dec57
UniProtKB:O23255	proteintraitsmech:B16	OK	4.163429799677129	bit	47919566ec64b5fe821b7901ef945c91a9c978b1e9ca4cc351452b5559ae1eb4	ptm-observation:4ce38be0cd6c788fb33fb1eeb013439ce0c5d0a16059633f4890205e0808210e
UniProtKB:O23255	proteintraitsmech:B22	OK	0.0	1	47919566ec64b5fe821b7901ef945c91a9c978b1e9ca4cc351452b5559ae1eb4	ptm-observation:07cba0bedf66772cab75f345f7a06c013243f59c48dff39828137147708f389f
UniProtKB:O23273	proteintraitsmech:B01	OK	-26.217099593020805	e	b1e91557cb24e6c86ef3aa33aadd8fc1aeef82e15a47e185f1638200cf65e835	ptm-observation:d9bf722a549d341b8dcffbd5a6abf69ac35736e03d8b956c6af8be65506bce79
UniProtKB:O23273	proteintraitsmech:B02	OK	5.656129539012909	pH	b1e91557cb24e6c86ef3aa33aadd8fc1aeef82e15a47e185f1638200cf65e835	ptm-observation:95bd62cddb6f9a0a340028db3a3506e910ecc3e7e2ac6ccc77f01e21c749930c
UniProtKB:O23273	proteintraitsmech:B03	OK	0.13429888084265965	1	b1e91557cb24e6c86ef3aa33aadd8fc1aeef82e15a47e185f1638200cf65e835	ptm-observation:fb861bd16640e97f773dda629dc3f898f20f9ccbf2a46c435a7360cff0cad75d
UniProtKB:O23273	proteintraitsmech:B04	OK	0.15273206056616195	1	b1e91557cb24e6c86ef3aa33aadd8fc1aeef82e15a47e185f1638200cf65e835	ptm-observation:5351eb22c7a9e78fbd8fc3a3df4d1f0428e39a621ef5c2a26e0ade9263b9df25
UniProtKB:O23273	proteintraitsmech:B05	OK	0.28703094140882157	1	b1e91557cb24e6c86ef3aa33aadd8fc1aeef82e15a47e185f1638200cf65e835	ptm-observation:4c3e92b3638ba3ed28602f40dd1dfbf818d18b0e2d0e4d168984951f0ef187ae
UniProtKB:O23273	proteintraitsmech:B06	OK	-2.3855704734676926	1	b1e91557cb24e6c86ef3aa33aadd8fc1aeef82e15a47e185f1638200cf65e835	ptm-observation:eafcb40da94bdc84ee59094ff8bb3baf529f1823fb003dbc80823749277a5c2b
UniProtKB:O23273	proteintraitsmech:B08	OK	-0.5013824884792627	1	b1e91557cb24e6c86ef3aa33aadd8fc1aeef82e15a47e185f1638200cf65e835	ptm-observation:662010e242c1eceebd453e7bea70bcd3917ad076115ccece3428a47c06bacc55
UniProtKB:O23273	proteintraitsmech:B09	OK		1	b1e91557cb24e6c86ef3aa33aadd8fc1aeef82e15a47e185f1638200cf65e835	ptm-observation:9a6be75958e148a0455eb577f6c10801a9c636825a390e0d5f6b018fbdc75bf1
UniProtKB:O23273	proteintraitsmech:B10	OK		1	b1e91557cb24e6c86ef3aa33aadd8fc1aeef82e15a47e185f1638200cf65e835	ptm-observation:f3acc7c5a4dbdfbaf344ba5b3b07132254778c34c8d674a63df31d48a1cff59f
UniProtKB:O23273	proteintraitsmech:B13	OK		1	b1e91557cb24e6c86ef3aa33aadd8fc1aeef82e15a47e185f1638200cf65e835	ptm-observation:5374ff5e6f17575e91c227c1b98ed7d0259916f4d1ba424fd9f992eaf7dca162
UniProtKB:O23273	proteintraitsmech:B16	OK	4.160447483455916	bit	b1e91557cb24e6c86ef3aa33aadd8fc1aeef82e15a47e185f1638200cf65e835	ptm-observation:3e6947af884402be3b64af51d19e2bf66e5eae41918ac91ca1ab315a6a22751e
UniProtKB:O23273	proteintraitsmech:B22	OK	0.14549045424621462	1	b1e91557cb24e6c86ef3aa33aadd8fc1aeef82e15a47e185f1638200cf65e835	ptm-observation:1b7f908b59132be8ed80da0d3744b6b97c77a0023b52cb2ff99c333375aca8c7
UniProtKB:O24646	proteintraitsmech:B01	OK	3.7295389610668566	e	07c976cb4f119a3a367a2e68a127ae8667499cc46fae53d42d98cc38038cbb3e	ptm-observation:6a97b2eee9273c6c2b9015c5b1e754810457ca38db244bd892d9c57ccd1f8bce
UniProtKB:O24646	proteintraitsmech:B02	OK	9.46795243024826	pH	07c976cb4f119a3a367a2e68a127ae8667499cc46fae53d42d98cc38038cbb3e	ptm-observation:5a08865dcada380645da6d51ab8b4bee0f4ed1d9228bb696f5f7598a5586481e
UniProtKB:O24646	proteintraitsmech:B03	OK	0.17857142857142858	1	07c976cb4f119a3a367a2e68a127ae8667499cc46fae53d42d98cc38038cbb3e	ptm-observation:77f76ac31f91766816e3cd237409d921d89479a1df015a0c8508a9d5df0ab83e
UniProtKB:O24646	proteintraitsmech:B04	OK	0.15476190476190477	1	07c976cb4f119a3a367a2e68a127ae8667499cc46fae53d42d98cc38038cbb3e	ptm-observation:ba3987ef6dced48790306e101029ca6bfae67d5468ad19dc5c1545b850983f0c
UniProtKB:O24646	proteintraitsmech:B05	OK	0.3333333333333333	1	07c976cb4f119a3a367a2e68a127ae8667499cc46fae53d42d98cc38038cbb3e	ptm-observation:6f59f676ec3d506593bbb799e1a123f90602df390caff91e7e0a1a6f88ac441a
UniProtKB:O24646	proteintraitsmech:B06	OK	-1.7654733455141656	1	07c976cb4f119a3a367a2e68a127ae8667499cc46fae53d42d98cc38038cbb3e	ptm-observation:5486971838bdab55c730148fa2b3c7c76600a4b9bb29ab9bb57704fe706c0a73
UniProtKB:O24646	proteintraitsmech:B08	OK	-1.2101190476190478	1	07c976cb4f119a3a367a2e68a127ae8667499cc46fae53d42d98cc38038cbb3e	ptm-observation:a30e6ef792937a23707c653689f7ba31b024a4af94ba4476552849a769e81cad
UniProtKB:O24646	proteintraitsmech:B09	OK		1	07c976cb4f119a3a367a2e68a127ae8667499cc46fae53d42d98cc38038cbb3e	ptm-observation:3e9606665cf568cf68c3d104235c1f067a51aa362e73bac37fd19c0520d37545
UniProtKB:O24646	proteintraitsmech:B10	OK		1	07c976cb4f119a3a367a2e68a127ae8667499cc46fae53d42d98cc38038cbb3e	ptm-observation:94e5577190b2319a2eeab80c5998d14d3042ef8e56006fc36a6ccb4d6f46f8e3
UniProtKB:O24646	proteintraitsmech:B13	OK		1	07c976cb4f119a3a367a2e68a127ae8667499cc46fae53d42d98cc38038cbb3e	ptm-observation:46425398034dfc69340b8fded77b12b4b5bebd75fe47537813e5e3b943afa9fd
UniProtKB:O24646	proteintraitsmech:B16	OK	3.7483738883176136	bit	07c976cb4f119a3a367a2e68a127ae8667499cc46fae53d42d98cc38038cbb3e	ptm-observation:239c0a495cb7131f4bfccaa3754dd15ad77e405c96ac5f257de7dd24c419cc6f
UniProtKB:O24646	proteintraitsmech:B22	OK	0.6845238095238095	1	07c976cb4f119a3a367a2e68a127ae8667499cc46fae53d42d98cc38038cbb3e	ptm-observation:38ff030cd92ddaee749c2e1f57b27f48a559d081b76085df9f6a22721c60d840
UniProtKB:O31464	proteintraitsmech:B01	OK	16.978345582021007	e	9aacf2bca86054e16cd20969190fd192ed929aab564f7657c65b2ba3d14efd67	ptm-observation:abd796ff1f19f9bde124f7a1770c2694f04f72bad8ebe4fd1537e4c7ce244994
UniProtKB:O31464	proteintraitsmech:B02	OK	9.671370804309845	pH	9aacf2bca86054e16cd20969190fd192ed929aab564f7657c65b2ba3d14efd67	ptm-observation:31f0454faf733d00b6d24167f51ef4c8bdcb3cbb7eb4ebd40dbf23ba14a14534
UniProtKB:O31464	proteintraitsmech:B03	OK	0.08158995815899582	1	9aacf2bca86054e16cd20969190fd192ed929aab564f7657c65b2ba3d14efd67	ptm-observation:04699c7f3e2a18aa9da5fbe0e34b0e8df87f3d52ec9e83a488d33f057a5b72d4
UniProtKB:O31464	proteintraitsmech:B04	OK	0.04602510460251046	1	9aacf2bca86054e16cd20969190fd192ed929aab564f7657c65b2ba3d14efd67	ptm-observation:1554519f7003cf10a38a6e01dacfd3b8f26f27af0fbdbade35908932696ab58e
UniProtKB:O31464	proteintraitsmech:B05	OK	0.12761506276150628	1	9aacf2bca86054e16cd20969190fd192ed929aab564f7657c65b2ba3d14efd67	ptm-observation:6460b0fd12d73acf3ca3053793d4a1e631c5c3195eec9e3870dbfd09855bdb07
UniProtKB:O31464	proteintraitsmech:B06	OK	3.2371873947399807	1	9aacf2bca86054e16cd20969190fd192ed929aab564f7657c65b2ba3d14efd67	ptm-observation:758644ffdf5a7e7c02a360938f63a6ce0447c0567f5db2bda90f9e54de6b529e
UniProtKB:O31464	proteintraitsmech:B08	OK	0.7092050209205021	1	9aacf2bca86054e16cd20969190fd192ed929aab564f7657c65b2ba3d14efd67	ptm-observation:80f010e8a8dfb5370dc8429fdb065e4ca6f6c7bbbce86758b7375f94ddc8592a
UniProtKB:O31464	proteintraitsmech:B09	OK		1	9aacf2bca86054e16cd20969190fd192ed929aab564f7657c65b2ba3d14efd67	ptm-observation:f3c4911286ab236f70eaab602db38a0e5168d1c0aea1f1f79d5655a9552369b1
UniProtKB:O31464	proteintraitsmech:B10	OK		1	9aacf2bca86054e16cd20969190fd192ed929aab564f7657c65b2ba3d14efd67	ptm-observation:eb321d2de7273ed0b09a72f4fe655ed5824ab05ec995e46e561ccb308542f6bc
UniProtKB:O31464	proteintraitsmech:B13	OK		1	9aacf2bca86054e16cd20969190fd192ed929aab564f7657c65b2ba3d14efd67	ptm-observation:78257035fd1c3cbac9f0ba107621c7f1bb7d753298c13a4f87142361e7960206
UniProtKB:O31464	proteintraitsmech:B16	OK	3.999993350506104	bit	9aacf2bca86054e16cd20969190fd192ed929aab564f7657c65b2ba3d14efd67	ptm-observation:c0add2479cfcacb7b888702f22b380a7b36774c003e53948998e1b025543446e
UniProtKB:O31464	proteintraitsmech:B22	OK	0.08158995815899582	1	9aacf2bca86054e16cd20969190fd192ed929aab564f7657c65b2ba3d14efd67	ptm-observation:b7ea26038dcdac4ffb24cd296bd998c096a60a289848d4bbfeb539079eb2e6e8
UniProtKB:O31607	proteintraitsmech:B01	OK	-6.94851214685815	e	22efec0c57dfe838d4a846da566cf5f464a300735bfb4f9b4a1de8b334acf3cb	ptm-observation:9012907cd75ba5a0ed242ee40eb1cab81afeb36bf7ce0761ce0aadc50c326873
UniProtKB:O31607	proteintraitsmech:B02	OK	5.302056849002838	pH	22efec0c57dfe838d4a846da566cf5f464a300735bfb4f9b4a1de8b334acf3cb	ptm-observation:31d5f8b3f9e1527a66a361b7d998a686ee23af326d290a590a9645a3a8d098a7
UniProtKB:O31607	proteintraitsmech:B03	OK	0.09848484848484848	1	22efec0c57dfe838d4a846da566cf5f464a300735bfb4f9b4a1de8b334acf3cb	ptm-observation:f4b2d699baf08a9abb83015173ab82a5fc55d35e36072243db0d6dffb66b7ba0
UniProtKB:O31607	proteintraitsmech:B04	OK	0.15151515151515152	1	22efec0c57dfe838d4a846da566cf5f464a300735bfb4f9b4a1de8b334acf3cb	ptm-observation:b2e8900266c228b683b22ea3e154a00710ef4f72c4fa213ca16f1baf60797913
UniProtKB:O31607	proteintraitsmech:B05	OK	0.25	1	22efec0c57dfe838d4a846da566cf5f464a300735bfb4f9b4a1de8b334acf3cb	ptm-observation:cf4eaaadee4d0b2b2e44961769a5e88db23ab359b8104c65fd20cf57ff0cf3e8
UniProtKB:O31607	proteintraitsmech:B06	OK	0.8357183910521887	1	22efec0c57dfe838d4a846da566cf5f464a300735bfb4f9b4a1de8b334acf3cb	ptm-observation:ffa21f89963ffd74eb4986aa68005883c17176e869ed93c98722ea7b804d85e6
UniProtKB:O31607	proteintraitsmech:B08	OK	-0.5037878787878788	1	22efec0c57dfe838d4a846da566cf5f464a300735bfb4f9b4a1de8b334acf3cb	ptm-observation:74c12a320075959834b521e9742c32d518c498866c94b8eed32c81a127d6bc3c
UniProtKB:O31607	proteintraitsmech:B09	OK		1	22efec0c57dfe838d4a846da566cf5f464a300735bfb4f9b4a1de8b334acf3cb	ptm-observation:d2c5101ceb8dc3b6c4170e92941b13beae2e919ba7c53d449f39256446088a89
UniProtKB:O31607	proteintraitsmech:B10	OK		1	22efec0c57dfe838d4a846da566cf5f464a300735bfb4f9b4a1de8b334acf3cb	ptm-observation:53c335d4281c17f4ccbf8c8f44fa8a2110e41d30cbbf4be613ec4d193512ebeb
UniProtKB:O31607	proteintraitsmech:B13	OK		1	22efec0c57dfe838d4a846da566cf5f464a300735bfb4f9b4a1de8b334acf3cb	ptm-observation:3509bf5e0f02767dd0dd32255ed01d4e8e4db2375c292677442f99fa97bf0f7f
UniProtKB:O31607	proteintraitsmech:B16	OK	4.091532590706716	bit	22efec0c57dfe838d4a846da566cf5f464a300735bfb4f9b4a1de8b334acf3cb	ptm-observation:363bd86c07e7283ec63ddb99074dd2aa221a56b7352338d3481b89e4a4f59b93
UniProtKB:O31607	proteintraitsmech:B22	OK	0.06060606060606061	1	22efec0c57dfe838d4a846da566cf5f464a300735bfb4f9b4a1de8b334acf3cb	ptm-observation:78f9a123a85e198a87140a141b8dd791a590f1e13cb6d2ada0292ed158690314
UniProtKB:O32164	proteintraitsmech:B01	OK	-17.058640723518558	e	967620303b0c3afa0c78b702c65cd5e22da0b8af27807564f2e276669f8fc016	ptm-observation:581437b0a06ec273a714e1ebd5c7fc34478e4c74bdf6e83846ba3d58d90aa608
UniProtKB:O32164	proteintraitsmech:B02	OK	5.321958005428314	pH	967620303b0c3afa0c78b702c65cd5e22da0b8af27807564f2e276669f8fc016	ptm-observation:82273f19f4511ae6a3c8c50368432c0a812f5b3d59b2acd4baf3437638ea8274
UniProtKB:O32164	proteintraitsmech:B03	OK	0.09113300492610837	1	967620303b0c3afa0c78b702c65cd5e22da0b8af27807564f2e276669f8fc016	ptm-observation:1f28fe1abf4efb277cda53f530802664ec0cc02576bb4c2f031ede98cf36eb6d
UniProtKB:O32164	proteintraitsmech:B04	OK	0.1354679802955665	1	967620303b0c3afa0c78b702c65cd5e22da0b8af27807564f2e276669f8fc016	ptm-observation:187b9dc4e00afde8e5a49dc6e3e504990a656381efadf6cca24bbe6519bb111e
UniProtKB:O32164	proteintraitsmech:B05	OK	0.22660098522167488	1	967620303b0c3afa0c78b702c65cd5e22da0b8af27807564f2e276669f8fc016	ptm-observation:b1a87bfe2c83c83d86e101c50fe96317287ee4cbd539e6789e2d1862a19ac706
UniProtKB:O32164	proteintraitsmech:B06	OK	2.4222311693709333	1	967620303b0c3afa0c78b702c65cd5e22da0b8af27807564f2e276669f8fc016	ptm-observation:f8ba1d61b9399a8eafeb48088df21690aa719adae54d632ff658d960769547b2
UniProtKB:O32164	proteintraitsmech:B08	OK	-0.17093596059113303	1	967620303b0c3afa0c78b702c65cd5e22da0b8af27807564f2e276669f8fc016	ptm-observation:fe18bc1280951112ef0b491682332fab708a34ad1627f403d5c5f6b1c1cbb15c
UniProtKB:O32164	proteintraitsmech:B09	OK		1	967620303b0c3afa0c78b702c65cd5e22da0b8af27807564f2e276669f8fc016	ptm-observation:68066023e66d9f0459d46d7e18a740e43003e078629808ff729df8e062f223c8
UniProtKB:O32164	proteintraitsmech:B10	OK		1	967620303b0c3afa0c78b702c65cd5e22da0b8af27807564f2e276669f8fc016	ptm-observation:7239a4b05de40e61c42c15967798fa56c69c37d7880891627131c00538fb6e45
UniProtKB:O32164	proteintraitsmech:B13	OK		1	967620303b0c3afa0c78b702c65cd5e22da0b8af27807564f2e276669f8fc016	ptm-observation:b2c0ebafa5efa1e614bd927195878c3a6a0b768bbb7a532ceac6d2bf2aa4a3af
UniProtKB:O32164	proteintraitsmech:B16	OK	4.1324403627202875	bit	967620303b0c3afa0c78b702c65cd5e22da0b8af27807564f2e276669f8fc016	ptm-observation:da7782516b22509163ecca5bc82c5bf73658c6c07744dd292e210f5a833bf675
UniProtKB:O32164	proteintraitsmech:B22	OK	0.0	1	967620303b0c3afa0c78b702c65cd5e22da0b8af27807564f2e276669f8fc016	ptm-observation:576505bcb7d655a9f2c39084d1eff48fb0dbd50a3a05a57652a0478193e9fbb6
UniProtKB:O32230	proteintraitsmech:B01	OK	15.94770647030167	e	011d04e0a17c816944b73d5869ad6796158a7c4b6fc61fd10d8635afbc871a33	ptm-observation:cb38c8d91c97fdbd583ff905f5794d61e3c575db8d5960128fd8099bb5a2d319
UniProtKB:O32230	proteintraitsmech:B02	OK	9.993313252925873	pH	011d04e0a17c816944b73d5869ad6796158a7c4b6fc61fd10d8635afbc871a33	ptm-observation:ea81b9f33d605a67e80b9884d507a6eac50053cb794063f05cb9d7fb7f180e3f
UniProtKB:O32230	proteintraitsmech:B03	OK	0.22435897435897437	1	011d04e0a17c816944b73d5869ad6796158a7c4b6fc61fd10d8635afbc871a33	ptm-observation:e9beb7e59574a10d9cc88aa232e2dd1d51dfa0dbf9dd216ffd5ffdd88d8c6247
UniProtKB:O32230	proteintraitsmech:B04	OK	0.12179487179487179	1	011d04e0a17c816944b73d5869ad6796158a7c4b6fc61fd10d8635afbc871a33	ptm-observation:5b5f5c3b942aa67f48e647b3d297b760969ea460cb2aaf39e7a8aff93ce99706
UniProtKB:O32230	proteintraitsmech:B05	OK	0.34615384615384615	1	011d04e0a17c816944b73d5869ad6796158a7c4b6fc61fd10d8635afbc871a33	ptm-observation:1b9814cb0508d5e38fde78fba8b241940b74f08a4272ff20fd96d5b0778975fe
UniProtKB:O32230	proteintraitsmech:B06	OK	4.318761611816708	1	011d04e0a17c816944b73d5869ad6796158a7c4b6fc61fd10d8635afbc871a33	ptm-observation:213369445c6c0cf72515066eb69b4b5856a1873aed90f9f0d60698706a1c6def
UniProtKB:O32230	proteintraitsmech:B08	OK	-0.8884615384615384	1	011d04e0a17c816944b73d5869ad6796158a7c4b6fc61fd10d8635afbc871a33	ptm-observation:4c1f5120d5d01e5186881b7c37bacfc370d4957f3f71a76aee0089e483388cac
UniProtKB:O32230	proteintraitsmech:B09	OK		1	011d04e0a17c816944b73d5869ad6796158a7c4b6fc61fd10d8635afbc871a33	ptm-observation:c53f24db5f81093ee82adbfbe9e3180a117c96953c7c67a9b7865be82737453c
UniProtKB:O32230	proteintraitsmech:B10	OK		1	011d04e0a17c816944b73d5869ad6796158a7c4b6fc61fd10d8635afbc871a33	ptm-observation:48cf296464453fc0a7c14b9b17635a0d4aaf05524a162a261260486ad6e437b2
UniProtKB:O32230	proteintraitsmech:B13	OK		1	011d04e0a17c816944b73d5869ad6796158a7c4b6fc61fd10d8635afbc871a33	ptm-observation:cb82347f20ce4ddc3164b97845437e31f6e650738fa256e0cc91a30e861a70f8
UniProtKB:O32230	proteintraitsmech:B16	OK	3.958480145099646	bit	011d04e0a17c816944b73d5869ad6796158a7c4b6fc61fd10d8635afbc871a33	ptm-observation:42c8ff9e3f777259d0ad81e5ed7a94a9d13cb14580381ba71141a82c3fcefd91
UniProtKB:O32230	proteintraitsmech:B22	OK	0.08333333333333333	1	011d04e0a17c816944b73d5869ad6796158a7c4b6fc61fd10d8635afbc871a33	ptm-observation:8c07485e13f82a5126595678be5b2acfbc9815a7259d39b719eda83327f3b189
UniProtKB:O34313	proteintraitsmech:B01	OK	-49.23510820304375	e	7ae3fdfb0159659cc3801db3667c9ab553c6aa0926028f271fb1081331c5fd88	ptm-observation:def70c8287f0124978cf06d11cfa20eb68276e3b48f806090a523b4f45a995a9
UniProtKB:O34313	proteintraitsmech:B02	OK	5.182106673717499	pH	7ae3fdfb0159659cc3801db3667c9ab553c6aa0926028f271fb1081331c5fd88	ptm-observation:3eb6a8bf8b921506656bcfdd438f73882501a774a0a37b75897199bb9d354b77
UniProtKB:O34313	proteintraitsmech:B03	OK	0.1012311901504788	1	7ae3fdfb0159659cc3801db3667c9ab553c6aa0926028f271fb1081331c5fd88	ptm-observation:e7f2be7b62a7851f279f1dddc16f9734bbf941198b8ba92cea61a3c32461dab1
UniProtKB:O34313	proteintraitsmech:B04	OK	0.13679890560875513	1	7ae3fdfb0159659cc3801db3667c9ab553c6aa0926028f271fb1081331c5fd88	ptm-observation:53e38a0da3c10462e238cce83c2ff287fa86dd9508b5f0962a0de7d303a1cdd7
UniProtKB:O34313	proteintraitsmech:B05	OK	0.23803009575923392	1	7ae3fdfb0159659cc3801db3667c9ab553c6aa0926028f271fb1081331c5fd88	ptm-observation:30ee07f6318fc0f160155fbe9d16f576d88531f9190ab84423400ff308296cfc
UniProtKB:O34313	proteintraitsmech:B06	OK	15.718763300884108	1	7ae3fdfb0159659cc3801db3667c9ab553c6aa0926028f271fb1081331c5fd88	ptm-observation:9fd1437ecdc94450738937e121fe6cf631900e51dfea3f6b31203581147b40a6
UniProtKB:O34313	proteintraitsmech:B08	OK	-0.4850205198358413	1	7ae3fdfb0159659cc3801db3667c9ab553c6aa0926028f271fb1081331c5fd88	ptm-observation:7d3668a3e201a01711212bb09329280962a59361968a723c5d30187421847636
UniProtKB:O34313	proteintraitsmech:B09	OK		1	7ae3fdfb0159659cc3801db3667c9ab553c6aa0926028f271fb1081331c5fd88	ptm-observation:633e5688bfeec9ac3e55824079a3d1db13e0f6ccd7859e794e560263afea2ccf
UniProtKB:O34313	proteintraitsmech:B10	OK		1	7ae3fdfb0159659cc3801db3667c9ab553c6aa0926028f271fb1081331c5fd88	ptm-observation:0f95827ddb003e647a0950a9c7749f7de491334ee819897fcb57c9bdafbb9d38
UniProtKB:O34313	proteintraitsmech:B13	OK		1	7ae3fdfb0159659cc3801db3667c9ab553c6aa0926028f271fb1081331c5fd88	ptm-observation:905f891b35ef50c3309245be372434eab95541504b7349e365645df302fef6e8
UniProtKB:O34313	proteintraitsmech:B16	OK	4.086957554616656	bit	7ae3fdfb0159659cc3801db3667c9ab553c6aa0926028f271fb1081331c5fd88	ptm-observation:474d38bb80563f81a528903de2a173ca75b049430abefe2077699f228603d4a2
UniProtKB:O34313	proteintraitsmech:B22	OK	0.09439124487004104	1	7ae3fdfb0159659cc3801db3667c9ab553c6aa0926028f271fb1081331c5fd88	ptm-observation:b6b1dda22c1b79fe70054f9471b145f97888b097e11c66d7f404c890f1cc8774
UniProtKB:O35435	proteintraitsmech:B01	OK	8.16122473967713	e	76f8f9e9735b65bcc1282614f9ae9dc441b877ca117a8aee4a5200cf6e3c2e4f	ptm-observation:16d1540c787088646d8a3c348d2406f0993c2e8050dd1d4c251e1d4f262fa760
UniProtKB:O35435	proteintraitsmech:B02	OK	9.557249367237091	pH	76f8f9e9735b65bcc1282614f9ae9dc441b877ca117a8aee4a5200cf6e3c2e4f	ptm-observation:caade84215ca576835599d3857882c801bd0b5885ee396ce80b4a3c206a27763
UniProtKB:O35435	proteintraitsmech:B03	OK	0.12151898734177215	1	76f8f9e9735b65bcc1282614f9ae9dc441b877ca117a8aee4a5200cf6e3c2e4f	ptm-observation:f46f66cca13bdc4e66216808972c0c13db317008e0939808f36590483e48e36c
UniProtKB:O35435	proteintraitsmech:B04	OK	0.10126582278481013	1	76f8f9e9735b65bcc1282614f9ae9dc441b877ca117a8aee4a5200cf6e3c2e4f	ptm-observation:94bcdfd97460e9c6fd39459e77e8f40da7d1e0ca73c062af498193b6e22a2c2c
UniProtKB:O35435	proteintraitsmech:B05	OK	0.22278481012658227	1	76f8f9e9735b65bcc1282614f9ae9dc441b877ca117a8aee4a5200cf6e3c2e4f	ptm-observation:5f7b1e92c4483e4cb4a84152e822411af3ba4ca8543e068e1fd7b05c446f5458
UniProtKB:O35435	proteintraitsmech:B06	OK	0.4537871823901797	1	76f8f9e9735b65bcc1282614f9ae9dc441b877ca117a8aee4a5200cf6e3c2e4f	ptm-observation:5392dc28e7fe096194d9be5338aa0e5575059c04006650a8fd3607fc70d4a2f9
UniProtKB:O35435	proteintraitsmech:B08	OK	-0.1278481012658228	1	76f8f9e9735b65bcc1282614f9ae9dc441b877ca117a8aee4a5200cf6e3c2e4f	ptm-observation:377b6cf74b8370363413af6c30276bc0fad24c0eb4f6e8f79fe85e1cd1c59dcc
UniProtKB:O35435	proteintraitsmech:B09	OK		1	76f8f9e9735b65bcc1282614f9ae9dc441b877ca117a8aee4a5200cf6e3c2e4f	ptm-observation:4bed2c5bb956eda511dbd39b796704507e77635ae4ceb88ffbbeb48824c1ae27
UniProtKB:O35435	proteintraitsmech:B10	OK		1	76f8f9e9735b65bcc1282614f9ae9dc441b877ca117a8aee4a5200cf6e3c2e4f	ptm-observation:48e66c6d524ab0eeef4880cef246cfa2309b94361e6b4097ada40b235149bda2
UniProtKB:O35435	proteintraitsmech:B13	OK		1	76f8f9e9735b65bcc1282614f9ae9dc441b877ca117a8aee4a5200cf6e3c2e4f	ptm-observation:1143ce79543288ad4e6f994c8bfff2f13b8ed81e34604e2822d0c32f669c2f94
UniProtKB:O35435	proteintraitsmech:B16	OK	3.9622285906491213	bit	76f8f9e9735b65bcc1282614f9ae9dc441b877ca117a8aee4a5200cf6e3c2e4f	ptm-observation:0515296161f9f2df142a1729fa904bf9e8b4916b4d94f8f69020ab344580687f
UniProtKB:O35435	proteintraitsmech:B22	OK	0.03291139240506329	1	76f8f9e9735b65bcc1282614f9ae9dc441b877ca117a8aee4a5200cf6e3c2e4f	ptm-observation:974f7ba6d7c66f1230377b7695d160f1f23da473c3dc6836b4057c4195a6e713
UniProtKB:O43897	proteintraitsmech:B01	OK	-22.265473766170174	e	5313f8b4c022cd1dfe9174ab5f622576a4de2531b2369a580eacdc347de655c1	ptm-observation:8cb20c4add0777b0c07539202ad19d0408e790da273735b448005c38380816dc
UniProtKB:O43897	proteintraitsmech:B02	OK	5.693668782711029	pH	5313f8b4c022cd1dfe9174ab5f622576a4de2531b2369a580eacdc347de655c1	ptm-observation:537a7f8c2196e2fb574f6baacebe479b235e4a0c16b06492e9b4ef1572a962ef
UniProtKB:O43897	proteintraitsmech:B03	OK	0.11549851924975321	1	5313f8b4c022cd1dfe9174ab5f622576a4de2531b2369a580eacdc347de655c1	ptm-observation:50dc9b20365c42e53b03ac493f0d447f0e6a3df649d7ceaa5a4892c6b21ccde0
UniProtKB:O43897	proteintraitsmech:B04	OK	0.13919052319842054	1	5313f8b4c022cd1dfe9174ab5f622576a4de2531b2369a580eacdc347de655c1	ptm-observation:5725d86ce899636e7eda9bac40d87928c55b18d63fb3742eab506eca6a31cf23
UniProtKB:O43897	proteintraitsmech:B05	OK	0.25468904244817375	1	5313f8b4c022cd1dfe9174ab5f622576a4de2531b2369a580eacdc347de655c1	ptm-observation:24e65e39db63f8c8b9eb5d4c736a188a87996a9ccf38e361e952f4b2a59f169b
UniProtKB:O43897	proteintraitsmech:B06	OK	3.199790942052192	1	5313f8b4c022cd1dfe9174ab5f622576a4de2531b2369a580eacdc347de655c1	ptm-observation:debda8a979cd3c45dd45e803368af98a47a10d4e4c5171c14facf949e5f2bd72
UniProtKB:O43897	proteintraitsmech:B08	OK	-0.5716683119447187	1	5313f8b4c022cd1dfe9174ab5f622576a4de2531b2369a580eacdc347de655c1	ptm-observation:49c78a706fc6e89ad0c929455f149b1ea4ae643723542d9e36302752b50a5a1a
UniProtKB:O43897	proteintraitsmech:B09	OK		1	5313f8b4c022cd1dfe9174ab5f622576a4de2531b2369a580eacdc347de655c1	ptm-observation:6110e6b1c42c944a7a5d21322db9694dad06fbcda55fe7dac92f051ccfd0d7e4
UniProtKB:O43897	proteintraitsmech:B10	OK		1	5313f8b4c022cd1dfe9174ab5f622576a4de2531b2369a580eacdc347de655c1	ptm-observation:1857b95fa15b90b19da1cee75fcbe5f0a7952a0390f87e61d0dd71ee0f31eb97
UniProtKB:O43897	proteintraitsmech:B13	OK		1	5313f8b4c022cd1dfe9174ab5f622576a4de2531b2369a580eacdc347de655c1	ptm-observation:099f43805d8b6b3fc1526bd738f0251f805a43fa857cd53f23b419c10cdb9bc3
UniProtKB:O43897	proteintraitsmech:B16	OK	4.221233345300285	bit	5313f8b4c022cd1dfe9174ab5f622576a4de2531b2369a580eacdc347de655c1	ptm-observation:cadf12fbea4cff0615e020b105df64dd1eacdd603f96f97386aa11a4cd0d4d4a
UniProtKB:O43897	proteintraitsmech:B22	OK	0.1648568608094768	1	5313f8b4c022cd1dfe9174ab5f622576a4de2531b2369a580eacdc347de655c1	ptm-observation:64876044e4d1724e86d2afce9e440962782c7c05772684ae183a4854484e1eed
UniProtKB:O43924	proteintraitsmech:B01	OK	-2.393658159278677	e	43654b9ee9fc7ffd20d063e02e0f2715849c8a83afd11da12a1e44a2d76d66ec	ptm-observation:7b749950c9e34f0c3dccc1618efecebd4ad93d8575cd1058d3c1745463cbe69b
UniProtKB:O43924	proteintraitsmech:B02	OK	5.5689221024513245	pH	43654b9ee9fc7ffd20d063e02e0f2715849c8a83afd11da12a1e44a2d76d66ec	ptm-observation:0cf438db8603456c9ec791dd1933b5c207296ed5e0de295da0769f026cb15952
UniProtKB:O43924	proteintraitsmech:B03	OK	0.13333333333333333	1	43654b9ee9fc7ffd20d063e02e0f2715849c8a83afd11da12a1e44a2d76d66ec	ptm-observation:bf8543ed70cf92b1b42d69cffe7da8cc4fadb1804220939a64b37c3af7ae10e5
UniProtKB:O43924	proteintraitsmech:B04	OK	0.14666666666666667	1	43654b9ee9fc7ffd20d063e02e0f2715849c8a83afd11da12a1e44a2d76d66ec	ptm-observation:b98447260b064c356adf158898fa54960e7365f9bb9a5d0ea898446ad9eca5ae
UniProtKB:O43924	proteintraitsmech:B05	OK	0.28	1	43654b9ee9fc7ffd20d063e02e0f2715849c8a83afd11da12a1e44a2d76d66ec	ptm-observation:e67ad5274da3a3987af3fce0832c4a74b1f76752f98e22ab183ea3e232539bf1
UniProtKB:O43924	proteintraitsmech:B06	OK	-0.7444178514308808	1	43654b9ee9fc7ffd20d063e02e0f2715849c8a83afd11da12a1e44a2d76d66ec	ptm-observation:dab79dbe862e02820a2b985382322e8e91b5a1b695ea9220872e441aeb5f67e7
UniProtKB:O43924	proteintraitsmech:B08	OK	-0.30933333333333335	1	43654b9ee9fc7ffd20d063e02e0f2715849c8a83afd11da12a1e44a2d76d66ec	ptm-observation:7f8e674701af60d735b65c4afc907c17a0a16dcfed47c0c9968eee18fb66746f
UniProtKB:O43924	proteintraitsmech:B09	OK		1	43654b9ee9fc7ffd20d063e02e0f2715849c8a83afd11da12a1e44a2d76d66ec	ptm-observation:a0e5774a8c496c46ab57a9b7b71c698efdc7bee1c52a47e1b910d2025cc00b70
UniProtKB:O43924	proteintraitsmech:B10	OK		1	43654b9ee9fc7ffd20d063e02e0f2715849c8a83afd11da12a1e44a2d76d66ec	ptm-observation:38de81c12428f6ce16801bb6f7e4a3ceac97509bfaac19b606a811c719cd17b8
UniProtKB:O43924	proteintraitsmech:B13	OK		1	43654b9ee9fc7ffd20d063e02e0f2715849c8a83afd11da12a1e44a2d76d66ec	ptm-observation:912831e7679e0ad8a758516c6e65b638402a60f18b5087e63424f11bd02e7731
UniProtKB:O43924	proteintraitsmech:B16	OK	4.114826290412619	bit	43654b9ee9fc7ffd20d063e02e0f2715849c8a83afd11da12a1e44a2d76d66ec	ptm-observation:4b2df3758272e25617db3f03ab30896cf5e7b14a7dd078e9821e62ac764b1d79
UniProtKB:O43924	proteintraitsmech:B22	OK	0.0	1	43654b9ee9fc7ffd20d063e02e0f2715849c8a83afd11da12a1e44a2d76d66ec	ptm-observation:9156a96558e95f7c9382cf80d1735f5094b381208c5fc1cb0976d2d410f70d4c
UniProtKB:O44952	proteintraitsmech:B01	OK	-7.542330345850219	e	90f78a22200b5375dc48e5a0c512ad16bc51d2bf294fc666007bdb9d9d490ee7	ptm-observation:7c735fce289f587496c2bc8745c60213df3f68b075eb290ec2eb152dbb6c3380
UniProtKB:O44952	proteintraitsmech:B02	OK	6.23506885766983	pH	90f78a22200b5375dc48e5a0c512ad16bc51d2bf294fc666007bdb9d9d490ee7	ptm-observation:b07a33ddcbb212d620bedfd75642f89b64103fbe525f10495e573611f6a80202
UniProtKB:O44952	proteintraitsmech:B03	OK	0.13182286302780638	1	90f78a22200b5375dc48e5a0c512ad16bc51d2bf294fc666007bdb9d9d490ee7	ptm-observation:bc95062c122f8b52be67c3660264010893b9a10e31fab15df7a90bc0c335fcf5
UniProtKB:O44952	proteintraitsmech:B04	OK	0.141091658084449	1	90f78a22200b5375dc48e5a0c512ad16bc51d2bf294fc666007bdb9d9d490ee7	ptm-observation:54e6cc6a5f95d66838fc718b1f2c3fa502ee5a711600d2ca7b2fd6287b928ebe
UniProtKB:O44952	proteintraitsmech:B05	OK	0.2729145211122554	1	90f78a22200b5375dc48e5a0c512ad16bc51d2bf294fc666007bdb9d9d490ee7	ptm-observation:b907e44431b43544d4572864e871034ffc9bb957b1bc4e77f71b97e73b39b7d9
UniProtKB:O44952	proteintraitsmech:B06	OK	-1.6379936712249419	1	90f78a22200b5375dc48e5a0c512ad16bc51d2bf294fc666007bdb9d9d490ee7	ptm-observation:bc1cd28450a093aebdc88afe69c70522aaeb82ca57fc0faf3c5246a18dc09ac5
UniProtKB:O44952	proteintraitsmech:B08	OK	-0.3301750772399588	1	90f78a22200b5375dc48e5a0c512ad16bc51d2bf294fc666007bdb9d9d490ee7	ptm-observation:c44b076b6f364f81ce2e606ae2fbf727b2405954a405ce6b84d76b54f4e1a526
UniProtKB:O44952	proteintraitsmech:B09	OK		1	90f78a22200b5375dc48e5a0c512ad16bc51d2bf294fc666007bdb9d9d490ee7	ptm-observation:2bfbf2a6409688500c5e66dbf40c18478c1a69065ecb3f9d6c016ed403223c0c
UniProtKB:O44952	proteintraitsmech:B10	OK		1	90f78a22200b5375dc48e5a0c512ad16bc51d2bf294fc666007bdb9d9d490ee7	ptm-observation:096549ae14b85ee435615fa0b75d5cafa95c12e412e0ead4984644501b7a7c4e
UniProtKB:O44952	proteintraitsmech:B13	OK		1	90f78a22200b5375dc48e5a0c512ad16bc51d2bf294fc666007bdb9d9d490ee7	ptm-observation:1fc6d01b53903bb2306da07927601d69bf9242c24095a6289edc1086f7cb0e4d
UniProtKB:O44952	proteintraitsmech:B16	OK	4.103366843855111	bit	90f78a22200b5375dc48e5a0c512ad16bc51d2bf294fc666007bdb9d9d490ee7	ptm-observation:cc493084aa74caea9ddefee47143a393efa4c90b5d75e1bb50606aa8f3019dc1
UniProtKB:O44952	proteintraitsmech:B22	OK	0.18022657054582905	1	90f78a22200b5375dc48e5a0c512ad16bc51d2bf294fc666007bdb9d9d490ee7	ptm-observation:12e7193b26d5c4e433f6bb573f0366f656600ecf9f1e793658805250acd34490
UniProtKB:O48917	proteintraitsmech:B01	OK	4.8602214177990515	e	9a6ef35d64f7e22b106cb8267a3327fcd57130f17e29264dde48a522818d1fee	ptm-observation:f156e25868105c4369ab61c4d6e7d3c0268a68af203225a7c6815b8208c408c6
UniProtKB:O48917	proteintraitsmech:B02	OK	8.414235889911652	pH	9a6ef35d64f7e22b106cb8267a3327fcd57130f17e29264dde48a522818d1fee	ptm-observation:2b34ddcc02e7debe7e6599de3e2f74739edc596854e453264fb245db4e6f8fa2
UniProtKB:O48917	proteintraitsmech:B03	OK	0.11320754716981132	1	9a6ef35d64f7e22b106cb8267a3327fcd57130f17e29264dde48a522818d1fee	ptm-observation:30b3258383251d4e7eee82a123d58249456bf44f78aada6520671c609d80486b
UniProtKB:O48917	proteintraitsmech:B04	OK	0.10482180293501048	1	9a6ef35d64f7e22b106cb8267a3327fcd57130f17e29264dde48a522818d1fee	ptm-observation:d369f360f02f754c9233b78b3f6ebc7c59dc86159ad9f802c22abb9aeab26db8
UniProtKB:O48917	proteintraitsmech:B05	OK	0.2180293501048218	1	9a6ef35d64f7e22b106cb8267a3327fcd57130f17e29264dde48a522818d1fee	ptm-observation:02c4da33b7181fc8ec00c9bd9b879bdb0cb1f42db91557e363d074cbbbb1f788
UniProtKB:O48917	proteintraitsmech:B06	OK	-1.2455891268652093	1	9a6ef35d64f7e22b106cb8267a3327fcd57130f17e29264dde48a522818d1fee	ptm-observation:166dc1d49543b1192dc415962267457af9c6dd3056056b48bc09374405c119e2
UniProtKB:O48917	proteintraitsmech:B08	OK	-0.26855345911949685	1	9a6ef35d64f7e22b106cb8267a3327fcd57130f17e29264dde48a522818d1fee	ptm-observation:bd6008fb8d2a518765096bc6ac44757e18b7c02b92f1f173a2a5dfd88e787a22
UniProtKB:O48917	proteintraitsmech:B09	OK		1	9a6ef35d64f7e22b106cb8267a3327fcd57130f17e29264dde48a522818d1fee	ptm-observation:3b5cd2ac1b18a98ee712380ea4bf9882fb6cba82d280f76f53e8ba6a6856ed7c
UniProtKB:O48917	proteintraitsmech:B10	OK		1	9a6ef35d64f7e22b106cb8267a3327fcd57130f17e29264dde48a522818d1fee	ptm-observation:1dd2cfa02092fea14be7e4fe0e56484b0a7b95108b2638cd8682c0db562cac82
UniProtKB:O48917	proteintraitsmech:B13	OK		1	9a6ef35d64f7e22b106cb8267a3327fcd57130f17e29264dde48a522818d1fee	ptm-observation:a9ce274b499aa3ad613d52e3f0281667a5f738025c53d8c280573dc86dcbd8f5
UniProtKB:O48917	proteintraitsmech:B16	OK	4.170985027985398	bit	9a6ef35d64f7e22b106cb8267a3327fcd57130f17e29264dde48a522818d1fee	ptm-observation:1523be248b87c8fab334aee6997ab10712ab6293a97b0f2c4238829f06275f4b
UniProtKB:O48917	proteintraitsmech:B22	OK	0.1761006289308176	1	9a6ef35d64f7e22b106cb8267a3327fcd57130f17e29264dde48a522818d1fee	ptm-observation:02c0f6943109e3c5d1df25d48f9469089412fbc8a724b7d22a80945ca3c54235
UniProtKB:O65282	proteintraitsmech:B01	OK	2.6198165924884464	e	158a127e14be60e6ec332a980dbd10fa7fb0725bf53e698cc06e7997695cad0b	ptm-observation:dbb739cc8fc9bb53fc2b2c6a4afcb44f3f106e42cb668cc91f9ed004654d2966
UniProtKB:O65282	proteintraitsmech:B02	OK	8.856074273586273	pH	158a127e14be60e6ec332a980dbd10fa7fb0725bf53e698cc06e7997695cad0b	ptm-observation:9ad47d10f4909e8dfb4f02c7a78cc6bbb42e456bb78b96a57dd1ebe1355e53ce
UniProtKB:O65282	proteintraitsmech:B03	OK	0.13043478260869565	1	158a127e14be60e6ec332a980dbd10fa7fb0725bf53e698cc06e7997695cad0b	ptm-observation:79248a6efa3c9c0776176460ff470820a488a7aa463e8b80befefc6e516ee5bb
UniProtKB:O65282	proteintraitsmech:B04	OK	0.11857707509881422	1	158a127e14be60e6ec332a980dbd10fa7fb0725bf53e698cc06e7997695cad0b	ptm-observation:b09acbfe847c037a2956760e6f6fef7deaa8e57a2997a2d024612f994f0e48c1
UniProtKB:O65282	proteintraitsmech:B05	OK	0.2490118577075099	1	158a127e14be60e6ec332a980dbd10fa7fb0725bf53e698cc06e7997695cad0b	ptm-observation:e9a563bc0e144f595fba1b417b9155096f6abd6e58e5f630c1c12c319c1c942a
UniProtKB:O65282	proteintraitsmech:B06	OK	-1.8710175027061127	1	158a127e14be60e6ec332a980dbd10fa7fb0725bf53e698cc06e7997695cad0b	ptm-observation:cb484d1429b23eb40fa438c331fbde91e0a86fba8e1276123ad3d4bb6b1ca447
UniProtKB:O65282	proteintraitsmech:B08	OK	-0.08260869565217392	1	158a127e14be60e6ec332a980dbd10fa7fb0725bf53e698cc06e7997695cad0b	ptm-observation:aabd92dbd4429c1b918969b8bff6c659591fef2a956e3e4477239f966058ce53
UniProtKB:O65282	proteintraitsmech:B09	OK		1	158a127e14be60e6ec332a980dbd10fa7fb0725bf53e698cc06e7997695cad0b	ptm-observation:c4be10de11fdc75df863dd0fcf9b5038a579f38563f8ba6439cadd7db0430f88
UniProtKB:O65282	proteintraitsmech:B10	OK		1	158a127e14be60e6ec332a980dbd10fa7fb0725bf53e698cc06e7997695cad0b	ptm-observation:f9bc8cd97691761d9f3866885026f7543021f69c5eba4650f6d2fdc464feb0c1
UniProtKB:O65282	proteintraitsmech:B13	OK		1	158a127e14be60e6ec332a980dbd10fa7fb0725bf53e698cc06e7997695cad0b	ptm-observation:e4b8e3d129cb69aba1f9df86f6337cd8e3fcb4519173033f64d373bb4e53a663
UniProtKB:O65282	proteintraitsmech:B16	OK	3.8955141018754436	bit	158a127e14be60e6ec332a980dbd10fa7fb0725bf53e698cc06e7997695cad0b	ptm-observation:b18e8eb2c9c0df18115d7aea021c9e96e0d5c470463d7dd4efb38187a791578d
UniProtKB:O65282	proteintraitsmech:B22	OK	0.233201581027668	1	158a127e14be60e6ec332a980dbd10fa7fb0725bf53e698cc06e7997695cad0b	ptm-observation:a4581bb3d604c8dc88dc9ccd40c4d6464b93649b04344eb3ec449fbca0f65dc4
UniProtKB:O75600	proteintraitsmech:B01	OK	3.5083934079367496	e	610147436d774ee4c780e306ff2912640f7463b648c1b4e9c595f78671ff2192	ptm-observation:b243c95773c155ca5f1c036deb91f0a12e5e1c4328db793760139cbbc80c103a
UniProtKB:O75600	proteintraitsmech:B02	OK	8.297678649425507	pH	610147436d774ee4c780e306ff2912640f7463b648c1b4e9c595f78671ff2192	ptm-observation:7ee903863305944527deae81dbcee9c149e9869a7d4771e8c4f351d55b551e01
UniProtKB:O75600	proteintraitsmech:B03	OK	0.10739856801909307	1	610147436d774ee4c780e306ff2912640f7463b648c1b4e9c595f78671ff2192	ptm-observation:cd8f1c9291ca1c57df11f9dbdaac0692b9a2e88e7bdabe1035e9d3ca3cb7f702
UniProtKB:O75600	proteintraitsmech:B04	OK	0.10023866348448687	1	610147436d774ee4c780e306ff2912640f7463b648c1b4e9c595f78671ff2192	ptm-observation:3dcf379ee3f7fe0d1925118b6a362e3a15f400e22b933b33138b374d93675a31
UniProtKB:O75600	proteintraitsmech:B05	OK	0.20763723150357996	1	610147436d774ee4c780e306ff2912640f7463b648c1b4e9c595f78671ff2192	ptm-observation:c723b2dfdefa5c4c5e709618e6b1dcc2ec73d8fdbebb11a8d54b845ae8503010
UniProtKB:O75600	proteintraitsmech:B06	OK	-0.9678485132860756	1	610147436d774ee4c780e306ff2912640f7463b648c1b4e9c595f78671ff2192	ptm-observation:50bdcd10b12b77fa80e0fad8c96c8b1a6c14ab70b532f47ee96e1b4871726f93
UniProtKB:O75600	proteintraitsmech:B08	OK	-0.012410501193317446	1	610147436d774ee4c780e306ff2912640f7463b648c1b4e9c595f78671ff2192	ptm-observation:8b01b53445d2bcb66e5b08d8107308398885591d2624e1365f3c221405e0c796
UniProtKB:O75600	proteintraitsmech:B09	OK		1	610147436d774ee4c780e306ff2912640f7463b648c1b4e9c595f78671ff2192	ptm-observation:f8ffda58438493e2bd925ef97fc724dd77b916e80450bdbfa76043c9234dc6a1
UniProtKB:O75600	proteintraitsmech:B10	OK		1	610147436d774ee4c780e306ff2912640f7463b648c1b4e9c595f78671ff2192	ptm-observation:9244c30fc6f8daebbc136692395c07729dd34f865253bb936f424d0ad7738960
UniProtKB:O75600	proteintraitsmech:B13	OK		1	610147436d774ee4c780e306ff2912640f7463b648c1b4e9c595f78671ff2192	ptm-observation:d43ec7726382fda74221797c88bb3275ab7a4b09459b586b79640647322b58c5
UniProtKB:O75600	proteintraitsmech:B16	OK	4.092943839361513	bit	610147436d774ee4c780e306ff2912640f7463b648c1b4e9c595f78671ff2192	ptm-observation:ecf16dcf0e953ec10943b39ece05469ebbe9571139b1f569e14d34ee118ae64d
UniProtKB:O75600	proteintraitsmech:B22	OK	0.028639618138424822	1	610147436d774ee4c780e306ff2912640f7463b648c1b4e9c595f78671ff2192	ptm-observation:0ca09d2ed6c2bc7e4386018ef03c3051cf012f5aee72e581a21e2a67b37d2eba
UniProtKB:O82647	proteintraitsmech:B01	OK	-12.212157163757832	e	c9b11069cc1c73c6593ac4a2cbcacaf7d8de7e3a5e7be19f29e75aa704774af4	ptm-observation:532a1efecebad9de144d88cec7df56cd6d123f60fa612af1e1c5ac2baab633d6
UniProtKB:O82647	proteintraitsmech:B02	OK	5.69719272851944	pH	c9b11069cc1c73c6593ac4a2cbcacaf7d8de7e3a5e7be19f29e75aa704774af4	ptm-observation:c770ad2c05d45ed7cc421c6abaf7a1348875fa97e55c4a9d49d980258580d3f1
UniProtKB:O82647	proteintraitsmech:B03	OK	0.085667215815486	1	c9b11069cc1c73c6593ac4a2cbcacaf7d8de7e3a5e7be19f29e75aa704774af4	ptm-observation:100256ccafb6a4ea4897bd6c73b67ffddc2548dd1aeaf40598617679bcd25115
UniProtKB:O82647	proteintraitsmech:B04	OK	0.1070840197693575	1	c9b11069cc1c73c6593ac4a2cbcacaf7d8de7e3a5e7be19f29e75aa704774af4	ptm-observation:96395f208fd06810844cdec16fa33e67c3ccd2e735a598bb5bf5f09de8fb3a45
UniProtKB:O82647	proteintraitsmech:B05	OK	0.1927512355848435	1	c9b11069cc1c73c6593ac4a2cbcacaf7d8de7e3a5e7be19f29e75aa704774af4	ptm-observation:d7c1c2e00b258e28137b7d09c97ee6ffa6d0e0eb72bebb3f82121630809d6b6c
UniProtKB:O82647	proteintraitsmech:B06	OK	1.4131416988855043	1	c9b11069cc1c73c6593ac4a2cbcacaf7d8de7e3a5e7be19f29e75aa704774af4	ptm-observation:4e5745217448647a059f1937615400ba1aaec9bb337b6d502f7ab94af6ffa3fe
UniProtKB:O82647	proteintraitsmech:B08	OK	-0.07808896210873148	1	c9b11069cc1c73c6593ac4a2cbcacaf7d8de7e3a5e7be19f29e75aa704774af4	ptm-observation:41d3cfa5bc9b301499ea1374a7fc5e4be3c148340954580896f626e2d8831019
UniProtKB:O82647	proteintraitsmech:B09	OK		1	c9b11069cc1c73c6593ac4a2cbcacaf7d8de7e3a5e7be19f29e75aa704774af4	ptm-observation:b215dc7dd15b55e5978976d4f963cc326606120ce0e0c23a2e38130df81924e9
UniProtKB:O82647	proteintraitsmech:B10	OK		1	c9b11069cc1c73c6593ac4a2cbcacaf7d8de7e3a5e7be19f29e75aa704774af4	ptm-observation:03c1cf4df8f3f8e5aa98f0a2d2c9e603dad8b56616ca4798eef0edf2e9ca3e10
UniProtKB:O82647	proteintraitsmech:B13	OK		1	c9b11069cc1c73c6593ac4a2cbcacaf7d8de7e3a5e7be19f29e75aa704774af4	ptm-observation:5f00054aa6344e49840dfba070bbb384e17c13fe6f00bd11910ba4f9953490bf
UniProtKB:O82647	proteintraitsmech:B16	OK	4.180736534924049	bit	c9b11069cc1c73c6593ac4a2cbcacaf7d8de7e3a5e7be19f29e75aa704774af4	ptm-observation:ba008ac97c3dccdd151ee2d2298b08313477f93f090231fb929bc8daea7e88f5
UniProtKB:O82647	proteintraitsmech:B22	OK	0.0642504118616145	1	c9b11069cc1c73c6593ac4a2cbcacaf7d8de7e3a5e7be19f29e75aa704774af4	ptm-observation:c00564f3aadc7ffc2e68a82906c5f39c4f088052b5298948dc00c5b1e144e986
UniProtKB:O95980	proteintraitsmech:B01	OK	-7.077581610181612	e	eed1f737e85896209025b3b49563f40c97f76255da3a5e57de804e6a3ffac74d	ptm-observation:366a3a45886451bf729aa131b395df5c56b35988501c8c3474b3b6aac74a0509
UniProtKB:O95980	proteintraitsmech:B02	OK	6.348239839076996	pH	eed1f737e85896209025b3b49563f40c97f76255da3a5e57de804e6a3ffac74d	ptm-observation:49dbb505305dd4f60c2fffcb79f0b0723741b79742ffdf48b31ca7b5bf099abf
UniProtKB:O95980	proteintraitsmech:B03	OK	0.0937178166838311	1	eed1f737e85896209025b3b49563f40c97f76255da3a5e57de804e6a3ffac74d	ptm-observation:4a001a0707f4640470b2f99904e81996d5a8804570847ff4c563bcb3ea165220
UniProtKB:O95980	proteintraitsmech:B04	OK	0.101956745623069	1	eed1f737e85896209025b3b49563f40c97f76255da3a5e57de804e6a3ffac74d	ptm-observation:baeb8f889bf7140acd7636fdb50eccc47fd841438812b24f6de0146ad33abbce
UniProtKB:O95980	proteintraitsmech:B05	OK	0.1956745623069001	1	eed1f737e85896209025b3b49563f40c97f76255da3a5e57de804e6a3ffac74d	ptm-observation:e4c6f2afecb855fcb46bd63877fdab61c69d471560883064406d22f37afac6b0
UniProtKB:O95980	proteintraitsmech:B06	OK	-0.16078942466198165	1	eed1f737e85896209025b3b49563f40c97f76255da3a5e57de804e6a3ffac74d	ptm-observation:1127ed85ad799d91170a8164c4802939e9247a7ecc908c516072d22d71b154e5
UniProtKB:O95980	proteintraitsmech:B08	OK	-0.17394438722966016	1	eed1f737e85896209025b3b49563f40c97f76255da3a5e57de804e6a3ffac74d	ptm-observation:cdfdaaf7ec013b0579d06abbcc2e7738843ac8671a8d0c45bd073b1b48f56a2a
UniProtKB:O95980	proteintraitsmech:B09	OK		1	eed1f737e85896209025b3b49563f40c97f76255da3a5e57de804e6a3ffac74d	ptm-observation:5de57b16620437565a08b2a1d9108c0d53b9c740ad4d8b3ffc6546cf3d438a9d
UniProtKB:O95980	proteintraitsmech:B10	OK		1	eed1f737e85896209025b3b49563f40c97f76255da3a5e57de804e6a3ffac74d	ptm-observation:5a46d4990008ef6ae0095482397ebacc0cc0bdeb86e7cc0678f51692c6d0c045
UniProtKB:O95980	proteintraitsmech:B13	OK		1	eed1f737e85896209025b3b49563f40c97f76255da3a5e57de804e6a3ffac74d	ptm-observation:35a00465009404ce981778a5b674a44e690c85042da741dec7c52cadb59e05bf
UniProtKB:O95980	proteintraitsmech:B16	OK	4.168435136862464	bit	eed1f737e85896209025b3b49563f40c97f76255da3a5e57de804e6a3ffac74d	ptm-observation:6e0c9518ef9fc44588ef65f843aff56e7514b62c10839889053859925943dacb
UniProtKB:O95980	proteintraitsmech:B22	OK	0.0854788877445932	1	eed1f737e85896209025b3b49563f40c97f76255da3a5e57de804e6a3ffac74d	ptm-observation:da00233ee347ac3b0c1baabd357cbd5df66992c583118e2875b0fe3669546663
UniProtKB:P00163	proteintraitsmech:B01	OK	5.5889515449677045	e	9c3b0ce636aca0d6b83617e02901660b1382a0e12f39454e50798705e36e7a1f	ptm-observation:a8ec7380a7dbafd12c96a0284a6035b158bc03db281c5c73c3771badd4804baf
UniProtKB:P00163	proteintraitsmech:B02	OK	8.927389323711395	pH	9c3b0ce636aca0d6b83617e02901660b1382a0e12f39454e50798705e36e7a1f	ptm-observation:3af037cec5ddae21d292f84f00dcfabc218c12962a8d08f4b86ac4a38f2e5c32
UniProtKB:P00163	proteintraitsmech:B03	OK	0.046753246753246755	1	9c3b0ce636aca0d6b83617e02901660b1382a0e12f39454e50798705e36e7a1f	ptm-observation:6ab244749fa37bd924d8bc9ec08133dc0d89bfba88600e443bc619061fc56dad
UniProtKB:P00163	proteintraitsmech:B04	OK	0.033766233766233764	1	9c3b0ce636aca0d6b83617e02901660b1382a0e12f39454e50798705e36e7a1f	ptm-observation:db197588ee04bb0bba276f74973b6cc18d80023890099ce363a4d8f3a2069773
UniProtKB:P00163	proteintraitsmech:B05	OK	0.08051948051948052	1	9c3b0ce636aca0d6b83617e02901660b1382a0e12f39454e50798705e36e7a1f	ptm-observation:cec535d7550d3fb61bb4f2b42e6c6c09de08237fcf0622741b604c86f559e017
UniProtKB:P00163	proteintraitsmech:B06	OK	0.17247433052101102	1	9c3b0ce636aca0d6b83617e02901660b1382a0e12f39454e50798705e36e7a1f	ptm-observation:c52cc1f309921c9296bca4f526bd4ed8b1ed922bbd8cb6403411146ba15a679d
UniProtKB:P00163	proteintraitsmech:B08	OK	0.8285714285714286	1	9c3b0ce636aca0d6b83617e02901660b1382a0e12f39454e50798705e36e7a1f	ptm-observation:abfe8a0563c5d2ffa3be4bfa950dfd576f209a2c921242cd6c9cffc60ce1f621
UniProtKB:P00163	proteintraitsmech:B09	OK		1	9c3b0ce636aca0d6b83617e02901660b1382a0e12f39454e50798705e36e7a1f	ptm-observation:394aa73dd717a2795b11e3564c0156f8828d272418a82000fba9d176ebb37af7
UniProtKB:P00163	proteintraitsmech:B10	OK		1	9c3b0ce636aca0d6b83617e02901660b1382a0e12f39454e50798705e36e7a1f	ptm-observation:d0adc39b6e5709c14f7bf1cb365b7d2a231bb49a6e972f34a9e92d49ce5e742d
UniProtKB:P00163	proteintraitsmech:B13	OK		1	9c3b0ce636aca0d6b83617e02901660b1382a0e12f39454e50798705e36e7a1f	ptm-observation:47cba4f44ca9c7c2359936dfdb6768323bbcb595fb32ce31293854f155477477
UniProtKB:P00163	proteintraitsmech:B16	OK	4.039779600878159	bit	9c3b0ce636aca0d6b83617e02901660b1382a0e12f39454e50798705e36e7a1f	ptm-observation:3781da2ed424101cbab414c6c81308c8330363d16552f60feedf36c812dc9247
UniProtKB:P00163	proteintraitsmech:B22	OK	0.0	1	9c3b0ce636aca0d6b83617e02901660b1382a0e12f39454e50798705e36e7a1f	ptm-observation:3932b668624cd8be44a318e4824265ce77de87b6074e74a7961c3894b47a9251
UniProtKB:P00334	proteintraitsmech:B01	OK	0.84677718789588	e	7f68c130e655b7fd3b349b1de15e5bf5141f471f3040c8624d2f5176aec49eac	ptm-observation:2fba56c3eb371b0ec95c0f5f3b28aca8aa9ad5cd6b0193c2eb55bc3a70c77418
UniProtKB:P00334	proteintraitsmech:B02	OK	7.734291255474091	pH	7f68c130e655b7fd3b349b1de15e5bf5141f471f3040c8624d2f5176aec49eac	ptm-observation:6ea71044d0a41fbfbade5f0f581451209b7af58dae2be85c439c446a991753e7
UniProtKB:P00334	proteintraitsmech:B03	OK	0.08984375	1	7f68c130e655b7fd3b349b1de15e5bf5141f471f3040c8624d2f5176aec49eac	ptm-observation:983b177f2df3fbcd76d5638be90616df0c8715ed8d5640b51b39d33b08eecf52
UniProtKB:P00334	proteintraitsmech:B04	OK	0.0859375	1	7f68c130e655b7fd3b349b1de15e5bf5141f471f3040c8624d2f5176aec49eac	ptm-observation:ce29a70fd8f7d5fc873e6dc8925d3d55a30195764216ee13e80acf5d5860134b
UniProtKB:P00334	proteintraitsmech:B05	OK	0.17578125	1	7f68c130e655b7fd3b349b1de15e5bf5141f471f3040c8624d2f5176aec49eac	ptm-observation:6730e50a7e3325e1c09162c7bb250564858a75071d26bb022e1edb636222bcd5
UniProtKB:P00334	proteintraitsmech:B06	OK	-0.35312021858002546	1	7f68c130e655b7fd3b349b1de15e5bf5141f471f3040c8624d2f5176aec49eac	ptm-observation:549e01be11e7f064d688cd7f5e91502d1f0074e4534b524121783d893d4267eb
UniProtKB:P00334	proteintraitsmech:B08	OK	0.17734375	1	7f68c130e655b7fd3b349b1de15e5bf5141f471f3040c8624d2f5176aec49eac	ptm-observation:dc56b11f85e14b359b9e1790b5364707f540231faf72f2ff37f8edca8a928b83
UniProtKB:P00334	proteintraitsmech:B09	OK		1	7f68c130e655b7fd3b349b1de15e5bf5141f471f3040c8624d2f5176aec49eac	ptm-observation:b0a4f2d3ef7e873c0108cbbc6b36ebbb24035edc4030b78eafd1917c94cccb09
UniProtKB:P00334	proteintraitsmech:B10	OK		1	7f68c130e655b7fd3b349b1de15e5bf5141f471f3040c8624d2f5176aec49eac	ptm-observation:16f9ff9b3becc182fe7bb570fe00c5bc07bde8c80771e17c692b849a423ff39b
UniProtKB:P00334	proteintraitsmech:B13	OK		1	7f68c130e655b7fd3b349b1de15e5bf5141f471f3040c8624d2f5176aec49eac	ptm-observation:c8f83d0ab36f857a01803c43461627f8911113640f10c0897b4febb3807e96d1
UniProtKB:P00334	proteintraitsmech:B16	OK	4.006030028582175	bit	7f68c130e655b7fd3b349b1de15e5bf5141f471f3040c8624d2f5176aec49eac	ptm-observation:2d618f0c11393d70596ba46af42209786856e15d28923f958dedf1ac436edfd9
UniProtKB:P00334	proteintraitsmech:B22	OK	0.0	1	7f68c130e655b7fd3b349b1de15e5bf5141f471f3040c8624d2f5176aec49eac	ptm-observation:397bfd4bf3d6d2a304bd0a5ddf248b5f2a95464a6173c96d5fe2c27c573af8bc
UniProtKB:P00374	proteintraitsmech:B01	OK	-0.21284561833366966	e	f01679b357e85183133b6e765b5bbb10fb34aac343f1185d3cae27b684632907	ptm-observation:b8c5a2e0d8e007a078d20ba1519177c389715a5bdd99ba75fd42ff24b0b2e0bf
UniProtKB:P00374	proteintraitsmech:B02	OK	6.850918233394623	pH	f01679b357e85183133b6e765b5bbb10fb34aac343f1185d3cae27b684632907	ptm-observation:fddeeec7515c2f01d887fcbdc78eacea9d52da4e9666620cde6b1aaca7a0e93d
UniProtKB:P00374	proteintraitsmech:B03	OK	0.13368983957219252	1	f01679b357e85183133b6e765b5bbb10fb34aac343f1185d3cae27b684632907	ptm-observation:e31fd34b33d01db1ff42480c20c3e158a1cc3b8a6a11d2ec14243e22459c27fa
UniProtKB:P00374	proteintraitsmech:B04	OK	0.13368983957219252	1	f01679b357e85183133b6e765b5bbb10fb34aac343f1185d3cae27b684632907	ptm-observation:7a02d2c9c0b9a704d0fb64a17e06d6a969b1bfbca64e8f6d130a966ce080b1af
UniProtKB:P00374	proteintraitsmech:B05	OK	0.26737967914438504	1	f01679b357e85183133b6e765b5bbb10fb34aac343f1185d3cae27b684632907	ptm-observation:aa2e3db6c00749604ce08e14cff207476693a0e1e9fd27a43c661a805f1754af
UniProtKB:P00374	proteintraitsmech:B06	OK	-1.5982613753490278	1	f01679b357e85183133b6e765b5bbb10fb34aac343f1185d3cae27b684632907	ptm-observation:7f71733db48ffc6b5cee7611fd1f2f82f267ae0923ad48d1d14243154eb7b5cb
UniProtKB:P00374	proteintraitsmech:B08	OK	-0.4641711229946524	1	f01679b357e85183133b6e765b5bbb10fb34aac343f1185d3cae27b684632907	ptm-observation:d3c54e0612c7176433639a1e7b2b7391779a8c4153199aca8a0270f6693546da
UniProtKB:P00374	proteintraitsmech:B09	OK		1	f01679b357e85183133b6e765b5bbb10fb34aac343f1185d3cae27b684632907	ptm-observation:4199b3865bafee978eea6699116d94cea9db33bf7b1040249819ef0b3c1ec9c0
UniProtKB:P00374	proteintraitsmech:B10	OK		1	f01679b357e85183133b6e765b5bbb10fb34aac343f1185d3cae27b684632907	ptm-observation:40d82134ae184303f1af8e534ea1bd369c49d2fd102f0255b9e277158793aa57
UniProtKB:P00374	proteintraitsmech:B13	OK		1	f01679b357e85183133b6e765b5bbb10fb34aac343f1185d3cae27b684632907	ptm-observation:0637c15fcb60376c2e9d05547c5bc617acb3c70b7dc64e0ce2801e0f369dbfa9
UniProtKB:P00374	proteintraitsmech:B16	OK	4.1242411114772155	bit	f01679b357e85183133b6e765b5bbb10fb34aac343f1185d3cae27b684632907	ptm-observation:34ea99de04935de67b1179aef7d9ddbf3bdf65c22d4ca5568264a1b354db7200
UniProtKB:P00374	proteintraitsmech:B22	OK	0.0	1	f01679b357e85183133b6e765b5bbb10fb34aac343f1185d3cae27b684632907	ptm-observation:f9ddb8db571cf6b396001db0441b165c3a05c1063a11bb62379e7ffc2527a05a
UniProtKB:P00431	proteintraitsmech:B01	OK	-4.7700225741187	e	69015ce85d2df834dc2396f20eec97c17ee81981532b7dcc6fc1c4174933c028	ptm-observation:36a217215bb137a8e8b6ac1cc66e1ce935cae7503d109544cc9ed274a139b091
UniProtKB:P00431	proteintraitsmech:B02	OK	5.947014033794403	pH	69015ce85d2df834dc2396f20eec97c17ee81981532b7dcc6fc1c4174933c028	ptm-observation:afe17884d10ba33b9d4891929b2e7131b07455dd0699316e3945adc022fa7643
UniProtKB:P00431	proteintraitsmech:B03	OK	0.11080332409972299	1	69015ce85d2df834dc2396f20eec97c17ee81981532b7dcc6fc1c4174933c028	ptm-observation:886fde0bf311ddc7547a85eba762eddb0efe50f67a6f2a901e80e3a03670530a
UniProtKB:P00431	proteintraitsmech:B04	OK	0.12465373961218837	1	69015ce85d2df834dc2396f20eec97c17ee81981532b7dcc6fc1c4174933c028	ptm-observation:69870833c808a135564538f98e80bb0524de84fd270b80154baaa867bc964d4f
UniProtKB:P00431	proteintraitsmech:B05	OK	0.23545706371191136	1	69015ce85d2df834dc2396f20eec97c17ee81981532b7dcc6fc1c4174933c028	ptm-observation:8caa67615978f21e9a6527bddd892d8b09aa6b9cc9af264641fc573a5d093918
UniProtKB:P00431	proteintraitsmech:B06	OK	-1.5467751763085824	1	69015ce85d2df834dc2396f20eec97c17ee81981532b7dcc6fc1c4174933c028	ptm-observation:18f12326f42f703899cfb8cb78815664ab79a2392938bc14709fa5cb4f6cbf99
UniProtKB:P00431	proteintraitsmech:B08	OK	-0.6105263157894737	1	69015ce85d2df834dc2396f20eec97c17ee81981532b7dcc6fc1c4174933c028	ptm-observation:c02307c29a2812945f9333c9a45008866b288eea477721d328782c5d5aad02b1
UniProtKB:P00431	proteintraitsmech:B09	OK		1	69015ce85d2df834dc2396f20eec97c17ee81981532b7dcc6fc1c4174933c028	ptm-observation:90bdec229fcbe3ce8167a05410cd30626334e14bcbc8daa58182e5be74892c8d
UniProtKB:P00431	proteintraitsmech:B10	OK		1	69015ce85d2df834dc2396f20eec97c17ee81981532b7dcc6fc1c4174933c028	ptm-observation:65ed930e9029da804d8cf8e0cc153f88fc65604fe7c4fe76e77834f10e0a4fa3
UniProtKB:P00431	proteintraitsmech:B13	OK		1	69015ce85d2df834dc2396f20eec97c17ee81981532b7dcc6fc1c4174933c028	ptm-observation:5fd6cca2005903340b7617508a0d302ed37a3a94786c3bebcec740b02cd965d9
UniProtKB:P00431	proteintraitsmech:B16	OK	4.128221118567143	bit	69015ce85d2df834dc2396f20eec97c17ee81981532b7dcc6fc1c4174933c028	ptm-observation:57337b6be0cc878d484571a33a4cff30a4ab13bf9d44372af01d5541b07109ef
UniProtKB:P00431	proteintraitsmech:B22	OK	0.16620498614958448	1	69015ce85d2df834dc2396f20eec97c17ee81981532b7dcc6fc1c4174933c028	ptm-observation:4fc64b304fde73ab9d1dd207524a039b4dcd0268dfba0b4bdbf332a124b2fa2b
UniProtKB:P00488	proteintraitsmech:B01	OK	-12.24531024935864	e	46a764779f6a34087a12339f47517c70efcb0aec88c0e3b61a5166d4ba9b7bec	ptm-observation:66f90347e36dc6adbddcda71c70d50a3cb5d9b75f6a64bd6f54756a65477209a
UniProtKB:P00488	proteintraitsmech:B02	OK	5.685219824314117	pH	46a764779f6a34087a12339f47517c70efcb0aec88c0e3b61a5166d4ba9b7bec	ptm-observation:408c665f8e2b65e73738c3fc1a1af935712655772639878ed884c9f832c443d2
UniProtKB:P00488	proteintraitsmech:B03	OK	0.1133879781420765	1	46a764779f6a34087a12339f47517c70efcb0aec88c0e3b61a5166d4ba9b7bec	ptm-observation:5ac600a9e6484a5dbe7188f3032572d6b7d13018ec3dcbd1daae89dbd1b8c835
UniProtKB:P00488	proteintraitsmech:B04	OK	0.13114754098360656	1	46a764779f6a34087a12339f47517c70efcb0aec88c0e3b61a5166d4ba9b7bec	ptm-observation:2a3ae0d3a9ff615a1ede646e2742aa2361b3a236817e98b2dacc01d8c70660bd
UniProtKB:P00488	proteintraitsmech:B05	OK	0.24453551912568305	1	46a764779f6a34087a12339f47517c70efcb0aec88c0e3b61a5166d4ba9b7bec	ptm-observation:8499ff7876a26ee113ad7e5633a4ab40273b878450a7310eb961d1088dbccce9
UniProtKB:P00488	proteintraitsmech:B06	OK	-0.7885595528026539	1	46a764779f6a34087a12339f47517c70efcb0aec88c0e3b61a5166d4ba9b7bec	ptm-observation:7bc496f540d15f9993529e2045d89ca77958d0415f6641c281fcf0eaa9ecdf59
UniProtKB:P00488	proteintraitsmech:B08	OK	-0.39139344262295084	1	46a764779f6a34087a12339f47517c70efcb0aec88c0e3b61a5166d4ba9b7bec	ptm-observation:e00b048d74e434032d960706716bfea92332eae378608a4536801c45dbfaed61
UniProtKB:P00488	proteintraitsmech:B09	OK		1	46a764779f6a34087a12339f47517c70efcb0aec88c0e3b61a5166d4ba9b7bec	ptm-observation:145108995eb652bca00a1ce9c4e0864d00d49fd45b0895b2464da815abd7dcbd
UniProtKB:P00488	proteintraitsmech:B10	OK		1	46a764779f6a34087a12339f47517c70efcb0aec88c0e3b61a5166d4ba9b7bec	ptm-observation:8c6e03486ea901cfb479d2165ac45f97a374007b970b79f7b738272ebf6133ce
UniProtKB:P00488	proteintraitsmech:B13	OK		1	46a764779f6a34087a12339f47517c70efcb0aec88c0e3b61a5166d4ba9b7bec	ptm-observation:f442e3bfeee8348d85462e9c2a5f3c1db481b39aacfb3efaa9b58273a31a525a
UniProtKB:P00488	proteintraitsmech:B16	OK	4.19829323498444	bit	46a764779f6a34087a12339f47517c70efcb0aec88c0e3b61a5166d4ba9b7bec	ptm-observation:8b661fe30ec4b84f113eeee39f3b13a389885fa608dc914a3a62f2231ce418b2
UniProtKB:P00488	proteintraitsmech:B22	OK	0.040983606557377046	1	46a764779f6a34087a12339f47517c70efcb0aec88c0e3b61a5166d4ba9b7bec	ptm-observation:11d4ca0cfdd55249df460db976c84cb846006905fb59dfcb58b6b81089a0e52c
UniProtKB:P00491	proteintraitsmech:B01	OK	-1.7978465783612747	e	26869a7fa856d719c193b67a32ea0b6e3508c17ae6b4a22b7ec5e3fcce984a5f	ptm-observation:bc14f547bc4ecacc972c99463e65a947a2ec42b0e5b297f455fd4bfabf1d10e3
UniProtKB:P00491	proteintraitsmech:B02	OK	6.4542043805122375	pH	26869a7fa856d719c193b67a32ea0b6e3508c17ae6b4a22b7ec5e3fcce984a5f	ptm-observation:ae3f7334c450b9f1b367f02dfa076e9f44f90897e63e2eaa1e47a92806954766
UniProtKB:P00491	proteintraitsmech:B03	OK	0.10034602076124567	1	26869a7fa856d719c193b67a32ea0b6e3508c17ae6b4a22b7ec5e3fcce984a5f	ptm-observation:21c7765e9085f3c685962d46f9d7b1a540850775d9bfa0f1a9b5b9bf7b8e2638
UniProtKB:P00491	proteintraitsmech:B04	OK	0.10726643598615918	1	26869a7fa856d719c193b67a32ea0b6e3508c17ae6b4a22b7ec5e3fcce984a5f	ptm-observation:5afbc7965da15b62daba6ecb447dede02ae27482d9fc6620d186c381d62375da
UniProtKB:P00491	proteintraitsmech:B05	OK	0.20761245674740483	1	26869a7fa856d719c193b67a32ea0b6e3508c17ae6b4a22b7ec5e3fcce984a5f	ptm-observation:51799a216e9a5ccdf1b337a8995acbfe0739bb7aded50cfb883a9b41f76eca6b
UniProtKB:P00491	proteintraitsmech:B06	OK	-0.3097436826258607	1	26869a7fa856d719c193b67a32ea0b6e3508c17ae6b4a22b7ec5e3fcce984a5f	ptm-observation:0b32bd8e3250d73eb47ac731550395f57630e353fafc256d2f72c3207d0150da
UniProtKB:P00491	proteintraitsmech:B08	OK	-0.16643598615916957	1	26869a7fa856d719c193b67a32ea0b6e3508c17ae6b4a22b7ec5e3fcce984a5f	ptm-observation:83e6d8499b691dcc617276f6af7495d3c9e7af6711dac1f7862e37fb346af894
UniProtKB:P00491	proteintraitsmech:B09	OK		1	26869a7fa856d719c193b67a32ea0b6e3508c17ae6b4a22b7ec5e3fcce984a5f	ptm-observation:25e705287ca77a5e96e46d55a924dca46377c24df4e7317def00d8f73e489c37
UniProtKB:P00491	proteintraitsmech:B10	OK		1	26869a7fa856d719c193b67a32ea0b6e3508c17ae6b4a22b7ec5e3fcce984a5f	ptm-observation:5b848595b77df6fe21355288a627beedff11282f5e65fb2ac3b1467056f44ce9
UniProtKB:P00491	proteintraitsmech:B13	OK		1	26869a7fa856d719c193b67a32ea0b6e3508c17ae6b4a22b7ec5e3fcce984a5f	ptm-observation:06c8a89152f40a97964fd4155b08f54abdc3547af1bc68836eedf6d252b477ba
UniProtKB:P00491	proteintraitsmech:B16	OK	4.174800611317867	bit	26869a7fa856d719c193b67a32ea0b6e3508c17ae6b4a22b7ec5e3fcce984a5f	ptm-observation:c958e3cc7d535c939ead6d118d177cf8cb125993e5e60baca4c476a3daf69380
UniProtKB:P00491	proteintraitsmech:B22	OK	0.0	1	26869a7fa856d719c193b67a32ea0b6e3508c17ae6b4a22b7ec5e3fcce984a5f	ptm-observation:cda3515f834d1cbc55b1ecfe16263c6b57f50b04b4c0e0cfd068710047ff7310
UniProtKB:P00492	proteintraitsmech:B01	OK	-2.0816412198591734	e	819c9375ca8203a769c0057f7559e710fe631aed473659d15334841a9cb908e5	ptm-observation:627fac8d84a86872624228676a607a1ec439fd6eb7e4d1cb48726fcdf875a452
UniProtKB:P00492	proteintraitsmech:B02	OK	6.2107725739479065	pH	819c9375ca8203a769c0057f7559e710fe631aed473659d15334841a9cb908e5	ptm-observation:7c8eee438c1f1f315c5db449657d79f5631c3ff93d601cd82c38afe8400d52f1
UniProtKB:P00492	proteintraitsmech:B03	OK	0.12844036697247707	1	819c9375ca8203a769c0057f7559e710fe631aed473659d15334841a9cb908e5	ptm-observation:46aab0ffbe325b55cba3ba374880cb87df16de4adb71862190953a2570326333
UniProtKB:P00492	proteintraitsmech:B04	OK	0.13761467889908258	1	819c9375ca8203a769c0057f7559e710fe631aed473659d15334841a9cb908e5	ptm-observation:479df5bca9ec3c62d83760ab811f260db1edf27bda7148c83755591e503e2a26
UniProtKB:P00492	proteintraitsmech:B05	OK	0.26605504587155965	1	819c9375ca8203a769c0057f7559e710fe631aed473659d15334841a9cb908e5	ptm-observation:c1d31dc9db56c2f1084b5b43e86e85735bd23cb66b492733c24870c37638c2e0
UniProtKB:P00492	proteintraitsmech:B06	OK	-1.2511016276189113	1	819c9375ca8203a769c0057f7559e710fe631aed473659d15334841a9cb908e5	ptm-observation:cc431c6e3cfd10e151498c6a8fecc1b07974fb3383a4b53a6c8338d2bad34588
UniProtKB:P00492	proteintraitsmech:B08	OK	-0.13623853211009176	1	819c9375ca8203a769c0057f7559e710fe631aed473659d15334841a9cb908e5	ptm-observation:1921fc8267396584d160aa3ab6e10ad672676fe95c02224d6e52a90ee9600961
UniProtKB:P00492	proteintraitsmech:B09	OK		1	819c9375ca8203a769c0057f7559e710fe631aed473659d15334841a9cb908e5	ptm-observation:f3eafeed8a90c03d124c6cfc7bec4676c032486d8cd40253c875d5ee179d6a17
UniProtKB:P00492	proteintraitsmech:B10	OK		1	819c9375ca8203a769c0057f7559e710fe631aed473659d15334841a9cb908e5	ptm-observation:b56c53346d065147a1822a5fb6f92251dcb131c4ac9fa3340245b39d8e63b676
UniProtKB:P00492	proteintraitsmech:B13	OK		1	819c9375ca8203a769c0057f7559e710fe631aed473659d15334841a9cb908e5	ptm-observation:2b086c301d2cd9e6d5997e5b6e33289a279910cca141304aed7922f7993139ad
UniProtKB:P00492	proteintraitsmech:B16	OK	4.091471873258178	bit	819c9375ca8203a769c0057f7559e710fe631aed473659d15334841a9cb908e5	ptm-observation:8aa86c04704c8a4150dbdfe862d44d249d976f0e59745403555f91983b569cc5
UniProtKB:P00492	proteintraitsmech:B22	OK	0.04128440366972477	1	819c9375ca8203a769c0057f7559e710fe631aed473659d15334841a9cb908e5	ptm-observation:f4117d7a22cb849285facb03cfecca58d908fe166634bb65637945e69c6c50bf
UniProtKB:P00722	proteintraitsmech:B01	OK	-37.49977045524689	e	d192d45958b03c26f677259276df226f5442462bf8c0a20fea4a10f0f426ad39	ptm-observation:1bd6ef056d0bdfd473879729667beb2955a0e3fe8bfb3e8474a65f287a14087f
UniProtKB:P00722	proteintraitsmech:B02	OK	5.276775896549225	pH	d192d45958b03c26f677259276df226f5442462bf8c0a20fea4a10f0f426ad39	ptm-observation:5e9a5a69b3c36265c40b87f5786121fada8a067e9c29d87ea7aa5a9fa1dff35e
UniProtKB:P00722	proteintraitsmech:B03	OK	0.083984375	1	d192d45958b03c26f677259276df226f5442462bf8c0a20fea4a10f0f426ad39	ptm-observation:d08afd7f77c890a0db0aad0efb35d94703357e377517ac15baaa6c88c769e615
UniProtKB:P00722	proteintraitsmech:B04	OK	0.123046875	1	d192d45958b03c26f677259276df226f5442462bf8c0a20fea4a10f0f426ad39	ptm-observation:1d11bccfdd340dd6f0fb0a401e7514322ab06d389da599346dbf025c4cd77d5d
UniProtKB:P00722	proteintraitsmech:B05	OK	0.20703125	1	d192d45958b03c26f677259276df226f5442462bf8c0a20fea4a10f0f426ad39	ptm-observation:20d42f1ddcf27133741097e59a0a05f5b360061b4c5f24a2e1b2e1c0cbc397ca
UniProtKB:P00722	proteintraitsmech:B06	OK	12.893387560601443	1	d192d45958b03c26f677259276df226f5442462bf8c0a20fea4a10f0f426ad39	ptm-observation:960d88834d3c5072017f64e99a28c98979ef71b5206313f92ff3d06419013e8b
UniProtKB:P00722	proteintraitsmech:B08	OK	-0.432421875	1	d192d45958b03c26f677259276df226f5442462bf8c0a20fea4a10f0f426ad39	ptm-observation:64842628b17f13317387e96d9da5802258af93ca19591feb1cf31aead1ec9ff8
UniProtKB:P00722	proteintraitsmech:B09	OK		1	d192d45958b03c26f677259276df226f5442462bf8c0a20fea4a10f0f426ad39	ptm-observation:cd5e82e08412aa98df45dc48d969fe52be190e9cff980549795aed57c8155848
UniProtKB:P00722	proteintraitsmech:B10	OK		1	d192d45958b03c26f677259276df226f5442462bf8c0a20fea4a10f0f426ad39	ptm-observation:d5b3d9ed7afb3144c7b629b30ff940a036993b6da57de48e28af10ffe2ae9636
UniProtKB:P00722	proteintraitsmech:B13	OK		1	d192d45958b03c26f677259276df226f5442462bf8c0a20fea4a10f0f426ad39	ptm-observation:086c6ed50da00d3243e40fbd7476086aec144b7dc286c64d0926c7fb6f6e0b3f
UniProtKB:P00722	proteintraitsmech:B16	OK	4.203369774030413	bit	d192d45958b03c26f677259276df226f5442462bf8c0a20fea4a10f0f426ad39	ptm-observation:d29a4710be921d4b576fc33d68a5a7e4c973a3c36574cb8a1298f127e8e4bcd1
UniProtKB:P00722	proteintraitsmech:B22	OK	0.0	1	d192d45958b03c26f677259276df226f5442462bf8c0a20fea4a10f0f426ad39	ptm-observation:0c00df9dc27ffcea6704916759dad8cfb21a931a6ac46d117f2fcb85d2a914a2
UniProtKB:P00747	proteintraitsmech:B01	OK	0.2356798705120141	e	082ef6cfa8a9d5c17782cc036623a4c0ece915fc6a420e54678ff55dab70b98e	ptm-observation:953c970d00c1a1c2c6c50dcee66b540602182029147a6ee2e87b203a7b567e42
UniProtKB:P00747	proteintraitsmech:B02	OK	7.035811483860016	pH	082ef6cfa8a9d5c17782cc036623a4c0ece915fc6a420e54678ff55dab70b98e	ptm-observation:0fc65cfa8f817817b1cf1a906a3fbc877c8455c124176657866b4cea5113df83
UniProtKB:P00747	proteintraitsmech:B03	OK	0.11234567901234568	1	082ef6cfa8a9d5c17782cc036623a4c0ece915fc6a420e54678ff55dab70b98e	ptm-observation:9111cfcacf9fc15f94faeea141a082c2cbc3d555d19e8c20a1aef550901382d0
UniProtKB:P00747	proteintraitsmech:B04	OK	0.11358024691358025	1	082ef6cfa8a9d5c17782cc036623a4c0ece915fc6a420e54678ff55dab70b98e	ptm-observation:f01962c29de19990b8ae9411e1461fc27932f611b196252bc889dead88749dda
UniProtKB:P00747	proteintraitsmech:B05	OK	0.22592592592592592	1	082ef6cfa8a9d5c17782cc036623a4c0ece915fc6a420e54678ff55dab70b98e	ptm-observation:b11e1da775e74c4f6422120f063010c0498e819059b98dfd4e759748bbe12337
UniProtKB:P00747	proteintraitsmech:B06	OK	-0.9093545278039639	1	082ef6cfa8a9d5c17782cc036623a4c0ece915fc6a420e54678ff55dab70b98e	ptm-observation:3288b3fdde409a8cdc798c8a94ed6a46067ab1110824857bf8b3f3b2dcaefa1b
UniProtKB:P00747	proteintraitsmech:B08	OK	-0.6875308641975308	1	082ef6cfa8a9d5c17782cc036623a4c0ece915fc6a420e54678ff55dab70b98e	ptm-observation:1313f4458e5bec1072d8d47b02fe094c9f4e655fd23be6c87dd485d764183f67
UniProtKB:P00747	proteintraitsmech:B09	OK		1	082ef6cfa8a9d5c17782cc036623a4c0ece915fc6a420e54678ff55dab70b98e	ptm-observation:be6af537c37ee0ccdc79300b27776f07cbccba4189a1cdab3eb8759cc60fc55c
UniProtKB:P00747	proteintraitsmech:B10	OK		1	082ef6cfa8a9d5c17782cc036623a4c0ece915fc6a420e54678ff55dab70b98e	ptm-observation:c7fe985d2634dc8d52d06894d1eecf4f86c04df968fb53d60054a20cff1a5618
UniProtKB:P00747	proteintraitsmech:B13	OK		1	082ef6cfa8a9d5c17782cc036623a4c0ece915fc6a420e54678ff55dab70b98e	ptm-observation:82f39eb5f640b44b141109687b8f1c6cc0c0f77dd59f8dc4402f1d85c606ff39
UniProtKB:P00747	proteintraitsmech:B16	OK	4.20454299187356	bit	082ef6cfa8a9d5c17782cc036623a4c0ece915fc6a420e54678ff55dab70b98e	ptm-observation:986c995b62e63b108688605026d80a9a878aa5db4897eeb9c23c764f8c3bcd95
UniProtKB:P00747	proteintraitsmech:B22	OK	0.08765432098765433	1	082ef6cfa8a9d5c17782cc036623a4c0ece915fc6a420e54678ff55dab70b98e	ptm-observation:041ffe48deacc85791436b54671a35a0d1cd4735ade75edf5862f0877823595e
UniProtKB:P00805	proteintraitsmech:B01	OK	-2.2440349838686813	e	f21f7537936dc4ec9c94da40e2c2dde5678ded5fa0cb14f8a7adcf72dddf0b69	ptm-observation:eab7ac55290ea2714e80cb94f6315427ccb390c4d848c65934538f6ff01b5d84
UniProtKB:P00805	proteintraitsmech:B02	OK	5.9560821652412415	pH	f21f7537936dc4ec9c94da40e2c2dde5678ded5fa0cb14f8a7adcf72dddf0b69	ptm-observation:43ade2707f3e364cd28be7a84e501057dbcb03e9063e7215174a84b22247a3dd
UniProtKB:P00805	proteintraitsmech:B03	OK	0.09195402298850575	1	f21f7537936dc4ec9c94da40e2c2dde5678ded5fa0cb14f8a7adcf72dddf0b69	ptm-observation:cf52c3c18cf32233dccdb1454223506513a6332e3ce9597b2006c2f00fc3ae83
UniProtKB:P00805	proteintraitsmech:B04	OK	0.09770114942528736	1	f21f7537936dc4ec9c94da40e2c2dde5678ded5fa0cb14f8a7adcf72dddf0b69	ptm-observation:d249b40e40e5a7a201f2fb8bb0d55348bd9777ac82426fecfa4249fc11acff6f
UniProtKB:P00805	proteintraitsmech:B05	OK	0.1896551724137931	1	f21f7537936dc4ec9c94da40e2c2dde5678ded5fa0cb14f8a7adcf72dddf0b69	ptm-observation:a7061f7d99049009f8ecc49d26c9fb6da40bdbf5952ab0f62afd2bfa9cc2221f
UniProtKB:P00805	proteintraitsmech:B06	OK	-0.4851494378642085	1	f21f7537936dc4ec9c94da40e2c2dde5678ded5fa0cb14f8a7adcf72dddf0b69	ptm-observation:2b7eb500ac5bc256d5fb871d3c5d842d1d0bdb9321204fb62e5dccd1853bca2a
UniProtKB:P00805	proteintraitsmech:B08	OK	-0.11350574712643678	1	f21f7537936dc4ec9c94da40e2c2dde5678ded5fa0cb14f8a7adcf72dddf0b69	ptm-observation:c96c69c1d45cdcefa5e645fdaec7da4c679459042df6d427546666e27078b7d8
UniProtKB:P00805	proteintraitsmech:B09	OK		1	f21f7537936dc4ec9c94da40e2c2dde5678ded5fa0cb14f8a7adcf72dddf0b69	ptm-observation:bb2236ab28973b9e46c339452d558fb680e304ecf949b68fe527e7ef15f6e297
UniProtKB:P00805	proteintraitsmech:B10	OK		1	f21f7537936dc4ec9c94da40e2c2dde5678ded5fa0cb14f8a7adcf72dddf0b69	ptm-observation:a1e9a5a9341d48d92c7c3bda71982369390884910e1378441d8e9dc12e253ef7
UniProtKB:P00805	proteintraitsmech:B13	OK		1	f21f7537936dc4ec9c94da40e2c2dde5678ded5fa0cb14f8a7adcf72dddf0b69	ptm-observation:8bfd1b6f2e4bc5c82d919bdcc5b113b55f562c9ae7b866ff417876d22dee190d
UniProtKB:P00805	proteintraitsmech:B16	OK	3.9806999590207197	bit	f21f7537936dc4ec9c94da40e2c2dde5678ded5fa0cb14f8a7adcf72dddf0b69	ptm-observation:b81f5334623df34e44d6dfd294d0968059d752bd73b8a381aec4d06432c59aad
UniProtKB:P00805	proteintraitsmech:B22	OK	0.10344827586206896	1	f21f7537936dc4ec9c94da40e2c2dde5678ded5fa0cb14f8a7adcf72dddf0b69	ptm-observation:916d689458a4bf98457d92e1d1237ffef235644a7a2a684985142ba3c6fedd2c
UniProtKB:P00864	proteintraitsmech:B01	OK	-16.251557536578616	e	12bf79701f86653a217d5a45a69d7900c55c0fc8b3026669d46623e537890a1e	ptm-observation:aebbb02012a4ebe4044b7778290359c45ccedee875ffb1b7a32986aaecdddba6
UniProtKB:P00864	proteintraitsmech:B02	OK	5.516823947429657	pH	12bf79701f86653a217d5a45a69d7900c55c0fc8b3026669d46623e537890a1e	ptm-observation:e38f84a83e216f528a54e43bb2c2aa178344cbb220a4de20addf03411507726e
UniProtKB:P00864	proteintraitsmech:B03	OK	0.11325028312570781	1	12bf79701f86653a217d5a45a69d7900c55c0fc8b3026669d46623e537890a1e	ptm-observation:54c0afbf3d50ef1fd49eb98d2e229b2f7774369f213eeb8b3ba794af6fadb973
UniProtKB:P00864	proteintraitsmech:B04	OK	0.13250283125707815	1	12bf79701f86653a217d5a45a69d7900c55c0fc8b3026669d46623e537890a1e	ptm-observation:196995464e601a48c3cba1bce95cda57671406b7789d2c4fdec091207b39c3e8
UniProtKB:P00864	proteintraitsmech:B05	OK	0.24575311438278596	1	12bf79701f86653a217d5a45a69d7900c55c0fc8b3026669d46623e537890a1e	ptm-observation:a8d9fce6e5603fc0d7640291d18d518ff26868d5b8715237cd943c9e7c0e5c97
UniProtKB:P00864	proteintraitsmech:B06	OK	1.7785261979780247	1	12bf79701f86653a217d5a45a69d7900c55c0fc8b3026669d46623e537890a1e	ptm-observation:38763f706108d6f99ef2a543d50b98d77982e361c591440330ddbafad2c6a840
UniProtKB:P00864	proteintraitsmech:B08	OK	-0.2767836919592299	1	12bf79701f86653a217d5a45a69d7900c55c0fc8b3026669d46623e537890a1e	ptm-observation:8d0ba863f7c3db22ffe9f5c68946bbd81ecbd71f7e846c58ba49feaa72a5bf6d
UniProtKB:P00864	proteintraitsmech:B09	OK		1	12bf79701f86653a217d5a45a69d7900c55c0fc8b3026669d46623e537890a1e	ptm-observation:42963cd9a1441905a7034de6397e0d3d37a5e78f5d9120446860bb8ce787a5ce
UniProtKB:P00864	proteintraitsmech:B10	OK		1	12bf79701f86653a217d5a45a69d7900c55c0fc8b3026669d46623e537890a1e	ptm-observation:4abb7a54adda78fec090f4adfaede111b20ce8333fd4ca3ce55fd53210cfd249
UniProtKB:P00864	proteintraitsmech:B13	OK		1	12bf79701f86653a217d5a45a69d7900c55c0fc8b3026669d46623e537890a1e	ptm-observation:e0c374cb2ad39ed8e71d434142b5d1d99f6720031bfdbb0a1f8e003df71ff8bd
UniProtKB:P00864	proteintraitsmech:B16	OK	4.097478902838919	bit	12bf79701f86653a217d5a45a69d7900c55c0fc8b3026669d46623e537890a1e	ptm-observation:b28a23b41e8bde4f5b89992f9fc1416e31c1fabc47a341e6993481fbab5cdcf7
UniProtKB:P00864	proteintraitsmech:B22	OK	0.0	1	12bf79701f86653a217d5a45a69d7900c55c0fc8b3026669d46623e537890a1e	ptm-observation:f44fa6c0535622575d45e0a5501912b6ed24c92b53fd3d1f5cd0624f11b8e6c9
UniProtKB:P00909	proteintraitsmech:B01	OK	-10.547089511378	e	a0443e96d9e4599d626ac4e5f5a8e9459818b6bda811d4d677d1cf9d3c619e68	ptm-observation:1c2669dd3ff69b85a2e40186ed747bd8a30abea1dd6bace6986b165ce815160c
UniProtKB:P00909	proteintraitsmech:B02	OK	5.510614693164825	pH	a0443e96d9e4599d626ac4e5f5a8e9459818b6bda811d4d677d1cf9d3c619e68	ptm-observation:ca8ff266afa8762f32eb6a438ab607d2b517a20c8728bc2c9ace1593810d45ff
UniProtKB:P00909	proteintraitsmech:B03	OK	0.09050772626931568	1	a0443e96d9e4599d626ac4e5f5a8e9459818b6bda811d4d677d1cf9d3c619e68	ptm-observation:b3b63ec427399b748a9162844714e531c68904e336d996a843434a89857c61e7
UniProtKB:P00909	proteintraitsmech:B04	OK	0.11479028697571744	1	a0443e96d9e4599d626ac4e5f5a8e9459818b6bda811d4d677d1cf9d3c619e68	ptm-observation:fbb64a84083d56e8b08c2d8957cbe2f48676e3a90c053d4123231f1d98910fb3
UniProtKB:P00909	proteintraitsmech:B05	OK	0.2052980132450331	1	a0443e96d9e4599d626ac4e5f5a8e9459818b6bda811d4d677d1cf9d3c619e68	ptm-observation:609f853b6221c41b2d953054781f3c714910c11994667416f5c71faccd3e9750
UniProtKB:P00909	proteintraitsmech:B06	OK	0.4984503556350312	1	a0443e96d9e4599d626ac4e5f5a8e9459818b6bda811d4d677d1cf9d3c619e68	ptm-observation:6e3196841ae99253932095577a3d2798fae193ab3773d09d337d3a6a45b0faa1
UniProtKB:P00909	proteintraitsmech:B08	OK	-0.020971302428256088	1	a0443e96d9e4599d626ac4e5f5a8e9459818b6bda811d4d677d1cf9d3c619e68	ptm-observation:1d7676c50ca7e2a9c444ff089eea8c21016b0b27d51d1e54ee44f6e5fb207516
UniProtKB:P00909	proteintraitsmech:B09	OK		1	a0443e96d9e4599d626ac4e5f5a8e9459818b6bda811d4d677d1cf9d3c619e68	ptm-observation:5ae9cec1f5490c90491007bd12f7a96b263c83f7246af255519ebbe0824aaffc
UniProtKB:P00909	proteintraitsmech:B10	OK		1	a0443e96d9e4599d626ac4e5f5a8e9459818b6bda811d4d677d1cf9d3c619e68	ptm-observation:077c16d114fb6e7432d2939992584ae400121793a8800d24868c1757a3fa327b
UniProtKB:P00909	proteintraitsmech:B13	OK		1	a0443e96d9e4599d626ac4e5f5a8e9459818b6bda811d4d677d1cf9d3c619e68	ptm-observation:0f67ced33b2180ebfd79be8f70dfda1cff6d4f9857e0669bb2f550b744276ae1
UniProtKB:P00909	proteintraitsmech:B16	OK	4.070035513237281	bit	a0443e96d9e4599d626ac4e5f5a8e9459818b6bda811d4d677d1cf9d3c619e68	ptm-observation:5ae5ab1c7ab9ba978ee1ccee3e69d507e068ffe99c1ea5fe9c989727a849f1ed
UniProtKB:P00909	proteintraitsmech:B22	OK	0.0	1	a0443e96d9e4599d626ac4e5f5a8e9459818b6bda811d4d677d1cf9d3c619e68	ptm-observation:7e7e31b6e9e53b7c82753a2b28f31c5938e096bbc5e8a05e5d773ae31b085714
UniProtKB:P00914	proteintraitsmech:B01	OK	-1.1774879829891574	e	92f1a32db6b58742950b205e98090ae49f4f8e17aaf589ac97725772cd4517ea	ptm-observation:a0413f70beab072cdc0bc1409072b74390c0f2e70bc1c5327b37351207a47030
UniProtKB:P00914	proteintraitsmech:B02	OK	6.743730366230011	pH	92f1a32db6b58742950b205e98090ae49f4f8e17aaf589ac97725772cd4517ea	ptm-observation:47770b77099910f745d83b858e7476e66c72d9e76b177fb517a83e511b2f4b63
UniProtKB:P00914	proteintraitsmech:B03	OK	0.10805084745762712	1	92f1a32db6b58742950b205e98090ae49f4f8e17aaf589ac97725772cd4517ea	ptm-observation:92cb413be13361db96b8effde975def4ca07605e0410b0a56835409f464d779d
UniProtKB:P00914	proteintraitsmech:B04	OK	0.11228813559322035	1	92f1a32db6b58742950b205e98090ae49f4f8e17aaf589ac97725772cd4517ea	ptm-observation:eadc7c4ec08a4b308cea3d01c46ec46fe017295dffd09a82cc2e33249a3d081e
UniProtKB:P00914	proteintraitsmech:B05	OK	0.22033898305084745	1	92f1a32db6b58742950b205e98090ae49f4f8e17aaf589ac97725772cd4517ea	ptm-observation:d5b8737666e77261a4870af10a5191f31b1d6a48cc4fe6c54f899fe1c9164ede
UniProtKB:P00914	proteintraitsmech:B06	OK	-0.5488973064191168	1	92f1a32db6b58742950b205e98090ae49f4f8e17aaf589ac97725772cd4517ea	ptm-observation:d863d55895e9f30c9209c95cbc93b64365719666a188840f75aa2def625af59f
UniProtKB:P00914	proteintraitsmech:B08	OK	-0.3949152542372881	1	92f1a32db6b58742950b205e98090ae49f4f8e17aaf589ac97725772cd4517ea	ptm-observation:2c0002abd0890a09798e18b3215b8e4bd4f963bfe4bedb00d0987a5bbd09a906
UniProtKB:P00914	proteintraitsmech:B09	OK		1	92f1a32db6b58742950b205e98090ae49f4f8e17aaf589ac97725772cd4517ea	ptm-observation:a551659bcbe103c8cba65aaf0049b9db8e3a658cec3744493ebc8b03562d7ea8
UniProtKB:P00914	proteintraitsmech:B10	OK		1	92f1a32db6b58742950b205e98090ae49f4f8e17aaf589ac97725772cd4517ea	ptm-observation:75ee146396c3be942366315747c8be8388c87280978d0dee6b8a703e83d88c70
UniProtKB:P00914	proteintraitsmech:B13	OK		1	92f1a32db6b58742950b205e98090ae49f4f8e17aaf589ac97725772cd4517ea	ptm-observation:38c243c35dbc2892698f24ef6c7cdbd97d86cea5ad5040e447598e0c41719398
UniProtKB:P00914	proteintraitsmech:B16	OK	4.183032631758449	bit	92f1a32db6b58742950b205e98090ae49f4f8e17aaf589ac97725772cd4517ea	ptm-observation:96b6bc14b9a6e93f63342e708dee80ee20a7d7431a47d4aa2b603ea4833fcb5f
UniProtKB:P00914	proteintraitsmech:B22	OK	0.0	1	92f1a32db6b58742950b205e98090ae49f4f8e17aaf589ac97725772cd4517ea	ptm-observation:6ea26b2b78efb6f2ec805bff5f3e6dce7188f304e16d7f74b415cc8671639545
UniProtKB:P00967	proteintraitsmech:B01	OK	-1.7572569872001238	e	a65eee736f24a73fc27f210832ab0a35edf905826991fb7e2c34cbcc10a95f0b	ptm-observation:82f879635858863d6b1e9e87e8cb238d90431cd945c4a368abc3897c3b84d791
UniProtKB:P00967	proteintraitsmech:B02	OK	6.80570524930954	pH	a65eee736f24a73fc27f210832ab0a35edf905826991fb7e2c34cbcc10a95f0b	ptm-observation:37e125fb689df1f7a96c39d27501ec9814de73759d5deb00d4847dac0b89b0c3
UniProtKB:P00967	proteintraitsmech:B03	OK	0.10125646711012565	1	a65eee736f24a73fc27f210832ab0a35edf905826991fb7e2c34cbcc10a95f0b	ptm-observation:d710a82c780ced2c9360d7e7d55599db76d0631492951b9767d26f11bb1713b0
UniProtKB:P00967	proteintraitsmech:B04	OK	0.10421286031042129	1	a65eee736f24a73fc27f210832ab0a35edf905826991fb7e2c34cbcc10a95f0b	ptm-observation:18b1983379151bdb165b2665ef98cbe379e92267a2e11c23645b4230bc0d3ca9
UniProtKB:P00967	proteintraitsmech:B05	OK	0.20546932742054694	1	a65eee736f24a73fc27f210832ab0a35edf905826991fb7e2c34cbcc10a95f0b	ptm-observation:8116abd05cf0223b08dbd1a0a02580275fe4781921dfc8b729c4455f24948061
UniProtKB:P00967	proteintraitsmech:B06	OK	-1.2276625671660852	1	a65eee736f24a73fc27f210832ab0a35edf905826991fb7e2c34cbcc10a95f0b	ptm-observation:0d76e8a1e089b8fec326b5f11ebbd7b6410ba26bdf0781423158e92032cd9f55
UniProtKB:P00967	proteintraitsmech:B08	OK	0.020325203252032506	1	a65eee736f24a73fc27f210832ab0a35edf905826991fb7e2c34cbcc10a95f0b	ptm-observation:e8c65a22d696d98a5c505b4da251afb8c28addf988111a535cc4e2a79be3358e
UniProtKB:P00967	proteintraitsmech:B09	OK		1	a65eee736f24a73fc27f210832ab0a35edf905826991fb7e2c34cbcc10a95f0b	ptm-observation:74b9346e72ef00ecaf0154c395004ae186ac300fe0227626bdbfdc20b2196833
UniProtKB:P00967	proteintraitsmech:B10	OK		1	a65eee736f24a73fc27f210832ab0a35edf905826991fb7e2c34cbcc10a95f0b	ptm-observation:f4e9f4f4f7ab192c04b2b9823b685a559bef43ef7571db67863c5a9fbe9182b3
UniProtKB:P00967	proteintraitsmech:B13	OK		1	a65eee736f24a73fc27f210832ab0a35edf905826991fb7e2c34cbcc10a95f0b	ptm-observation:1cde91ba85fc029da46d48d41cef1df7786b14ef70681f9e5d117851bb2af340
UniProtKB:P00967	proteintraitsmech:B16	OK	4.051908690316498	bit	a65eee736f24a73fc27f210832ab0a35edf905826991fb7e2c34cbcc10a95f0b	ptm-observation:434774eea1dcb74c41d6e375e228764944f45b0800825ebb3327c94fc7b8cfc9
UniProtKB:P00967	proteintraitsmech:B22	OK	0.0	1	a65eee736f24a73fc27f210832ab0a35edf905826991fb7e2c34cbcc10a95f0b	ptm-observation:6aeb7d501627f46428ea368224b7a541f743178e7c0ff7da8ffe37077821b8f2
UniProtKB:P00968	proteintraitsmech:B01	OK	-29.090768690326954	e	47ce45c6e49946244e57fe0f40e0404d7f500a463ef4f7abb28cace649f59968	ptm-observation:5db366e1c942b3bea33edabd287e0f398aea3af16e6ae49ac0f16548d1c80def
UniProtKB:P00968	proteintraitsmech:B02	OK	5.221111238002777	pH	47ce45c6e49946244e57fe0f40e0404d7f500a463ef4f7abb28cace649f59968	ptm-observation:bcd161c365bd6fcf0ae29ac72feaa28dff4780e97ca080fd0106901bcc901b72
UniProtKB:P00968	proteintraitsmech:B03	OK	0.11649580615097857	1	47ce45c6e49946244e57fe0f40e0404d7f500a463ef4f7abb28cace649f59968	ptm-observation:2cf2e50c78f974a8de8bd885558e223fcc718233da90ae9f46e0bb964bfa7e80
UniProtKB:P00968	proteintraitsmech:B04	OK	0.14445479962721341	1	47ce45c6e49946244e57fe0f40e0404d7f500a463ef4f7abb28cace649f59968	ptm-observation:70bb2e945485ba1f553098a979f69dfe556d484289256f689c65f8926290b1f6
UniProtKB:P00968	proteintraitsmech:B05	OK	0.26095060577819196	1	47ce45c6e49946244e57fe0f40e0404d7f500a463ef4f7abb28cace649f59968	ptm-observation:fb8593fe3ad31d8f1b05fac77fe475c6933bd4f3077d840b5207e644a7030f51
UniProtKB:P00968	proteintraitsmech:B06	OK	3.962307944036708	1	47ce45c6e49946244e57fe0f40e0404d7f500a463ef4f7abb28cace649f59968	ptm-observation:bdcfb6c65d283db7ea75bf1b0bf065d5ec562104e50a623cb8f9d7abf1afebbf
UniProtKB:P00968	proteintraitsmech:B08	OK	-0.1619757688723206	1	47ce45c6e49946244e57fe0f40e0404d7f500a463ef4f7abb28cace649f59968	ptm-observation:2646a892f6edbce7068c331aeab289777f7770e46eccf7a4d46ad490116578d7
UniProtKB:P00968	proteintraitsmech:B09	OK		1	47ce45c6e49946244e57fe0f40e0404d7f500a463ef4f7abb28cace649f59968	ptm-observation:553cb81ff4f6656724d1364a46cee81c153c15d874a788af4ef0ae788327ce75
UniProtKB:P00968	proteintraitsmech:B10	OK		1	47ce45c6e49946244e57fe0f40e0404d7f500a463ef4f7abb28cace649f59968	ptm-observation:1d3ced59eac57b1ea6f8137e998afa90af66dd048cf5d3664ec01617b8813475
UniProtKB:P00968	proteintraitsmech:B13	OK		1	47ce45c6e49946244e57fe0f40e0404d7f500a463ef4f7abb28cace649f59968	ptm-observation:ac9403e5977938d4976476180f07114c8282a6cbd872bddf6b8ab64431629fa5
UniProtKB:P00968	proteintraitsmech:B16	OK	4.092832507916656	bit	47ce45c6e49946244e57fe0f40e0404d7f500a463ef4f7abb28cace649f59968	ptm-observation:013754932bf6aa39ef234bff03a10f85b2f4ed3ac13b79ba393c3598e91e501f
UniProtKB:P00968	proteintraitsmech:B22	OK	0.0	1	47ce45c6e49946244e57fe0f40e0404d7f500a463ef4f7abb28cace649f59968	ptm-observation:87c522dc4c763e8df1095ae11da84bfd65244d18be120ac25b8bb96539604156
UniProtKB:P00995	proteintraitsmech:B01	OK	0.4475308699676489	e	2f17f5ddb7fe12bbce022c3ceefd40143ba0db8da4ac5edd089e2d77e684e047	ptm-observation:7b93406d9cf671c3ba2a84a2940f7b5fd875b69d76a6090d64e5b9aeb483ff25
UniProtKB:P00995	proteintraitsmech:B02	OK	7.539293467998505	pH	2f17f5ddb7fe12bbce022c3ceefd40143ba0db8da4ac5edd089e2d77e684e047	ptm-observation:e88eb49c900d72d4ed9e4c1bd17369a54fb7610bffcf451ed8e5b253149b2103
UniProtKB:P00995	proteintraitsmech:B03	OK	0.10126582278481013	1	2f17f5ddb7fe12bbce022c3ceefd40143ba0db8da4ac5edd089e2d77e684e047	ptm-observation:84e873f77ae6a96bdbbbdbe51dfb73b13c6161445e332f8ea2aa09a949c95399
UniProtKB:P00995	proteintraitsmech:B04	OK	0.08860759493670886	1	2f17f5ddb7fe12bbce022c3ceefd40143ba0db8da4ac5edd089e2d77e684e047	ptm-observation:b5ef847d53dbb8446d03d48094d3ee4b1dd8a57938269d5c2c4ef384238495ed
UniProtKB:P00995	proteintraitsmech:B05	OK	0.189873417721519	1	2f17f5ddb7fe12bbce022c3ceefd40143ba0db8da4ac5edd089e2d77e684e047	ptm-observation:2f714329b19fce1cf63496a82739333f535ebc6eabbaceda4441398892c84596
UniProtKB:P00995	proteintraitsmech:B06	OK	-0.3216874601046592	1	2f17f5ddb7fe12bbce022c3ceefd40143ba0db8da4ac5edd089e2d77e684e047	ptm-observation:703d2f28a945c0d94204edf8fb0d9cbf34d5301644e74f5671d9888b18767b33
UniProtKB:P00995	proteintraitsmech:B08	OK	-0.10253164556962027	1	2f17f5ddb7fe12bbce022c3ceefd40143ba0db8da4ac5edd089e2d77e684e047	ptm-observation:a5ba129b87b2932bc6a22e0aa7e0c018f15e4bc402fb02f20c0968593464a13c
UniProtKB:P00995	proteintraitsmech:B09	OK		1	2f17f5ddb7fe12bbce022c3ceefd40143ba0db8da4ac5edd089e2d77e684e047	ptm-observation:feef3ad555783495e3c9da5392f8d1b1b41f2ebdf357520fecc33d20c15eed52
UniProtKB:P00995	proteintraitsmech:B10	OK		1	2f17f5ddb7fe12bbce022c3ceefd40143ba0db8da4ac5edd089e2d77e684e047	ptm-observation:9e8bad375c14f65e9c783658571eedc94f9960a1751fa69485d1b506592dcbb9
UniProtKB:P00995	proteintraitsmech:B13	OK		1	2f17f5ddb7fe12bbce022c3ceefd40143ba0db8da4ac5edd089e2d77e684e047	ptm-observation:f883f910b8a12086345155fab73adf4c5ab8fd90de5e898a8cec5e3e9cd99fb6
UniProtKB:P00995	proteintraitsmech:B16	OK	3.9918508880323498	bit	2f17f5ddb7fe12bbce022c3ceefd40143ba0db8da4ac5edd089e2d77e684e047	ptm-observation:ae1ac3b9763f9d91c896788ca367602f431935e9609a397e7552999b27dc4a88
UniProtKB:P00995	proteintraitsmech:B22	OK	0.3291139240506329	1	2f17f5ddb7fe12bbce022c3ceefd40143ba0db8da4ac5edd089e2d77e684e047	ptm-observation:0f421a780897efc8f848bc59b70426d5740705bd781d2aea4cf80cd1c3b267a5
UniProtKB:P02724	proteintraitsmech:B01	OK	-7.031562810283939	e	a38ca934dffb4f58e1d41b0880595ebf57d1976309f44a11f96abcba5b71d314	ptm-observation:3709add7bbbb1716ce6663abd82d06c741853b095a288d14da6540c6d7f126d5
UniProtKB:P02724	proteintraitsmech:B02	OK	5.145385205745697	pH	a38ca934dffb4f58e1d41b0880595ebf57d1976309f44a11f96abcba5b71d314	ptm-observation:b8cae09137eb5ae9da5ee3d4edd55c90790eb18f09a27d6169d189c1f4775cb7
UniProtKB:P02724	proteintraitsmech:B03	OK	0.08	1	a38ca934dffb4f58e1d41b0880595ebf57d1976309f44a11f96abcba5b71d314	ptm-observation:f585e409cd4a2140968a5ff07fa9d4fd1b70fc0817f012e570e6da1469e112e2
UniProtKB:P02724	proteintraitsmech:B04	OK	0.12666666666666668	1	a38ca934dffb4f58e1d41b0880595ebf57d1976309f44a11f96abcba5b71d314	ptm-observation:27e415791b73138cc23711feb6d43af733b0291be3fdc32b1decc969a9d69054
UniProtKB:P02724	proteintraitsmech:B05	OK	0.20666666666666667	1	a38ca934dffb4f58e1d41b0880595ebf57d1976309f44a11f96abcba5b71d314	ptm-observation:6e5ebb8f7964b8f255cda0aaa99d424d9ad8caca3da3caecbc5eb34ba3cd8a1e
UniProtKB:P02724	proteintraitsmech:B06	OK	0.43899311612257996	1	a38ca934dffb4f58e1d41b0880595ebf57d1976309f44a11f96abcba5b71d314	ptm-observation:be084561a476816874fdb7083f3b9e6128f4609886da7200b6133506721a421c
UniProtKB:P02724	proteintraitsmech:B08	OK	-0.08000000000000002	1	a38ca934dffb4f58e1d41b0880595ebf57d1976309f44a11f96abcba5b71d314	ptm-observation:c606c778b3abd5319f02ae7d6273376adb4a77113330da2abb7a5b26477d3044
UniProtKB:P02724	proteintraitsmech:B09	OK		1	a38ca934dffb4f58e1d41b0880595ebf57d1976309f44a11f96abcba5b71d314	ptm-observation:f0626902e8ca7d373b2bb7543dfcf4123046cbf2fc4da12fb908ffbc16f94d12
UniProtKB:P02724	proteintraitsmech:B10	OK		1	a38ca934dffb4f58e1d41b0880595ebf57d1976309f44a11f96abcba5b71d314	ptm-observation:0b3e43aa4ac58eb838db97f4f34f2b05228b966a687d324a0d7d5a6ef5726d1b
UniProtKB:P02724	proteintraitsmech:B13	OK		1	a38ca934dffb4f58e1d41b0880595ebf57d1976309f44a11f96abcba5b71d314	ptm-observation:33c64d14ce9fb45aa54393e9bec110ed071de5173c8d9026ec017f82422b48ae
UniProtKB:P02724	proteintraitsmech:B16	OK	3.9081228698343025	bit	a38ca934dffb4f58e1d41b0880595ebf57d1976309f44a11f96abcba5b71d314	ptm-observation:e9032888e797acde28b36f566342145a4f31ee64e0f0d13d0a7caef71c7163c4
UniProtKB:P02724	proteintraitsmech:B22	OK	0.8	1	a38ca934dffb4f58e1d41b0880595ebf57d1976309f44a11f96abcba5b71d314	ptm-observation:cf072e149b3bf0b8b7553e2224cb5383807a79506631179445025246c4cfae30
UniProtKB:P02730	proteintraitsmech:B01	OK	-30.80378169502694	e	170530b68c6dddf03404f7cdf09a51ce793374770ac4644ab9fdf1a74e8d6870	ptm-observation:3300993d65c11bb30dd1e75d911c8c97bad62a370a0efb2e2b6c4e04dd638028
UniProtKB:P02730	proteintraitsmech:B02	OK	5.075573027133942	pH	170530b68c6dddf03404f7cdf09a51ce793374770ac4644ab9fdf1a74e8d6870	ptm-observation:e75a2e17cc5fdf7d65cb4c9c330dbe9393174e74839b188a5a47ba1e5717eafe
UniProtKB:P02730	proteintraitsmech:B03	OK	0.08122941822173436	1	170530b68c6dddf03404f7cdf09a51ce793374770ac4644ab9fdf1a74e8d6870	ptm-observation:c5a7ae81c7eb8c6b61d57363468b31d6e8c12b4c6397a75f640cc9a3dde9d701
UniProtKB:P02730	proteintraitsmech:B04	OK	0.1163556531284303	1	170530b68c6dddf03404f7cdf09a51ce793374770ac4644ab9fdf1a74e8d6870	ptm-observation:fa52e7b2f4ca8404ebcbf2195c66b997c99237e92a34df1e5fcbcfcdf13de629
UniProtKB:P02730	proteintraitsmech:B05	OK	0.19758507135016465	1	170530b68c6dddf03404f7cdf09a51ce793374770ac4644ab9fdf1a74e8d6870	ptm-observation:18e6c2d7c9556c80546dc6a953179ec0b5add4bf4fc541f3e2dc127ab034cd00
UniProtKB:P02730	proteintraitsmech:B06	OK	0.9221128619778676	1	170530b68c6dddf03404f7cdf09a51ce793374770ac4644ab9fdf1a74e8d6870	ptm-observation:0dd91fdb91486a246f21431ae8f9c0e6621a3f614fac03bd9cd6b4a008e67c69
UniProtKB:P02730	proteintraitsmech:B08	OK	0.21328210757409438	1	170530b68c6dddf03404f7cdf09a51ce793374770ac4644ab9fdf1a74e8d6870	ptm-observation:da2367e5d5cbddc0cddb43d8980b3c52622705e843b4e264184716f22c964641
UniProtKB:P02730	proteintraitsmech:B09	OK		1	170530b68c6dddf03404f7cdf09a51ce793374770ac4644ab9fdf1a74e8d6870	ptm-observation:f7c099a0393269214ef94aaea9dcf8e8fc3aa0939b9300928ab87ca9d7ec7001
UniProtKB:P02730	proteintraitsmech:B10	OK		1	170530b68c6dddf03404f7cdf09a51ce793374770ac4644ab9fdf1a74e8d6870	ptm-observation:00009c66288b9a0b21bc47663da421bbeeb309f733bbbc4760b8f9e33381183a
UniProtKB:P02730	proteintraitsmech:B13	OK		1	170530b68c6dddf03404f7cdf09a51ce793374770ac4644ab9fdf1a74e8d6870	ptm-observation:7b765c85187060481145250bd506ae8dab6a5e82651497a359fca4d9374ba808
UniProtKB:P02730	proteintraitsmech:B16	OK	4.055837968265373	bit	170530b68c6dddf03404f7cdf09a51ce793374770ac4644ab9fdf1a74e8d6870	ptm-observation:01fe0963e987139e7e4e52d7e0c6a07ddc7276ae74fd0acd2134f09a2834a4a5
UniProtKB:P02730	proteintraitsmech:B22	OK	0.1602634467618002	1	170530b68c6dddf03404f7cdf09a51ce793374770ac4644ab9fdf1a74e8d6870	ptm-observation:b4cd8e384a1c5cb2fd9387b4e61a00d7583d960a558ee090e0e82f5abc677ff2
UniProtKB:P02836	proteintraitsmech:B01	OK	-2.1614412272552967	e	57b4499aac12c599138e706567805588b793ea94b57b8219830995cd2e448bde	ptm-observation:1086001f67f61ae21c0fda530f40b32eb798bf65b50464215d9509e67480b5d6
UniProtKB:P02836	proteintraitsmech:B02	OK	6.581295907497406	pH	57b4499aac12c599138e706567805588b793ea94b57b8219830995cd2e448bde	ptm-observation:0fcf4f07a848fa13bc9e7f64ec3437b26fdf37e9c66b098c34263e34bae54755
UniProtKB:P02836	proteintraitsmech:B03	OK	0.09239130434782608	1	57b4499aac12c599138e706567805588b793ea94b57b8219830995cd2e448bde	ptm-observation:2546298abbf412ac0086238969ae7ea80a369014229719eb459d63208d643d42
UniProtKB:P02836	proteintraitsmech:B04	OK	0.09782608695652174	1	57b4499aac12c599138e706567805588b793ea94b57b8219830995cd2e448bde	ptm-observation:d4d8e4b0754aee4dcfee7019defa50748372b04815a9b1f3dd8827330f8d8559
UniProtKB:P02836	proteintraitsmech:B05	OK	0.19021739130434784	1	57b4499aac12c599138e706567805588b793ea94b57b8219830995cd2e448bde	ptm-observation:c0e4e953017c43b66516ebdd2e0fe0ebd41eb3fdd56685d6c773089d0ff608f8
UniProtKB:P02836	proteintraitsmech:B06	OK	-4.4477029506162955	1	57b4499aac12c599138e706567805588b793ea94b57b8219830995cd2e448bde	ptm-observation:66d1ee1f5cb2c225ed0855d37346c1a28f25e128e1b6561db0b023220c142342
UniProtKB:P02836	proteintraitsmech:B08	OK	-0.7045289855072464	1	57b4499aac12c599138e706567805588b793ea94b57b8219830995cd2e448bde	ptm-observation:7a94626ae28f94de6920d432e008508ed0c4d22636ee5f45b4a5586d8b4afa4e
UniProtKB:P02836	proteintraitsmech:B09	OK		1	57b4499aac12c599138e706567805588b793ea94b57b8219830995cd2e448bde	ptm-observation:9b125845157668abe5924d59ea714784d2f87bd7c1016bbcd4a780680881870a
UniProtKB:P02836	proteintraitsmech:B10	OK		1	57b4499aac12c599138e706567805588b793ea94b57b8219830995cd2e448bde	ptm-observation:efa0ba572870f73ebb3c5851ab1e2640e1d7d7a4a1ea695d10800fb7bdd0dc3d
UniProtKB:P02836	proteintraitsmech:B13	OK		1	57b4499aac12c599138e706567805588b793ea94b57b8219830995cd2e448bde	ptm-observation:e446e5444084dfd2511df2bc61af9a64a4f52c68bef8b0abe59c349423069426
UniProtKB:P02836	proteintraitsmech:B16	OK	3.974988478634302	bit	57b4499aac12c599138e706567805588b793ea94b57b8219830995cd2e448bde	ptm-observation:2c9d654553bcbf155e8b975a1787d60bd6cb503f5a3cc672aa7d1cf42c294e49
UniProtKB:P02836	proteintraitsmech:B22	OK	0.7336956521739131	1	57b4499aac12c599138e706567805588b793ea94b57b8219830995cd2e448bde	ptm-observation:b222c2d0babe5b9398acd1217b0aa7abac6f625405a11e91f23ae38b7e8a779f
UniProtKB:P03023	proteintraitsmech:B01	OK	-1.877090116479104	e	ac83dff630587d7c8852f0cac03bffbc646ad7447791bf7c6b00506c18567cd6	ptm-observation:4b1f9e0fec33c2ee9fab5e783ddbbf250efd0e0b5bfcf2fa28792b5d51939ba9
UniProtKB:P03023	proteintraitsmech:B02	OK	6.390114963054657	pH	ac83dff630587d7c8852f0cac03bffbc646ad7447791bf7c6b00506c18567cd6	ptm-observation:220205e190e68028f13046d51976db4486f2676448f377fafe8973252a33739e
UniProtKB:P03023	proteintraitsmech:B03	OK	0.08333333333333333	1	ac83dff630587d7c8852f0cac03bffbc646ad7447791bf7c6b00506c18567cd6	ptm-observation:5bbd2e9f2501b4714e119bddd5ee7cc112bb11b45ce3f87e7d7abdb898dd15ee
UniProtKB:P03023	proteintraitsmech:B04	OK	0.08888888888888889	1	ac83dff630587d7c8852f0cac03bffbc646ad7447791bf7c6b00506c18567cd6	ptm-observation:f98dd3fe9742af45c5c4cbeebab1fc79ff7bdc49ee3cf60e1b99367cc43df9f2
UniProtKB:P03023	proteintraitsmech:B05	OK	0.17222222222222222	1	ac83dff630587d7c8852f0cac03bffbc646ad7447791bf7c6b00506c18567cd6	ptm-observation:fedbb897e9a8700a3d1246723ac27448b66f848ef0a27b1c218311532f2530c2
UniProtKB:P03023	proteintraitsmech:B06	OK	-0.958117699342534	1	ac83dff630587d7c8852f0cac03bffbc646ad7447791bf7c6b00506c18567cd6	ptm-observation:9fd99af9c4d3f29322e244cc1369953f74a8154e9d02741e639505e337d6869c
UniProtKB:P03023	proteintraitsmech:B08	OK	0.031666666666666655	1	ac83dff630587d7c8852f0cac03bffbc646ad7447791bf7c6b00506c18567cd6	ptm-observation:5b66a962a6d8b0726c8563ed25ba412ca26bded2703b14ddc8eb6140f735246f
UniProtKB:P03023	proteintraitsmech:B09	OK		1	ac83dff630587d7c8852f0cac03bffbc646ad7447791bf7c6b00506c18567cd6	ptm-observation:d204548ce7c02ace529a8f3a5f29f046df1481106e0c47cf3986f3c6ea755db8
UniProtKB:P03023	proteintraitsmech:B10	OK		1	ac83dff630587d7c8852f0cac03bffbc646ad7447791bf7c6b00506c18567cd6	ptm-observation:158d33b1e4f1171d8927d6d92cf9e2d97da9f316c0bb42aee310e7f3b19fbffc
UniProtKB:P03023	proteintraitsmech:B13	OK		1	ac83dff630587d7c8852f0cac03bffbc646ad7447791bf7c6b00506c18567cd6	ptm-observation:470a8a2e28287cbbf82abe9dbf7d736b3ec4608d65d49686d29834789f748cad
UniProtKB:P03023	proteintraitsmech:B16	OK	4.002592441219564	bit	ac83dff630587d7c8852f0cac03bffbc646ad7447791bf7c6b00506c18567cd6	ptm-observation:a872aa06432880d1f7b3ce08b004d63975e09014e36e8031408ddc135742a0a9
UniProtKB:P03023	proteintraitsmech:B22	OK	0.005555555555555556	1	ac83dff630587d7c8852f0cac03bffbc646ad7447791bf7c6b00506c18567cd6	ptm-observation:a1a26c320dec797a1bcd470b549f688552be1f3d0d5b282977e4297285becd5d
UniProtKB:P03950	proteintraitsmech:B01	OK	9.97084128031769	e	909597435fc4ddd2cdcb268302078a46cbb2aaee211ea5d8afe045ac3ff65593	ptm-observation:d6741a374c2b2562382c32b8ae9bceb7cdc276fd8fc1e1d8624972a09e6a0f78
UniProtKB:P03950	proteintraitsmech:B02	OK	9.734131753444672	pH	909597435fc4ddd2cdcb268302078a46cbb2aaee211ea5d8afe045ac3ff65593	ptm-observation:e5650faf247ca2acf7952352216531e7e00dc951b9657a67bfe5c279712388a6
UniProtKB:P03950	proteintraitsmech:B03	OK	0.1360544217687075	1	909597435fc4ddd2cdcb268302078a46cbb2aaee211ea5d8afe045ac3ff65593	ptm-observation:f8499d4e8975583b85b9a1ab7a8066f32e65373fa5da2a8679c198d786a40aff
UniProtKB:P03950	proteintraitsmech:B04	OK	0.06802721088435375	1	909597435fc4ddd2cdcb268302078a46cbb2aaee211ea5d8afe045ac3ff65593	ptm-observation:5844684b394be3c4056750514ef963b62b2bea4a7cc4190e946ba26dc4dbfa37
UniProtKB:P03950	proteintraitsmech:B05	OK	0.20408163265306123	1	909597435fc4ddd2cdcb268302078a46cbb2aaee211ea5d8afe045ac3ff65593	ptm-observation:22d01f7dc8211d5afdd6d4792f3bff26b1dcf9af9cbc3f90ceb54ae0e69ade08
UniProtKB:P03950	proteintraitsmech:B06	OK	1.4632607945313056	1	909597435fc4ddd2cdcb268302078a46cbb2aaee211ea5d8afe045ac3ff65593	ptm-observation:23adac5917167a3e0c41237a8c0d712dda43a1c6b54687814af678d3fe2580c8
UniProtKB:P03950	proteintraitsmech:B08	OK	-0.42244897959183675	1	909597435fc4ddd2cdcb268302078a46cbb2aaee211ea5d8afe045ac3ff65593	ptm-observation:c800e9ba843cdf22ebe669aba79bea6be606b18a37d6f91af05474d64f6c5ccf
UniProtKB:P03950	proteintraitsmech:B09	OK		1	909597435fc4ddd2cdcb268302078a46cbb2aaee211ea5d8afe045ac3ff65593	ptm-observation:79538958a8d7d332d856d1bd92650978aca44c1631deb3cc5a2a5b6cfeb330b6
UniProtKB:P03950	proteintraitsmech:B10	OK		1	909597435fc4ddd2cdcb268302078a46cbb2aaee211ea5d8afe045ac3ff65593	ptm-observation:034e12624a9953c463f0230d5b70874d3a7ef9e65103f7bcaaedaa0d2628302a
UniProtKB:P03950	proteintraitsmech:B13	OK		1	909597435fc4ddd2cdcb268302078a46cbb2aaee211ea5d8afe045ac3ff65593	ptm-observation:7f327583815eb8829d2961e075285ad840e06b69d5a592c58e243de84e4061c0
UniProtKB:P03950	proteintraitsmech:B16	OK	4.17326878911512	bit	909597435fc4ddd2cdcb268302078a46cbb2aaee211ea5d8afe045ac3ff65593	ptm-observation:9ebe0a71dbc9235526c4820ab0bf8027d8a118c197171f051679fa8733a0c5dd
UniProtKB:P03950	proteintraitsmech:B22	OK	0.19047619047619047	1	909597435fc4ddd2cdcb268302078a46cbb2aaee211ea5d8afe045ac3ff65593	ptm-observation:a3b601f17c9a114a51ab7a7e3250e072b3c8c1d5ed81c93c3cb833bb5a84bb07
UniProtKB:P04035	proteintraitsmech:B01	OK	-4.410605566558617	e	53ca26e9a4eeb6dc55931307bed794b7dde0c3f5bdbdfb91ea34506062a3e318	ptm-observation:040d52a9117aa096456ec70c50e8d4004b15a36b0603b1167a0f1c316f110946
UniProtKB:P04035	proteintraitsmech:B02	OK	6.3332478404045105	pH	53ca26e9a4eeb6dc55931307bed794b7dde0c3f5bdbdfb91ea34506062a3e318	ptm-observation:82b2cc2267a66183c3aba180b96930dda17082b9ad96d53ec58f6bba30816204
UniProtKB:P04035	proteintraitsmech:B03	OK	0.0945945945945946	1	53ca26e9a4eeb6dc55931307bed794b7dde0c3f5bdbdfb91ea34506062a3e318	ptm-observation:30704923d3bbb4c0e7d1bc5e47bf8c9c6fa118168161397f20eb0eae108a7106
UniProtKB:P04035	proteintraitsmech:B04	OK	0.10022522522522523	1	53ca26e9a4eeb6dc55931307bed794b7dde0c3f5bdbdfb91ea34506062a3e318	ptm-observation:f700cc7e26dd8f38a66b91b3c30dc099c6cf30b681950e3cd39239e021d4872f
UniProtKB:P04035	proteintraitsmech:B05	OK	0.19481981981981983	1	53ca26e9a4eeb6dc55931307bed794b7dde0c3f5bdbdfb91ea34506062a3e318	ptm-observation:ccd9738850f7832bf2bd6fe1077acde94dfd270ad7d1d1160ef2b19074e1da7d
UniProtKB:P04035	proteintraitsmech:B06	OK	-0.7574908945722176	1	53ca26e9a4eeb6dc55931307bed794b7dde0c3f5bdbdfb91ea34506062a3e318	ptm-observation:3eac4a02701d06e0cf5857b64a0c4bc413da3a0171bcb9331ce592ab083e56dc
UniProtKB:P04035	proteintraitsmech:B08	OK	0.08310810810810809	1	53ca26e9a4eeb6dc55931307bed794b7dde0c3f5bdbdfb91ea34506062a3e318	ptm-observation:c50eee923fe3dd7091a230d9c81bf600194e22d419391c0b57efe5448f463a2e
UniProtKB:P04035	proteintraitsmech:B09	OK		1	53ca26e9a4eeb6dc55931307bed794b7dde0c3f5bdbdfb91ea34506062a3e318	ptm-observation:451e8bb52c5b9948495f99cafd95c1de91c2f8cd2360beb9cf23921304155da7
UniProtKB:P04035	proteintraitsmech:B10	OK		1	53ca26e9a4eeb6dc55931307bed794b7dde0c3f5bdbdfb91ea34506062a3e318	ptm-observation:5021f984e2a2d3f130fc67a17629ddee8a61b1a2f60fe8f641ea6f1e27081d7c
UniProtKB:P04035	proteintraitsmech:B13	OK		1	53ca26e9a4eeb6dc55931307bed794b7dde0c3f5bdbdfb91ea34506062a3e318	ptm-observation:c3647deaec1a16379cbf040ad35a47d681b746536e8f0f2d06a14989c8971bce
UniProtKB:P04035	proteintraitsmech:B16	OK	4.1456447203594395	bit	53ca26e9a4eeb6dc55931307bed794b7dde0c3f5bdbdfb91ea34506062a3e318	ptm-observation:ee72e19db827523270ffa2eb642d82cbfb3f60f8862e5f9d906b9fcde9386b48
UniProtKB:P04035	proteintraitsmech:B22	OK	0.1463963963963964	1	53ca26e9a4eeb6dc55931307bed794b7dde0c3f5bdbdfb91ea34506062a3e318	ptm-observation:ccae091922ff46de7865423e92123482dfaf178a7a4d2f9f5b6e759a30ce4d8a
UniProtKB:P04050	proteintraitsmech:B01	OK	-40.36500699144679	e	c4b5242118a5f077c08fc92a68a3907e64efea1cfc43b63a1b455723d7f99948	ptm-observation:45f80a47829116106f05d54dca65b6b59e5250e1b7f5e7de5a6c8324b0468fdc
UniProtKB:P04050	proteintraitsmech:B02	OK	5.418208539485931	pH	c4b5242118a5f077c08fc92a68a3907e64efea1cfc43b63a1b455723d7f99948	ptm-observation:8a9108f7c0107f8577bb428a8be3f70986d99414a4148511a02cf6fe194beb45
UniProtKB:P04050	proteintraitsmech:B03	OK	0.10155799192152337	1	c4b5242118a5f077c08fc92a68a3907e64efea1cfc43b63a1b455723d7f99948	ptm-observation:0d92e1734bfaabfd29e95c4da6d2dda3dd68ed050a96b19cdbd551b8e6681bad
UniProtKB:P04050	proteintraitsmech:B04	OK	0.12637045585689555	1	c4b5242118a5f077c08fc92a68a3907e64efea1cfc43b63a1b455723d7f99948	ptm-observation:7f4a0832d07fbbbae7d7e46ae359b33f7ab5eb1a436bdb72562263a2cd807d16
UniProtKB:P04050	proteintraitsmech:B05	OK	0.22792844777841892	1	c4b5242118a5f077c08fc92a68a3907e64efea1cfc43b63a1b455723d7f99948	ptm-observation:80b42b7f2640961a4340e0fbfb31af51490208e0967665a5e40837527b9524ae
UniProtKB:P04050	proteintraitsmech:B06	OK	5.235750894369134	1	c4b5242118a5f077c08fc92a68a3907e64efea1cfc43b63a1b455723d7f99948	ptm-observation:e7a554ddc3c83c51a3001e72d4fec777f52f91a47daf0191281bae4545c25fa9
UniProtKB:P04050	proteintraitsmech:B08	OK	-0.39838430467397573	1	c4b5242118a5f077c08fc92a68a3907e64efea1cfc43b63a1b455723d7f99948	ptm-observation:5d51c7e923f1491fa5f8739365438eee16d38aa8f682a7ab15231f91bf34b863
UniProtKB:P04050	proteintraitsmech:B09	OK		1	c4b5242118a5f077c08fc92a68a3907e64efea1cfc43b63a1b455723d7f99948	ptm-observation:8e106aba7b089d3963e80662bf922a817da464e7149f0f03611c06f581e837eb
UniProtKB:P04050	proteintraitsmech:B10	OK		1	c4b5242118a5f077c08fc92a68a3907e64efea1cfc43b63a1b455723d7f99948	ptm-observation:10d6b5756d4210872fd5a81cf5cac0e37226de12def1bf63848ea28898ef26ea
UniProtKB:P04050	proteintraitsmech:B13	OK		1	c4b5242118a5f077c08fc92a68a3907e64efea1cfc43b63a1b455723d7f99948	ptm-observation:53456fb73f0a081d15a037032010fb36228c3c511d03f7279ba0c48a8b0fe064
UniProtKB:P04050	proteintraitsmech:B16	OK	4.153392143290211	bit	c4b5242118a5f077c08fc92a68a3907e64efea1cfc43b63a1b455723d7f99948	ptm-observation:37899aaa7d3143c1e5cb73047b92fb2556f1063674ecf6fa3ef65bf2b777c932
UniProtKB:P04050	proteintraitsmech:B22	OK	0.16330063473744952	1	c4b5242118a5f077c08fc92a68a3907e64efea1cfc43b63a1b455723d7f99948	ptm-observation:290b277c1dd9012aef41c53f597d4ca05a539a7d74565a7348f50ff079dc2d5f
UniProtKB:P04080	proteintraitsmech:B01	OK	-0.061527095500895634	e	a7ddfebcea7702ee56f5476e8f16a870bcad633b7d3a5a50b72392b44fbe2dd3	ptm-observation:1353a8ee5b663532535c700226bc2ab95e6bfae3c1a04ada3e3c736057b3b468
UniProtKB:P04080	proteintraitsmech:B02	OK	6.962294280529022	pH	a7ddfebcea7702ee56f5476e8f16a870bcad633b7d3a5a50b72392b44fbe2dd3	ptm-observation:f2d153780d9cccb15667407bca912eb0bdb71c2f4334dc55a017ef058a13fd86
UniProtKB:P04080	proteintraitsmech:B03	OK	0.11224489795918367	1	a7ddfebcea7702ee56f5476e8f16a870bcad633b7d3a5a50b72392b44fbe2dd3	ptm-observation:54bd90d2eb622ee463ec2c591c807aa067dcb6b4692eb0067e404ae2429d9ba2
UniProtKB:P04080	proteintraitsmech:B04	OK	0.11224489795918367	1	a7ddfebcea7702ee56f5476e8f16a870bcad633b7d3a5a50b72392b44fbe2dd3	ptm-observation:b4533431a35ca058434833449d00c9713e6f739a8bc25e96a72e090e8dda4374
UniProtKB:P04080	proteintraitsmech:B05	OK	0.22448979591836735	1	a7ddfebcea7702ee56f5476e8f16a870bcad633b7d3a5a50b72392b44fbe2dd3	ptm-observation:8ac394af854502e476ff78b75192db1e7db8f9ab447723dc68b4e53468679653
UniProtKB:P04080	proteintraitsmech:B06	OK	-0.3766123266660778	1	a7ddfebcea7702ee56f5476e8f16a870bcad633b7d3a5a50b72392b44fbe2dd3	ptm-observation:caa85b9a8758ae75f937c9f82c94cccfc90b3f2056652b2e2619db2ea78638fb
UniProtKB:P04080	proteintraitsmech:B08	OK	-0.5459183673469388	1	a7ddfebcea7702ee56f5476e8f16a870bcad633b7d3a5a50b72392b44fbe2dd3	ptm-observation:d3407464536aeb40e233cfbc0de68c3e0d3a38e135045475315b560c84ccce96
UniProtKB:P04080	proteintraitsmech:B09	OK		1	a7ddfebcea7702ee56f5476e8f16a870bcad633b7d3a5a50b72392b44fbe2dd3	ptm-observation:b8343880eb86d084f0a861532a04f64e77e76c4ac1c8976aaca23dc923e57a71
UniProtKB:P04080	proteintraitsmech:B10	OK		1	a7ddfebcea7702ee56f5476e8f16a870bcad633b7d3a5a50b72392b44fbe2dd3	ptm-observation:cb8504f2003efdc3d2d0956c9e8d43304ffaa586cf10ceec971e47115bd942bf
UniProtKB:P04080	proteintraitsmech:B13	OK		1	a7ddfebcea7702ee56f5476e8f16a870bcad633b7d3a5a50b72392b44fbe2dd3	ptm-observation:1fd38284bf3481675683ce5e3dc1e6b1b899aafeaae4d4d1e36a5ba1b4a6b27f
UniProtKB:P04080	proteintraitsmech:B16	OK	4.0736605147288225	bit	a7ddfebcea7702ee56f5476e8f16a870bcad633b7d3a5a50b72392b44fbe2dd3	ptm-observation:cdc53f70580cc96b155235d94b4d417249108c034947a29f9436350cb6962655
UniProtKB:P04080	proteintraitsmech:B22	OK	0.19387755102040816	1	a7ddfebcea7702ee56f5476e8f16a870bcad633b7d3a5a50b72392b44fbe2dd3	ptm-observation:062ef75cb56c8a9011f30dba48bcd483fcd4aff14dbba89b3a8aacffb2c8a030
UniProtKB:P04155	proteintraitsmech:B01	OK	-6.5560342573425245	e	22ce821f234da4df823984b50d132eb5901b88f7d21489198377537b3255bafa	ptm-observation:028bd303887e9fbb108a40492b2f977bf2f0401fb880c393044a5d07bca38504
UniProtKB:P04155	proteintraitsmech:B02	OK	4.2862600684165955	pH	22ce821f234da4df823984b50d132eb5901b88f7d21489198377537b3255bafa	ptm-observation:77148337a879f8aeb29ce36e3ae01b2b397da66a3219aaac96a0bc85316fa780
UniProtKB:P04155	proteintraitsmech:B03	OK	0.05952380952380952	1	22ce821f234da4df823984b50d132eb5901b88f7d21489198377537b3255bafa	ptm-observation:a2267233d575b3d02037c24f36804e3a74ab917ba86b1712dc49585600dc57ad
UniProtKB:P04155	proteintraitsmech:B04	OK	0.13095238095238096	1	22ce821f234da4df823984b50d132eb5901b88f7d21489198377537b3255bafa	ptm-observation:96572d7999bacf71459d3f2cc1342c630a40e92ca0e6d55eb23219c1539da2d9
UniProtKB:P04155	proteintraitsmech:B05	OK	0.19047619047619047	1	22ce821f234da4df823984b50d132eb5901b88f7d21489198377537b3255bafa	ptm-observation:d6280b714fec6a3da6d2476473ac63d49f60e6f22a06f8e53af54c443c02a6e2
UniProtKB:P04155	proteintraitsmech:B06	OK	0.5643254185840608	1	22ce821f234da4df823984b50d132eb5901b88f7d21489198377537b3255bafa	ptm-observation:2277e150a2a0a22822d3a0656caffe682b3c814727551aef725a502bd55ad8b8
UniProtKB:P04155	proteintraitsmech:B08	OK	0.04999999999999999	1	22ce821f234da4df823984b50d132eb5901b88f7d21489198377537b3255bafa	ptm-observation:e5c5148797b510f93bf20c31b34748ac3ce11539c1bd446bd4e2cd04c31fdab9
UniProtKB:P04155	proteintraitsmech:B09	OK		1	22ce821f234da4df823984b50d132eb5901b88f7d21489198377537b3255bafa	ptm-observation:014d291c7ea512cdeaa2758150645a0d8558ab024f7073b2ff47771a7dd3e4c9
UniProtKB:P04155	proteintraitsmech:B10	OK		1	22ce821f234da4df823984b50d132eb5901b88f7d21489198377537b3255bafa	ptm-observation:1b161ae52517e4e9147bb15536c41ecd7892378935140ce057b312e76f1e56a9
UniProtKB:P04155	proteintraitsmech:B13	OK		1	22ce821f234da4df823984b50d132eb5901b88f7d21489198377537b3255bafa	ptm-observation:ce592cf841eee5f10b9feaa9e232903a2ad790c25c842da7e25fcd0f9a726a1e
UniProtKB:P04155	proteintraitsmech:B16	OK	4.016819805322403	bit	22ce821f234da4df823984b50d132eb5901b88f7d21489198377537b3255bafa	ptm-observation:82f224169ec1363350603f426a4fabf64d9adf3d9a4167a6160fa66e5258b655
UniProtKB:P04155	proteintraitsmech:B22	OK	0.2976190476190476	1	22ce821f234da4df823984b50d132eb5901b88f7d21489198377537b3255bafa	ptm-observation:15dd4732fda99a92a7f244f80cc4bcfb2edfe569a463c8d6cacadc004133eddb
UniProtKB:P04181	proteintraitsmech:B01	OK	-1.6306926785279656	e	58788980d9e3f8d588063d043287da39ae48e269c757b2768a7eedc646120ea2	ptm-observation:0f9e2288ff67e036e69dafa7c9e1ea2463d56c974c7713d29eb8ea6f3240adec
UniProtKB:P04181	proteintraitsmech:B02	OK	6.572242796421051	pH	58788980d9e3f8d588063d043287da39ae48e269c757b2768a7eedc646120ea2	ptm-observation:95b76425af61b9c8db290049f161681e943c13543215c2fab8ef282a07a99d74
UniProtKB:P04181	proteintraitsmech:B03	OK	0.11161731207289294	1	58788980d9e3f8d588063d043287da39ae48e269c757b2768a7eedc646120ea2	ptm-observation:98c02f94c4a0b71996ab8089cce233f4d334feac240922b15342d3cc06587a71
UniProtKB:P04181	proteintraitsmech:B04	OK	0.11617312072892938	1	58788980d9e3f8d588063d043287da39ae48e269c757b2768a7eedc646120ea2	ptm-observation:404bc4c54135941fdf35f14224f01153b8e8f224c9dab3bee0a020bf97d61c6f
UniProtKB:P04181	proteintraitsmech:B05	OK	0.22779043280182232	1	58788980d9e3f8d588063d043287da39ae48e269c757b2768a7eedc646120ea2	ptm-observation:0299164d21f0cd2b07d8f51452196a6b20ddf4ecb656ec201cea07c04501e141
UniProtKB:P04181	proteintraitsmech:B06	OK	-1.6972281734690957	1	58788980d9e3f8d588063d043287da39ae48e269c757b2768a7eedc646120ea2	ptm-observation:7b6469c2d1eae46eee014e55a0fc99268d92b2eea9760552ce0c05bc998c3fe6
UniProtKB:P04181	proteintraitsmech:B08	OK	-0.08997722095671984	1	58788980d9e3f8d588063d043287da39ae48e269c757b2768a7eedc646120ea2	ptm-observation:b1b2e7d2646bef273e89f4f3eee470c29986c03772227b746e03cb60702e20b3
UniProtKB:P04181	proteintraitsmech:B09	OK		1	58788980d9e3f8d588063d043287da39ae48e269c757b2768a7eedc646120ea2	ptm-observation:0075e6c6b1ffa70fa3e5f6f8fecebc6595a564cb75b3bd2a514eb9eeccfc15b9
UniProtKB:P04181	proteintraitsmech:B10	OK		1	58788980d9e3f8d588063d043287da39ae48e269c757b2768a7eedc646120ea2	ptm-observation:03e8e2f30188aa72a6ffa8ab1677fd7979786255cbe015b742ca27d655106226
UniProtKB:P04181	proteintraitsmech:B13	OK		1	58788980d9e3f8d588063d043287da39ae48e269c757b2768a7eedc646120ea2	ptm-observation:19237816b0a223837abc205b4eb6990b06d992b1fa81e104dc333569261c175a
UniProtKB:P04181	proteintraitsmech:B16	OK	4.133767915304218	bit	58788980d9e3f8d588063d043287da39ae48e269c757b2768a7eedc646120ea2	ptm-observation:4a536fada4c6b8c7d82e94dfd64307ce5229961121dfd7fbb1bc7662d5fa499d
UniProtKB:P04181	proteintraitsmech:B22	OK	0.08200455580865604	1	58788980d9e3f8d588063d043287da39ae48e269c757b2768a7eedc646120ea2	ptm-observation:4769636246e4974b32bda411ed635043035aa032df3a520a5a0bdf78c194d5f6
UniProtKB:P04351	proteintraitsmech:B01	OK	-6.333958975471626	e	7d1941e7db5ddf2ea4e092585a2258d37d45efc00730715d2ed6003679855d38	ptm-observation:c2ef23d32053ee1fc93f645a9231286b53b88c6d4bdc342208dcf67e4bda3a6d
UniProtKB:P04351	proteintraitsmech:B02	OK	4.883753716945648	pH	7d1941e7db5ddf2ea4e092585a2258d37d45efc00730715d2ed6003679855d38	ptm-observation:2462664ff08f340d6293ee98fddb3435e956496dd4a0a4e91e9af9fe3ef0fdcc
UniProtKB:P04351	proteintraitsmech:B03	OK	0.08284023668639054	1	7d1941e7db5ddf2ea4e092585a2258d37d45efc00730715d2ed6003679855d38	ptm-observation:cc789349f0ec952067b86f833c05c30677d923ae67db205dcec4df4f471ad8e1
UniProtKB:P04351	proteintraitsmech:B04	OK	0.11834319526627218	1	7d1941e7db5ddf2ea4e092585a2258d37d45efc00730715d2ed6003679855d38	ptm-observation:66eb714ffacb7fd82b7324a48cef60c37263fc04f12b6e2b51250df197184280
UniProtKB:P04351	proteintraitsmech:B05	OK	0.20118343195266272	1	7d1941e7db5ddf2ea4e092585a2258d37d45efc00730715d2ed6003679855d38	ptm-observation:c07039158db8438b5ecc3657e74e1be5795cceecd2aa85a898da9d7a3776b4f0
UniProtKB:P04351	proteintraitsmech:B06	OK	0.18263587651635507	1	7d1941e7db5ddf2ea4e092585a2258d37d45efc00730715d2ed6003679855d38	ptm-observation:63511b88a45df15b6a9bb0b968a6dc0daa52a642709ce9ada9b95b4a7d3bbcfc
UniProtKB:P04351	proteintraitsmech:B08	OK	-0.3431952662721894	1	7d1941e7db5ddf2ea4e092585a2258d37d45efc00730715d2ed6003679855d38	ptm-observation:8cc74f337e99c5e05e1b3e91185014c013c0b52304d52d3f9cdf94fb8fbf77b1
UniProtKB:P04351	proteintraitsmech:B09	OK		1	7d1941e7db5ddf2ea4e092585a2258d37d45efc00730715d2ed6003679855d38	ptm-observation:76a83c0ddb371044a77f205f78264566d715bd046e6abca68591ec680fb88869
UniProtKB:P04351	proteintraitsmech:B10	OK		1	7d1941e7db5ddf2ea4e092585a2258d37d45efc00730715d2ed6003679855d38	ptm-observation:c2d8981e779a2f01b6930180d3a30db341a00110318a2f9b95bda61c7415e5a5
UniProtKB:P04351	proteintraitsmech:B13	OK		1	7d1941e7db5ddf2ea4e092585a2258d37d45efc00730715d2ed6003679855d38	ptm-observation:d7520b550e2fb2fc45befe65ee796049545425d1dd4dd9a0835c55d2792fd459
UniProtKB:P04351	proteintraitsmech:B16	OK	3.958328838302401	bit	7d1941e7db5ddf2ea4e092585a2258d37d45efc00730715d2ed6003679855d38	ptm-observation:56eaa9afdce5f625dd87a07f700135fc99ab268503b2008fdbfdb5a100e2fb40
UniProtKB:P04351	proteintraitsmech:B22	OK	0.22485207100591717	1	7d1941e7db5ddf2ea4e092585a2258d37d45efc00730715d2ed6003679855d38	ptm-observation:a7510cd8147e74b120070d8ce08b32bf15bdfa9765a5a329a0b756b79c2b081e
UniProtKB:P04802	proteintraitsmech:B01	OK	-5.352370642546889	e	bca8a0456085e476c0bbe634f85b879c3c0b697db90bb1014514d64f89acf640	ptm-observation:5a9e2cdd9d378c6f01ca2c4addc6b941c69fd81a91e339700ba08f2bfec2236a
UniProtKB:P04802	proteintraitsmech:B02	OK	6.1580610871315	pH	bca8a0456085e476c0bbe634f85b879c3c0b697db90bb1014514d64f89acf640	ptm-observation:c401e1140ea6be1325aaea7a6b71c4ef9a25b41a1e0e2701df989256f062b78c
UniProtKB:P04802	proteintraitsmech:B03	OK	0.15080789946140036	1	bca8a0456085e476c0bbe634f85b879c3c0b697db90bb1014514d64f89acf640	ptm-observation:fdbd3d5c0aea34d0f10b34d0314a3de6a0f2deb7600c116639fec82caf97be3e
UniProtKB:P04802	proteintraitsmech:B04	OK	0.1615798922800718	1	bca8a0456085e476c0bbe634f85b879c3c0b697db90bb1014514d64f89acf640	ptm-observation:52f017e48f0546143c84a40c9a6adec73911e256a274c2e2fb4e445654bda0fd
UniProtKB:P04802	proteintraitsmech:B05	OK	0.3123877917414722	1	bca8a0456085e476c0bbe634f85b879c3c0b697db90bb1014514d64f89acf640	ptm-observation:a7225ff737d8c1de6a81695c6cc8da60fab15b567a8bb25e9a51f04c717dd2f1
UniProtKB:P04802	proteintraitsmech:B06	OK	-1.4215782537922663	1	bca8a0456085e476c0bbe634f85b879c3c0b697db90bb1014514d64f89acf640	ptm-observation:12559c25c580f11dfb09f35504f5b2ae228e5072c18e8275dd9b51ec42190422
UniProtKB:P04802	proteintraitsmech:B08	OK	-0.5315978456014363	1	bca8a0456085e476c0bbe634f85b879c3c0b697db90bb1014514d64f89acf640	ptm-observation:a19126670ae89d3b2e4cc04eed864398898d6c15eedfda5f33811425d97f2d85
UniProtKB:P04802	proteintraitsmech:B09	OK		1	bca8a0456085e476c0bbe634f85b879c3c0b697db90bb1014514d64f89acf640	ptm-observation:3ed8af6bddf7d128ef877b5c2631f8346af8b14a2aea7aadc7ae5d333c7d3849
UniProtKB:P04802	proteintraitsmech:B10	OK		1	bca8a0456085e476c0bbe634f85b879c3c0b697db90bb1014514d64f89acf640	ptm-observation:761d8ce7c2cf74fbda3b5490211e4507a0c686d66a3f0eebf0f86fb4fa60c29b
UniProtKB:P04802	proteintraitsmech:B13	OK		1	bca8a0456085e476c0bbe634f85b879c3c0b697db90bb1014514d64f89acf640	ptm-observation:8439f6752192697707086c69ff02a71e49d3e021932ab27677566b626cc4769c
UniProtKB:P04802	proteintraitsmech:B16	OK	4.07809381525928	bit	bca8a0456085e476c0bbe634f85b879c3c0b697db90bb1014514d64f89acf640	ptm-observation:76301245cba07c687a6b77504104198b51bb0d33d81d571bd984d24c7ee14fd4
UniProtKB:P04802	proteintraitsmech:B22	OK	0.15798922800718132	1	bca8a0456085e476c0bbe634f85b879c3c0b697db90bb1014514d64f89acf640	ptm-observation:191668ea6e00ee56ac515e5a54e76c781e0fe9f286838a6092911bfead0dcde4
UniProtKB:P04918	proteintraitsmech:B01	OK	7.759208945671514	e	780a1632d42fb32a614ac55c95b5cc4a49421448e1e2eb087ff069f2790841f8	ptm-observation:8695d69e95dac2d6220c4bfbb20211374604307ce7dd95793752f25823295ec4
UniProtKB:P04918	proteintraitsmech:B02	OK	9.87956315279007	pH	780a1632d42fb32a614ac55c95b5cc4a49421448e1e2eb087ff069f2790841f8	ptm-observation:63ebef471c119b62853d9a8032e639f6fd118f4016705da42943189b45e0c057
UniProtKB:P04918	proteintraitsmech:B03	OK	0.1721311475409836	1	780a1632d42fb32a614ac55c95b5cc4a49421448e1e2eb087ff069f2790841f8	ptm-observation:07c91dd03a0d8a073916e731a4b4752e918139ba2fc167aa2a86b2cf6cbcfcdc
UniProtKB:P04918	proteintraitsmech:B04	OK	0.10655737704918032	1	780a1632d42fb32a614ac55c95b5cc4a49421448e1e2eb087ff069f2790841f8	ptm-observation:f1d9bb8a6136e58ca4207ba6109411db3cc85be9b5e5436382caac1f9e2797f7
UniProtKB:P04918	proteintraitsmech:B05	OK	0.2786885245901639	1	780a1632d42fb32a614ac55c95b5cc4a49421448e1e2eb087ff069f2790841f8	ptm-observation:adbaca39153f3dd43761aca67ca9103ebc94bbc1d66b2f754cb4334ca423780a
UniProtKB:P04918	proteintraitsmech:B06	OK	1.2454458717257701	1	780a1632d42fb32a614ac55c95b5cc4a49421448e1e2eb087ff069f2790841f8	ptm-observation:9e90bcb3c2eded3eaf24756293ccd6f4382ef81fcb680f67568e54e20662371d
UniProtKB:P04918	proteintraitsmech:B08	OK	-0.7893442622950819	1	780a1632d42fb32a614ac55c95b5cc4a49421448e1e2eb087ff069f2790841f8	ptm-observation:d34158ef0fe28e7499313ae2cf277fd4831bcff14ad82f2c68d8c01856164879
UniProtKB:P04918	proteintraitsmech:B09	OK		1	780a1632d42fb32a614ac55c95b5cc4a49421448e1e2eb087ff069f2790841f8	ptm-observation:dcc9af27abe0863684ef5525470ea2f71c89714e39f924b415b22071fb805baf
UniProtKB:P04918	proteintraitsmech:B10	OK		1	780a1632d42fb32a614ac55c95b5cc4a49421448e1e2eb087ff069f2790841f8	ptm-observation:55720b27c6f80719358976cb150a9ef4b9d4f06da2d198a3a3ac540e15f9b040
UniProtKB:P04918	proteintraitsmech:B13	OK		1	780a1632d42fb32a614ac55c95b5cc4a49421448e1e2eb087ff069f2790841f8	ptm-observation:43e414aaa822ee54971bb9e6eebaa6060113a4d73aadcf69ddc97c0bb08c89b1
UniProtKB:P04918	proteintraitsmech:B16	OK	4.068976938758025	bit	780a1632d42fb32a614ac55c95b5cc4a49421448e1e2eb087ff069f2790841f8	ptm-observation:89e79735c4f406656d950025d3c1ccb58c16f1ece30dc85ee7314a9cfa836e56
UniProtKB:P04918	proteintraitsmech:B22	OK	0.3360655737704918	1	780a1632d42fb32a614ac55c95b5cc4a49421448e1e2eb087ff069f2790841f8	ptm-observation:42fdfd932887e1f5fffc13c699d3079c06738e0cc808ef0581948437a24be5c8
UniProtKB:P05041	proteintraitsmech:B01	OK	-18.417590626748712	e	469d17f9c47d589f956c2df5469725378153dd6e919d21b03a8a3f0d9fd9ae74	ptm-observation:c3f4690b3da971c2f8c7884bd346f4b8785ac4ffc8c9000ee58c859dab28c102
UniProtKB:P05041	proteintraitsmech:B02	OK	5.081917464733124	pH	469d17f9c47d589f956c2df5469725378153dd6e919d21b03a8a3f0d9fd9ae74	ptm-observation:d0ecc4ba6a11f9152629c1f9b264a1c3245925239e761388948a698cd19c9a2a
UniProtKB:P05041	proteintraitsmech:B03	OK	0.09050772626931568	1	469d17f9c47d589f956c2df5469725378153dd6e919d21b03a8a3f0d9fd9ae74	ptm-observation:0c774a64356c0f77a474c5c9815b5285cfcdf1901ec4aefed6d0caadabd0576a
UniProtKB:P05041	proteintraitsmech:B04	OK	0.13245033112582782	1	469d17f9c47d589f956c2df5469725378153dd6e919d21b03a8a3f0d9fd9ae74	ptm-observation:d711079e02e70ba79f6449bbf1249be7bccab04f4f5b02750336c56284d7f4b4
UniProtKB:P05041	proteintraitsmech:B05	OK	0.2229580573951435	1	469d17f9c47d589f956c2df5469725378153dd6e919d21b03a8a3f0d9fd9ae74	ptm-observation:5b215ea8fdebfa24bfd3133e938ad84de835f396bff09c7c6098ffa73b3f4eb2
UniProtKB:P05041	proteintraitsmech:B06	OK	3.690076667252382	1	469d17f9c47d589f956c2df5469725378153dd6e919d21b03a8a3f0d9fd9ae74	ptm-observation:cf5e6291f1713c964f6a33643496f73e940881fa6f870f43f91fdf8a839dcf43
UniProtKB:P05041	proteintraitsmech:B08	OK	-0.2894039735099338	1	469d17f9c47d589f956c2df5469725378153dd6e919d21b03a8a3f0d9fd9ae74	ptm-observation:99e592442e0bae7b654b79998e38dde3aec5aa7085a8f80a841dc10781e3c4a2
UniProtKB:P05041	proteintraitsmech:B09	OK		1	469d17f9c47d589f956c2df5469725378153dd6e919d21b03a8a3f0d9fd9ae74	ptm-observation:a93229af575528f77aa2ba58501e1db8f7bcb582c97ebd9f8625966fb754fd08
UniProtKB:P05041	proteintraitsmech:B10	OK		1	469d17f9c47d589f956c2df5469725378153dd6e919d21b03a8a3f0d9fd9ae74	ptm-observation:29689110e4e3d7ae15dddc7562a5d8188fde53d5007a2d9e41e29af36eb75fdd
UniProtKB:P05041	proteintraitsmech:B13	OK		1	469d17f9c47d589f956c2df5469725378153dd6e919d21b03a8a3f0d9fd9ae74	ptm-observation:c03572cbe033ef71312ff85baf93e91ea44b3b3b6c2bb16edb51b2eeec113d45
UniProtKB:P05041	proteintraitsmech:B16	OK	4.151509347204956	bit	469d17f9c47d589f956c2df5469725378153dd6e919d21b03a8a3f0d9fd9ae74	ptm-observation:0b3be60e6a4156f25d37ca464e8a636c75e7495fd3e8713fa9c40cfc6bd2950f
UniProtKB:P05041	proteintraitsmech:B22	OK	0.0	1	469d17f9c47d589f956c2df5469725378153dd6e919d21b03a8a3f0d9fd9ae74	ptm-observation:92ddff6b23a8aaea84aed9a21cb221c9619d83a17ee1112a56c96d5a4ce6d188
UniProtKB:P05100	proteintraitsmech:B01	OK	-2.1162329160236992	e	c5bb3d2d9ad461c0e3dee13cbc2c65f9cfb92b9637849ca92ca3015200bb1d62	ptm-observation:a39e531dcbe20c3b5dcb409efdcff6b1b87cd9320c7afa5b9b64fab0d3800b43
UniProtKB:P05100	proteintraitsmech:B02	OK	6.200821578502655	pH	c5bb3d2d9ad461c0e3dee13cbc2c65f9cfb92b9637849ca92ca3015200bb1d62	ptm-observation:46ee3da5dcd449ea1f087d5dbcdc55d8f044998e7d3e90d78e3548546e8f0f17
UniProtKB:P05100	proteintraitsmech:B03	OK	0.10160427807486631	1	c5bb3d2d9ad461c0e3dee13cbc2c65f9cfb92b9637849ca92ca3015200bb1d62	ptm-observation:688b7f92b830b9d724ca133c49d6eabfb118b36c60d1f2b0b93c2a6eb5bd0404
UniProtKB:P05100	proteintraitsmech:B04	OK	0.11229946524064172	1	c5bb3d2d9ad461c0e3dee13cbc2c65f9cfb92b9637849ca92ca3015200bb1d62	ptm-observation:f6cc44d9c37f5a457b2b8ddb63befe598278f4125c39edef4a92462a07e81f90
UniProtKB:P05100	proteintraitsmech:B05	OK	0.21390374331550802	1	c5bb3d2d9ad461c0e3dee13cbc2c65f9cfb92b9637849ca92ca3015200bb1d62	ptm-observation:2823540c172101e9729310010a2285463a603bc547cd2db2f9dd1f4421325f39
UniProtKB:P05100	proteintraitsmech:B06	OK	-0.8759289001699092	1	c5bb3d2d9ad461c0e3dee13cbc2c65f9cfb92b9637849ca92ca3015200bb1d62	ptm-observation:b3802486bd37aedd93129112ea6e5067f58fe8fab04a3bb97d76ddc947e30da6
UniProtKB:P05100	proteintraitsmech:B08	OK	-0.2802139037433155	1	c5bb3d2d9ad461c0e3dee13cbc2c65f9cfb92b9637849ca92ca3015200bb1d62	ptm-observation:d84355b68a3c9f4328687410caab7e0c0ab3d00d90255de290b8b834c2f18889
UniProtKB:P05100	proteintraitsmech:B09	OK		1	c5bb3d2d9ad461c0e3dee13cbc2c65f9cfb92b9637849ca92ca3015200bb1d62	ptm-observation:ac64421d709d18b25eafcacf58fcfa18ddf4f7cf6486b6bb40d9cd14b9fd63cd
UniProtKB:P05100	proteintraitsmech:B10	OK		1	c5bb3d2d9ad461c0e3dee13cbc2c65f9cfb92b9637849ca92ca3015200bb1d62	ptm-observation:dc3adf7c6a16a7d5ebfeb87675f0e885909acf50bb33d9118d671d57d0eeb804
UniProtKB:P05100	proteintraitsmech:B13	OK		1	c5bb3d2d9ad461c0e3dee13cbc2c65f9cfb92b9637849ca92ca3015200bb1d62	ptm-observation:adfbf38a9d0573178a2de21c76b7c97be605ba1859070bc3cd13e2687721f7e5
UniProtKB:P05100	proteintraitsmech:B16	OK	4.243943211344479	bit	c5bb3d2d9ad461c0e3dee13cbc2c65f9cfb92b9637849ca92ca3015200bb1d62	ptm-observation:03828e12886c5dbe2bd956942cac1163696a2e3047255034c811f27d3a574cf9
UniProtKB:P05100	proteintraitsmech:B22	OK	0.11229946524064172	1	c5bb3d2d9ad461c0e3dee13cbc2c65f9cfb92b9637849ca92ca3015200bb1d62	ptm-observation:5829474011f52ee860358e443abbaab2727b52285c2ba7e867542b9492b872c7
UniProtKB:P05164	proteintraitsmech:B01	OK	17.039351702177953	e	60676beee4960e060cc78a55a5410118d39b40fbd63e1c600b9498427d1c4eb0	ptm-observation:92a6784f30e9addaaf2e88232a71be6e161f14a88936f2e886c9cbb17b8a829e
UniProtKB:P05164	proteintraitsmech:B02	OK	9.193924963474274	pH	60676beee4960e060cc78a55a5410118d39b40fbd63e1c600b9498427d1c4eb0	ptm-observation:2c57c3724ff8740ae82fc38dba4f964c5a27e06697056a365b7ff893a7907e3a
UniProtKB:P05164	proteintraitsmech:B03	OK	0.11812080536912752	1	60676beee4960e060cc78a55a5410118d39b40fbd63e1c600b9498427d1c4eb0	ptm-observation:65883eaf4a0c96ed7813918882d11756fba1a53cb8dc496a4c9f82adc537b013
UniProtKB:P05164	proteintraitsmech:B04	OK	0.0953020134228188	1	60676beee4960e060cc78a55a5410118d39b40fbd63e1c600b9498427d1c4eb0	ptm-observation:145b0ba89486b51f8cf5cdbb13caab93f10b0aaf891c6c4aba60592b1d14b79b
UniProtKB:P05164	proteintraitsmech:B05	OK	0.2134228187919463	1	60676beee4960e060cc78a55a5410118d39b40fbd63e1c600b9498427d1c4eb0	ptm-observation:b8ab4e5ee1ff5530670e696091a07867505fb682e98937b68604fad0d20d7e33
UniProtKB:P05164	proteintraitsmech:B06	OK	1.8213236393329821	1	60676beee4960e060cc78a55a5410118d39b40fbd63e1c600b9498427d1c4eb0	ptm-observation:a757d1eea9e08dc6677313cbd9d3a0abb7ea1b0de70c10e7a13c3ecbb2695c33
UniProtKB:P05164	proteintraitsmech:B08	OK	-0.26859060402684565	1	60676beee4960e060cc78a55a5410118d39b40fbd63e1c600b9498427d1c4eb0	ptm-observation:78b99ce339a0f89b8adf880f21a0d6054c77db3b7c63bd38b4bc3ffa178ce511
UniProtKB:P05164	proteintraitsmech:B09	OK		1	60676beee4960e060cc78a55a5410118d39b40fbd63e1c600b9498427d1c4eb0	ptm-observation:776d6a27f75ab4b23f0f38fcb237542f4c6a4727dc320e3acf9ae30d96e815c9
UniProtKB:P05164	proteintraitsmech:B10	OK		1	60676beee4960e060cc78a55a5410118d39b40fbd63e1c600b9498427d1c4eb0	ptm-observation:b4d9c659b7c59959e9ded9810a6aba65432aa0cf3ff38a0c98a415a968317c1e
UniProtKB:P05164	proteintraitsmech:B13	OK		1	60676beee4960e060cc78a55a5410118d39b40fbd63e1c600b9498427d1c4eb0	ptm-observation:8648d545aad270452eca6ab3179b1ade5dc26d5b409fbbd3fa6e9e433e04ffb6
UniProtKB:P05164	proteintraitsmech:B16	OK	4.138485030865435	bit	60676beee4960e060cc78a55a5410118d39b40fbd63e1c600b9498427d1c4eb0	ptm-observation:8154bd9a899eadd7fc88c0abf73472ade3d57efffcc8e1dbb70785dac331fc05
UniProtKB:P05164	proteintraitsmech:B22	OK	0.07785234899328859	1	60676beee4960e060cc78a55a5410118d39b40fbd63e1c600b9498427d1c4eb0	ptm-observation:fee997f3b1ef4db737100e31933ebb5018186b7104973de670b8619d64d37a82
UniProtKB:P05533	proteintraitsmech:B01	OK	-4.5151387356123465	e	6ab18545241bea68e24dc76e6cca2bbfe96ef314121cb518735560e2a8f2b0a5	ptm-observation:1cc271ea5e04b1892783d712788c39535bb56fbf29f2e73de793366dcce1d324
UniProtKB:P05533	proteintraitsmech:B02	OK	4.74996143579483	pH	6ab18545241bea68e24dc76e6cca2bbfe96ef314121cb518735560e2a8f2b0a5	ptm-observation:2cecc9069a8a3d23e8793e81cadfed7bf358f6f6e1c6a8e0b4e510ebc678c1da
UniProtKB:P05533	proteintraitsmech:B03	OK	0.05223880597014925	1	6ab18545241bea68e24dc76e6cca2bbfe96ef314121cb518735560e2a8f2b0a5	ptm-observation:8779f5d1b047241a2606c1910fccc4360c8cbbfb79a69bd87de3b0c1336ebcd5
UniProtKB:P05533	proteintraitsmech:B04	OK	0.08208955223880597	1	6ab18545241bea68e24dc76e6cca2bbfe96ef314121cb518735560e2a8f2b0a5	ptm-observation:b34e6a931bc1b2cff51ab7c923b4df773123d19af362239b88ed7037dcf3ec01
UniProtKB:P05533	proteintraitsmech:B05	OK	0.13432835820895522	1	6ab18545241bea68e24dc76e6cca2bbfe96ef314121cb518735560e2a8f2b0a5	ptm-observation:d06436ab9cab09e7725e7bdfb4e29fadf1d4f542011e23951bd8d89b57788987
UniProtKB:P05533	proteintraitsmech:B06	OK	0.10467336147323048	1	6ab18545241bea68e24dc76e6cca2bbfe96ef314121cb518735560e2a8f2b0a5	ptm-observation:5b12be8962e9a15311de00e4a74355da1b2ab6b8bcb851c428e45605581c5659
UniProtKB:P05533	proteintraitsmech:B08	OK	0.4037313432835821	1	6ab18545241bea68e24dc76e6cca2bbfe96ef314121cb518735560e2a8f2b0a5	ptm-observation:2e71db67c927a59d7419dc5cce4c9f83414c9511464097c01af8ab7dca7e5d0e
UniProtKB:P05533	proteintraitsmech:B09	OK		1	6ab18545241bea68e24dc76e6cca2bbfe96ef314121cb518735560e2a8f2b0a5	ptm-observation:ccc800c557641eb586e49582385464e2ebdecb3458efece232687b7089e55bde
UniProtKB:P05533	proteintraitsmech:B10	OK		1	6ab18545241bea68e24dc76e6cca2bbfe96ef314121cb518735560e2a8f2b0a5	ptm-observation:f43aa049693d6c76d735aa850f4e2c0c6c7e7dc6a9c851424c40731cd51cc496
UniProtKB:P05533	proteintraitsmech:B13	OK		1	6ab18545241bea68e24dc76e6cca2bbfe96ef314121cb518735560e2a8f2b0a5	ptm-observation:2908a7a897dcab75ad1585d4909b2c7e18259e34db2cd2e35df591514435e7a1
UniProtKB:P05533	proteintraitsmech:B16	OK	4.0074294289721895	bit	6ab18545241bea68e24dc76e6cca2bbfe96ef314121cb518735560e2a8f2b0a5	ptm-observation:a4b9cfa933cfe53d11c596246711db51e16e69898d2625442fc751aedbaa7b4b
UniProtKB:P05533	proteintraitsmech:B22	OK	0.014925373134328358	1	6ab18545241bea68e24dc76e6cca2bbfe96ef314121cb518735560e2a8f2b0a5	ptm-observation:cdfe1299d3c43dc601d660e82b1cde569219b9c8cf19ae53fb7174b685c11135
UniProtKB:P05651	proteintraitsmech:B01	OK	-0.3993757413503559	e	a7dbb6b0be37089fa2b47e4b99ce22abd0253d33acfbd58d7f8b17553354a0a7	ptm-observation:e808f829a2acab90e1c15c9a9c4b40016a710fe6e70e785071d1f42c52a3191f
UniProtKB:P05651	proteintraitsmech:B02	OK	6.881284415721893	pH	a7dbb6b0be37089fa2b47e4b99ce22abd0253d33acfbd58d7f8b17553354a0a7	ptm-observation:dfd841fffaed8f51e0d216a597bc05f02739fbd6a39caf0b965084205207581f
UniProtKB:P05651	proteintraitsmech:B03	OK	0.12702702702702703	1	a7dbb6b0be37089fa2b47e4b99ce22abd0253d33acfbd58d7f8b17553354a0a7	ptm-observation:e25073a88f51642596577fb87047d615c57771425f2a4b9e45b570197df87c14
UniProtKB:P05651	proteintraitsmech:B04	OK	0.12972972972972974	1	a7dbb6b0be37089fa2b47e4b99ce22abd0253d33acfbd58d7f8b17553354a0a7	ptm-observation:c5383b7ec3321148a90cd4baff07ed4e808ec1eeb6c030e65ece9c6e9f4de971
UniProtKB:P05651	proteintraitsmech:B05	OK	0.25675675675675674	1	a7dbb6b0be37089fa2b47e4b99ce22abd0253d33acfbd58d7f8b17553354a0a7	ptm-observation:e9178dcf5058a9e1395bc95391d0994deec7dd6b2585d0494029f72cb3b88a91
UniProtKB:P05651	proteintraitsmech:B06	OK	-2.1149134168966532	1	a7dbb6b0be37089fa2b47e4b99ce22abd0253d33acfbd58d7f8b17553354a0a7	ptm-observation:4166ad4899a46e2f7e56a56233833d0d2c2fbe5f2b8f8c919b1215a1949ab157
UniProtKB:P05651	proteintraitsmech:B08	OK	-0.4372972972972973	1	a7dbb6b0be37089fa2b47e4b99ce22abd0253d33acfbd58d7f8b17553354a0a7	ptm-observation:719764a7e85d7e7780e18fb01eaff11be8c73d5d9778903856685a6d242fc9b1
UniProtKB:P05651	proteintraitsmech:B09	OK		1	a7dbb6b0be37089fa2b47e4b99ce22abd0253d33acfbd58d7f8b17553354a0a7	ptm-observation:02d48a65898192efdbddc8fadc452fc0e3418352d4cf1259edbca7134aa6e17c
UniProtKB:P05651	proteintraitsmech:B10	OK		1	a7dbb6b0be37089fa2b47e4b99ce22abd0253d33acfbd58d7f8b17553354a0a7	ptm-observation:01ffebd110dc15e243bc0dbd564e439ad7afdb0a86fc1c40acff9533558c9823
UniProtKB:P05651	proteintraitsmech:B13	OK		1	a7dbb6b0be37089fa2b47e4b99ce22abd0253d33acfbd58d7f8b17553354a0a7	ptm-observation:ecab2a4f2cd1989b5b25312115ee94e3a36ee58572f7615367d48f4cf6f643f2
UniProtKB:P05651	proteintraitsmech:B16	OK	4.068581033002282	bit	a7dbb6b0be37089fa2b47e4b99ce22abd0253d33acfbd58d7f8b17553354a0a7	ptm-observation:7cee49d2038199250f3a15da58b057ab3d2a1a2ca545bfd7b22f7cc547460c39
UniProtKB:P05651	proteintraitsmech:B22	OK	0.0	1	a7dbb6b0be37089fa2b47e4b99ce22abd0253d33acfbd58d7f8b17553354a0a7	ptm-observation:91d503a85f321f180374508813979fe01bf0e588f806417aec4751cc2a3be847
UniProtKB:P05791	proteintraitsmech:B01	OK	-10.57455822621865	e	39c5bd70a0380978f7aea3c26d38fb45f78e3e32e26442823fe21cce9d4458de	ptm-observation:d6fba09401b196603abd7dfa1771878b1fa9eb72fb95ad82dfc0a5b3406ed5b9
UniProtKB:P05791	proteintraitsmech:B02	OK	5.58690482378006	pH	39c5bd70a0380978f7aea3c26d38fb45f78e3e32e26442823fe21cce9d4458de	ptm-observation:f6aeacb646485e2cafa920176365cdf02965d20dd57eb3a0486418fccc9dea16
UniProtKB:P05791	proteintraitsmech:B03	OK	0.10227272727272728	1	39c5bd70a0380978f7aea3c26d38fb45f78e3e32e26442823fe21cce9d4458de	ptm-observation:e5e1895f914e603993f952526bb8dad94e3814703acdfb1dcd9b37c304ab3252
UniProtKB:P05791	proteintraitsmech:B04	OK	0.12012987012987013	1	39c5bd70a0380978f7aea3c26d38fb45f78e3e32e26442823fe21cce9d4458de	ptm-observation:b948f5f18326bb3260aa09ec897402f6178a06d7c643934861dbbfeaa06c0e95
UniProtKB:P05791	proteintraitsmech:B05	OK	0.2224025974025974	1	39c5bd70a0380978f7aea3c26d38fb45f78e3e32e26442823fe21cce9d4458de	ptm-observation:c492e5ce4e3cb242b1ad574af7971851cfbc10e9d2698a11a5679fbf7605daed
UniProtKB:P05791	proteintraitsmech:B06	OK	0.0033494286851118425	1	39c5bd70a0380978f7aea3c26d38fb45f78e3e32e26442823fe21cce9d4458de	ptm-observation:c63692bbf14b82097bd8f8ec21464a60da4771e465427cab3fb642451c075b01
UniProtKB:P05791	proteintraitsmech:B08	OK	-0.13571428571428573	1	39c5bd70a0380978f7aea3c26d38fb45f78e3e32e26442823fe21cce9d4458de	ptm-observation:8be0ff9bee9be1be023de36f59917f9438fa2129387fe4875e04668c866254eb
UniProtKB:P05791	proteintraitsmech:B09	OK		1	39c5bd70a0380978f7aea3c26d38fb45f78e3e32e26442823fe21cce9d4458de	ptm-observation:962e654a67ca2189167c504c283628faca259bb16a1c4916f88469b31510da08
UniProtKB:P05791	proteintraitsmech:B10	OK		1	39c5bd70a0380978f7aea3c26d38fb45f78e3e32e26442823fe21cce9d4458de	ptm-observation:568c89100920330e206f36a0ba91d2bc3e8aefcaf970c5891788719739a2b13d
UniProtKB:P05791	proteintraitsmech:B13	OK		1	39c5bd70a0380978f7aea3c26d38fb45f78e3e32e26442823fe21cce9d4458de	ptm-observation:57a0dc9c2fec719241752d8d596490fc4338aadf371754d956f9a23e650cfa9c
UniProtKB:P05791	proteintraitsmech:B16	OK	4.091878793301055	bit	39c5bd70a0380978f7aea3c26d38fb45f78e3e32e26442823fe21cce9d4458de	ptm-observation:dbdebd52f135315843ab1bfe38622ebadaf039b2a128bbba2a00b8c09d6b5a5e
UniProtKB:P05791	proteintraitsmech:B22	OK	0.00974025974025974	1	39c5bd70a0380978f7aea3c26d38fb45f78e3e32e26442823fe21cce9d4458de	ptm-observation:f2697b4e4e789616856d5217a725a3b8b7ec99016f37feb8b23ce1c12eb46de0
UniProtKB:P06104	proteintraitsmech:B01	OK	-23.19380199937845	e	4d2a0e0bb3d0ffe21606bfe2fcd1b4c4cdcf1a23654b69349eed7324483bdcb4	ptm-observation:1fd6611590e033c192b79c5eb1e9e757f2df0cce02dfd09bf986693422311428
UniProtKB:P06104	proteintraitsmech:B02	OK	4.196792900562286	pH	4d2a0e0bb3d0ffe21606bfe2fcd1b4c4cdcf1a23654b69349eed7324483bdcb4	ptm-observation:b89f7232925d36748aaafefffa018e4279cf13428a78600905f082df65b1d377
UniProtKB:P06104	proteintraitsmech:B03	OK	0.09883720930232558	1	4d2a0e0bb3d0ffe21606bfe2fcd1b4c4cdcf1a23654b69349eed7324483bdcb4	ptm-observation:78dd37ebb47a136afa00b2c191c6e98d18bccbe4a8f937da1c15ebab88c437a6
UniProtKB:P06104	proteintraitsmech:B04	OK	0.23255813953488372	1	4d2a0e0bb3d0ffe21606bfe2fcd1b4c4cdcf1a23654b69349eed7324483bdcb4	ptm-observation:bee435a0badcb99b078bd86e8d43664e1fc1038f549cc3e04a53e4899fca5566
UniProtKB:P06104	proteintraitsmech:B05	OK	0.3313953488372093	1	4d2a0e0bb3d0ffe21606bfe2fcd1b4c4cdcf1a23654b69349eed7324483bdcb4	ptm-observation:2e89e20f7179e6393d9d2e071cb75e3592ff0c115f05eb551419c5f3ddb04314
UniProtKB:P06104	proteintraitsmech:B06	OK	5.286539465624375	1	4d2a0e0bb3d0ffe21606bfe2fcd1b4c4cdcf1a23654b69349eed7324483bdcb4	ptm-observation:628a2f6ce326f3ea41a68f55b7fc5b0863a8a16fb37782d1176b229d87e4265a
UniProtKB:P06104	proteintraitsmech:B08	OK	-0.822093023255814	1	4d2a0e0bb3d0ffe21606bfe2fcd1b4c4cdcf1a23654b69349eed7324483bdcb4	ptm-observation:b7708b9cf54a4d044f8b83461e2a495e95226a0a20c6d5b13523088a65738319
UniProtKB:P06104	proteintraitsmech:B09	OK		1	4d2a0e0bb3d0ffe21606bfe2fcd1b4c4cdcf1a23654b69349eed7324483bdcb4	ptm-observation:2e311013fb0ab42e2810a3d567790551f489e51516d0775c36c1feb9a14ea5e7
UniProtKB:P06104	proteintraitsmech:B10	OK		1	4d2a0e0bb3d0ffe21606bfe2fcd1b4c4cdcf1a23654b69349eed7324483bdcb4	ptm-observation:1bcb580e64cfbc0579936ccbb85abb555b1ff374cf061a73c4d7258654bc5bb1
UniProtKB:P06104	proteintraitsmech:B13	OK		1	4d2a0e0bb3d0ffe21606bfe2fcd1b4c4cdcf1a23654b69349eed7324483bdcb4	ptm-observation:c7393a180eb2c6cad5d5fcda2962e47f1c4d18780a47e380178edbff0ab4bc54
UniProtKB:P06104	proteintraitsmech:B16	OK	4.043503598089162	bit	4d2a0e0bb3d0ffe21606bfe2fcd1b4c4cdcf1a23654b69349eed7324483bdcb4	ptm-observation:2ea82467ecd8f64fd1fb1f6d6c0b8b411d4d877dcd3eccff0cef52430e466330
UniProtKB:P06104	proteintraitsmech:B22	OK	0.3081395348837209	1	4d2a0e0bb3d0ffe21606bfe2fcd1b4c4cdcf1a23654b69349eed7324483bdcb4	ptm-observation:e6120a0f5f22679caf3d4495d6a8c34cd1c60540570a3b01498f54b00cd4c72e
UniProtKB:P06701	proteintraitsmech:B01	OK	-8.24208518237626	e	fb2ce64c770c16ec0356eb31ad43b0013955a32ee345b4278848fb33ef5ac985	ptm-observation:2eb18583fb5af4f07ead430bf0e1eecfa5de178665443470f53a2438c0aacfca
UniProtKB:P06701	proteintraitsmech:B02	OK	6.021120369434357	pH	fb2ce64c770c16ec0356eb31ad43b0013955a32ee345b4278848fb33ef5ac985	ptm-observation:27d71d1524a4a12c164c5657489bfd7dd19a9a37582cb7f49be2bc49bc452843
UniProtKB:P06701	proteintraitsmech:B03	OK	0.1390593047034765	1	fb2ce64c770c16ec0356eb31ad43b0013955a32ee345b4278848fb33ef5ac985	ptm-observation:90486f9e7c15b7f17d643c1dfba76a41a47bbf0297af804b888cf1690af0d39d
UniProtKB:P06701	proteintraitsmech:B04	OK	0.14826175869120656	1	fb2ce64c770c16ec0356eb31ad43b0013955a32ee345b4278848fb33ef5ac985	ptm-observation:032122695ba97b4fb705d711a52baa84d601885d175aa2bd0c108d2626dfeba2
UniProtKB:P06701	proteintraitsmech:B05	OK	0.28732106339468305	1	fb2ce64c770c16ec0356eb31ad43b0013955a32ee345b4278848fb33ef5ac985	ptm-observation:c8d0adc26c160f482982f8a053703fdedef0e25fc04942b0ddfeda706f66258c
UniProtKB:P06701	proteintraitsmech:B06	OK	-2.623814398194504	1	fb2ce64c770c16ec0356eb31ad43b0013955a32ee345b4278848fb33ef5ac985	ptm-observation:5d70a6d5fd89a9412e29f2d983ea2e6113d4b88c19d318cc68af6571da98379c
UniProtKB:P06701	proteintraitsmech:B08	OK	-0.5062372188139059	1	fb2ce64c770c16ec0356eb31ad43b0013955a32ee345b4278848fb33ef5ac985	ptm-observation:9e16cd5848d8f2e1ccb867f9d28b381a3048ae2c4411f58120c12e8c6136983d
UniProtKB:P06701	proteintraitsmech:B09	OK		1	fb2ce64c770c16ec0356eb31ad43b0013955a32ee345b4278848fb33ef5ac985	ptm-observation:8aa2054349be81a71dec81fc09ecd8f7917d2e155f8c6b27492b9b5e854f238a
UniProtKB:P06701	proteintraitsmech:B10	OK		1	fb2ce64c770c16ec0356eb31ad43b0013955a32ee345b4278848fb33ef5ac985	ptm-observation:627b88f90c4bcf73ad6aa17ac33d02419e0f093f2a2355aba8f5c5af4dbb2330
UniProtKB:P06701	proteintraitsmech:B13	OK		1	fb2ce64c770c16ec0356eb31ad43b0013955a32ee345b4278848fb33ef5ac985	ptm-observation:335aab5b192b896987b566fdd40970a147b2369c7e3741de8749e905b2258569
UniProtKB:P06701	proteintraitsmech:B16	OK	4.07700248814509	bit	fb2ce64c770c16ec0356eb31ad43b0013955a32ee345b4278848fb33ef5ac985	ptm-observation:47693dcb6fe745350e02929587391fda94f26a97f38d78d8cb8250dee92cadd3
UniProtKB:P06701	proteintraitsmech:B22	OK	0.3261758691206544	1	fb2ce64c770c16ec0356eb31ad43b0013955a32ee345b4278848fb33ef5ac985	ptm-observation:f2aaea37cc46d1cee14f8439fbd4e26352f50e1edf7a4942a813e2f147b64a7c
UniProtKB:P06709	proteintraitsmech:B01	OK	0.7175779284503946	e	d48d98649de9755382aee47937e82df9878efe73834ef57606a839407b3759c8	ptm-observation:2186e03c04955ff924f4b0099e2a9b2c865b83c38c285dd1e6cf11f61d6ac1db
UniProtKB:P06709	proteintraitsmech:B02	OK	7.76154488325119	pH	d48d98649de9755382aee47937e82df9878efe73834ef57606a839407b3759c8	ptm-observation:fe96ad871e94e479361df9715608ee84f3c60f4122e470e0664078cc14132ec3
UniProtKB:P06709	proteintraitsmech:B03	OK	0.11838006230529595	1	d48d98649de9755382aee47937e82df9878efe73834ef57606a839407b3759c8	ptm-observation:821d2363762ecc320ecd8e2949cb9e3845a919ebf4416774dac2643de20a0ed8
UniProtKB:P06709	proteintraitsmech:B04	OK	0.11526479750778816	1	d48d98649de9755382aee47937e82df9878efe73834ef57606a839407b3759c8	ptm-observation:588880a97211e712621be5ab732af85e6ae98dfbe8aa320b405e383c5014e6a9
UniProtKB:P06709	proteintraitsmech:B05	OK	0.2336448598130841	1	d48d98649de9755382aee47937e82df9878efe73834ef57606a839407b3759c8	ptm-observation:3468d2e5b93f00bb8e33b3c06f27a23fbe0777eafe50b165798bcb4a1afc45bf
UniProtKB:P06709	proteintraitsmech:B06	OK	-0.5151850358673509	1	d48d98649de9755382aee47937e82df9878efe73834ef57606a839407b3759c8	ptm-observation:5aeb401f324f91ff5c2b6242aa44f3a0c65101578368115e2e9a362da3d4b0dd
UniProtKB:P06709	proteintraitsmech:B08	OK	-0.030529595015576342	1	d48d98649de9755382aee47937e82df9878efe73834ef57606a839407b3759c8	ptm-observation:ea006b19cd5e76d3a1a88fd3b7bae029f049b49c449f29c4a5e5a3b76bf86887
UniProtKB:P06709	proteintraitsmech:B09	OK		1	d48d98649de9755382aee47937e82df9878efe73834ef57606a839407b3759c8	ptm-observation:3bb31a569ad15e5bd7bd196da3b1bd251d996e74fe54d56972f064ee621be2e8
UniProtKB:P06709	proteintraitsmech:B10	OK		1	d48d98649de9755382aee47937e82df9878efe73834ef57606a839407b3759c8	ptm-observation:443627712cd9e46910d8d13956ee379935a35a38d974ecdfa605fed7f5795fa6
UniProtKB:P06709	proteintraitsmech:B13	OK		1	d48d98649de9755382aee47937e82df9878efe73834ef57606a839407b3759c8	ptm-observation:45de3efd8748b8fa4b6f2208e63520dc64adce58419b522aa6b5bd3df1b06e49
UniProtKB:P06709	proteintraitsmech:B16	OK	4.009327506528294	bit	d48d98649de9755382aee47937e82df9878efe73834ef57606a839407b3759c8	ptm-observation:2777badc9f975d7b617c7e02363eae0b6354ad264fc890b61361ee65474e6029
UniProtKB:P06709	proteintraitsmech:B22	OK	0.0	1	d48d98649de9755382aee47937e82df9878efe73834ef57606a839407b3759c8	ptm-observation:f4941932af3e5c6a2b5f3861a4328bd59127e2a6cacb4180ecc8a3303921ac1c
UniProtKB:P06721	proteintraitsmech:B01	OK	-6.370953089835497	e	c591614c703472c7dae08fccce2d7bfaadbf7d61d43bdafaf9c08ebaf82015e6	ptm-observation:1a5baf9840ba560188fe7ba1e66a2ab53bc533c8e555f5e3094acf445efd857a
UniProtKB:P06721	proteintraitsmech:B02	OK	6.006077468395233	pH	c591614c703472c7dae08fccce2d7bfaadbf7d61d43bdafaf9c08ebaf82015e6	ptm-observation:ca0328f0456171c7d5c687e1d9e4ea9836b02b3ce3b352fded7fc5a34f51f3f7
UniProtKB:P06721	proteintraitsmech:B03	OK	0.09113924050632911	1	c591614c703472c7dae08fccce2d7bfaadbf7d61d43bdafaf9c08ebaf82015e6	ptm-observation:3fe4a84bd303e1f6159e76138e85040b2f18a7c7de733b1d47af703800ec451b
UniProtKB:P06721	proteintraitsmech:B04	OK	0.10886075949367088	1	c591614c703472c7dae08fccce2d7bfaadbf7d61d43bdafaf9c08ebaf82015e6	ptm-observation:080969432ed9a777a4f1b2e15f5b2cebb15758ab7db16e2b642d2f36f56f3feb
UniProtKB:P06721	proteintraitsmech:B05	OK	0.2	1	c591614c703472c7dae08fccce2d7bfaadbf7d61d43bdafaf9c08ebaf82015e6	ptm-observation:87ee42daab1447fc7174a1152170ecacb7fc85e28d37986131d39b670a9dbf57
UniProtKB:P06721	proteintraitsmech:B06	OK	-0.7746344645699005	1	c591614c703472c7dae08fccce2d7bfaadbf7d61d43bdafaf9c08ebaf82015e6	ptm-observation:28521bcbed98137fd815ffe4f6246406628700201c0cd8b28badbfd515169631
UniProtKB:P06721	proteintraitsmech:B08	OK	0.023797468354430362	1	c591614c703472c7dae08fccce2d7bfaadbf7d61d43bdafaf9c08ebaf82015e6	ptm-observation:a3d5a02e0b818dd1e33c7872e9ebcc907fd7ad8f2f9570e84c585c0b008881b3
UniProtKB:P06721	proteintraitsmech:B09	OK		1	c591614c703472c7dae08fccce2d7bfaadbf7d61d43bdafaf9c08ebaf82015e6	ptm-observation:dd352ba2b3736ef20a89fe2801022fdc4fbd582ac827b3510f6d2662919c7c30
UniProtKB:P06721	proteintraitsmech:B10	OK		1	c591614c703472c7dae08fccce2d7bfaadbf7d61d43bdafaf9c08ebaf82015e6	ptm-observation:c5aeed3068f6161d465d3159f58307e49917cb68df303ce3ab58b5f80ce6c4d8
UniProtKB:P06721	proteintraitsmech:B13	OK		1	c591614c703472c7dae08fccce2d7bfaadbf7d61d43bdafaf9c08ebaf82015e6	ptm-observation:7c3cf91e3a26b070fe663e4cc09c1482089c0b2a76a71ab287a17e3cabff46fc
UniProtKB:P06721	proteintraitsmech:B16	OK	4.140105785297776	bit	c591614c703472c7dae08fccce2d7bfaadbf7d61d43bdafaf9c08ebaf82015e6	ptm-observation:58a0e14c0bc46f6d231519da7074a01264b31db8bb2a1d66482be5b9e7b4ef27
UniProtKB:P06721	proteintraitsmech:B22	OK	0.005063291139240506	1	c591614c703472c7dae08fccce2d7bfaadbf7d61d43bdafaf9c08ebaf82015e6	ptm-observation:7a5fdcf24ff9b71cb3e00ba30d6a4acff3ba36268602440c063d9c8c7a408274
UniProtKB:P06993	proteintraitsmech:B01	OK	-17.082754134414273	e	42a58f34098e877cbba5ba15af902db1efd7885bbc7507ac7123285b1c462ff3	ptm-observation:c5e671bf7c7571a33ccdc6100fce963b8f15104fbc01594971b96510a08a146d
UniProtKB:P06993	proteintraitsmech:B02	OK	6.02838271856308	pH	42a58f34098e877cbba5ba15af902db1efd7885bbc7507ac7123285b1c462ff3	ptm-observation:ba4da74c9646ab04d35bc2a2c2f2775c26e11fad9194dd6b61898dc3d75340a9
UniProtKB:P06993	proteintraitsmech:B03	OK	0.09433962264150944	1	42a58f34098e877cbba5ba15af902db1efd7885bbc7507ac7123285b1c462ff3	ptm-observation:3daac804bf0df9e4cce3ca3d6e856b79746949726111d048921282499e2f413a
UniProtKB:P06993	proteintraitsmech:B04	OK	0.11653718091009989	1	42a58f34098e877cbba5ba15af902db1efd7885bbc7507ac7123285b1c462ff3	ptm-observation:cb058ccb2e81e0eab29ede0f4a99fb76d2f32a3b3f2c910a89545f49ef986ef9
UniProtKB:P06993	proteintraitsmech:B05	OK	0.21087680355160932	1	42a58f34098e877cbba5ba15af902db1efd7885bbc7507ac7123285b1c462ff3	ptm-observation:6b9d5881926f8a976aac7d006e984b87d6f3fce8e3b0ac69ddbd5419788ae0df
UniProtKB:P06993	proteintraitsmech:B06	OK	0.8077320214932693	1	42a58f34098e877cbba5ba15af902db1efd7885bbc7507ac7123285b1c462ff3	ptm-observation:8bdddd64f6ad4226ad7ba235dcb303d593250c7390179bf26a93cb644f048693
UniProtKB:P06993	proteintraitsmech:B08	OK	-0.27280799112097676	1	42a58f34098e877cbba5ba15af902db1efd7885bbc7507ac7123285b1c462ff3	ptm-observation:16305ac843419f4c157555c3118ee56a9d358e21e4a6926b7ddbb16639214731
UniProtKB:P06993	proteintraitsmech:B09	OK		1	42a58f34098e877cbba5ba15af902db1efd7885bbc7507ac7123285b1c462ff3	ptm-observation:883291c8535298780b6d27f3e0ad79edb881eada1702bc09c63a2a4a614e2568
UniProtKB:P06993	proteintraitsmech:B10	OK		1	42a58f34098e877cbba5ba15af902db1efd7885bbc7507ac7123285b1c462ff3	ptm-observation:9fc18d42b9e4f11ca65b4e0cb08a3a8322a55117ea61f37fc14209b3765deffc
UniProtKB:P06993	proteintraitsmech:B13	OK		1	42a58f34098e877cbba5ba15af902db1efd7885bbc7507ac7123285b1c462ff3	ptm-observation:335cd5cdcb06f2ddda41a0f883dd0fd2463db8d5611cb1c0a1b9783ba39806f6
UniProtKB:P06993	proteintraitsmech:B16	OK	4.06539277070192	bit	42a58f34098e877cbba5ba15af902db1efd7885bbc7507ac7123285b1c462ff3	ptm-observation:31acd96e8b6ff4117c4616867a8457daf8b5c3be564d347ad8665c97366a428a
UniProtKB:P06993	proteintraitsmech:B22	OK	0.008879023307436182	1	42a58f34098e877cbba5ba15af902db1efd7885bbc7507ac7123285b1c462ff3	ptm-observation:e1bbbd8390e91a88ce3e541a7c6b09a49a2d381d17e7c905e190eb82950ccdeb
UniProtKB:P07214	proteintraitsmech:B01	OK	-25.50567284097018	e	2e15330b8fe2a3947fcedccaf9eb65d7f2e0ac3ec42df12304046c952a298be7	ptm-observation:f8088ecd95c48a0eda1d452fce6c351d09e8b5deda664b03a9fc29f2b08e34b4
UniProtKB:P07214	proteintraitsmech:B02	OK	4.771834433078766	pH	2e15330b8fe2a3947fcedccaf9eb65d7f2e0ac3ec42df12304046c952a298be7	ptm-observation:4830bfb366bdfb97d7622069872a582a95e4d9fe2f99f19bd0aa7ea004eb4fbb
UniProtKB:P07214	proteintraitsmech:B03	OK	0.09602649006622517	1	2e15330b8fe2a3947fcedccaf9eb65d7f2e0ac3ec42df12304046c952a298be7	ptm-observation:f6b33f15b10b7db8fae8c60fe5e5ee750216284602521a958fcddc8e34ee886e
UniProtKB:P07214	proteintraitsmech:B04	OK	0.18211920529801323	1	2e15330b8fe2a3947fcedccaf9eb65d7f2e0ac3ec42df12304046c952a298be7	ptm-observation:693cb66a74b3983ca00463749b32b521fe08e6e096777cc9d6e3ad85b0a01ebb
UniProtKB:P07214	proteintraitsmech:B05	OK	0.2781456953642384	1	2e15330b8fe2a3947fcedccaf9eb65d7f2e0ac3ec42df12304046c952a298be7	ptm-observation:25aaf6995f5c288ce034b73ad57e540509c0ca83ba4e1a52e43ccc75162abdf6
UniProtKB:P07214	proteintraitsmech:B06	OK	9.328159928777994	1	2e15330b8fe2a3947fcedccaf9eb65d7f2e0ac3ec42df12304046c952a298be7	ptm-observation:f42f099b3adb0a77a2699226b32954597a26039e1327a7a194d39b05e351881a
UniProtKB:P07214	proteintraitsmech:B08	OK	-0.4251655629139073	1	2e15330b8fe2a3947fcedccaf9eb65d7f2e0ac3ec42df12304046c952a298be7	ptm-observation:9c9abf28e7b8750b7e72bf311c0ac379c9c669e88ed93ac10fd6e9cc0a554ef8
UniProtKB:P07214	proteintraitsmech:B09	OK		1	2e15330b8fe2a3947fcedccaf9eb65d7f2e0ac3ec42df12304046c952a298be7	ptm-observation:a22c28f8a79b276d1931fb91f15c6acde59b6fa744b2b2b045a2439f91372449
UniProtKB:P07214	proteintraitsmech:B10	OK		1	2e15330b8fe2a3947fcedccaf9eb65d7f2e0ac3ec42df12304046c952a298be7	ptm-observation:fb392e1a4b35ff1b81f34471173a5160a928a474ef2797d7096a21fd4fe40dd5
UniProtKB:P07214	proteintraitsmech:B13	OK		1	2e15330b8fe2a3947fcedccaf9eb65d7f2e0ac3ec42df12304046c952a298be7	ptm-observation:19df817d215298b1b72fec59a2be02a4f782549c5783916237b811278fd00da1
UniProtKB:P07214	proteintraitsmech:B16	OK	4.158267981663747	bit	2e15330b8fe2a3947fcedccaf9eb65d7f2e0ac3ec42df12304046c952a298be7	ptm-observation:a6a0edba9fdbb288593391750271a933c584cb93d03e6e3084c54a8ab722b4ac
UniProtKB:P07214	proteintraitsmech:B22	OK	0.2251655629139073	1	2e15330b8fe2a3947fcedccaf9eb65d7f2e0ac3ec42df12304046c952a298be7	ptm-observation:52022007ddb71780a4e30c79a556b112be2481af247d7fba781f7f25a8096aa1
UniProtKB:P07277	proteintraitsmech:B01	OK	-11.658351746132071	e	87f242c56f9a6c639ed7665fa0d8e7be4b51210bad3811f3a9896d4cd3fd85ed	ptm-observation:44c51307943b4b71dd6bbe792ce59e05aa3bc447dbbb0dfce44533d75d5d16b6
UniProtKB:P07277	proteintraitsmech:B02	OK	5.3553666472435	pH	87f242c56f9a6c639ed7665fa0d8e7be4b51210bad3811f3a9896d4cd3fd85ed	ptm-observation:6be586a16a116ee2957bc63c9ff77e459525d16bcb200d4a61dd7384ad3744f2
UniProtKB:P07277	proteintraitsmech:B03	OK	0.08803611738148984	1	87f242c56f9a6c639ed7665fa0d8e7be4b51210bad3811f3a9896d4cd3fd85ed	ptm-observation:0474fb5af51f134b2177ae6a22de7ca7a07afe6e1560364f448ba99cc90cf33f
UniProtKB:P07277	proteintraitsmech:B04	OK	0.11512415349887133	1	87f242c56f9a6c639ed7665fa0d8e7be4b51210bad3811f3a9896d4cd3fd85ed	ptm-observation:0e2c9d260eb19ab0a3f426483d5287b512681308fe3cd1e5a5037c6ac830d963
UniProtKB:P07277	proteintraitsmech:B05	OK	0.20316027088036118	1	87f242c56f9a6c639ed7665fa0d8e7be4b51210bad3811f3a9896d4cd3fd85ed	ptm-observation:38cf730237f4e0c943fda6760e240dbf6fadbf86d71205db09ab19e461d1cd6c
UniProtKB:P07277	proteintraitsmech:B06	OK	1.185803272905626	1	87f242c56f9a6c639ed7665fa0d8e7be4b51210bad3811f3a9896d4cd3fd85ed	ptm-observation:96ad9fffe533ddac3b839ada8e486df293d8bdd82865c06b7ae26ef943fd3d4d
UniProtKB:P07277	proteintraitsmech:B08	OK	-0.026636568848758493	1	87f242c56f9a6c639ed7665fa0d8e7be4b51210bad3811f3a9896d4cd3fd85ed	ptm-observation:5ea705c3ffcb8aec7fc16c4b82f97417182d41a14749c7abb079bb79fbe84112
UniProtKB:P07277	proteintraitsmech:B09	OK		1	87f242c56f9a6c639ed7665fa0d8e7be4b51210bad3811f3a9896d4cd3fd85ed	ptm-observation:8308741460cc0a364a76eda90a6fc5b938dddeddf1bd2452da81daa7759383bc
UniProtKB:P07277	proteintraitsmech:B10	OK		1	87f242c56f9a6c639ed7665fa0d8e7be4b51210bad3811f3a9896d4cd3fd85ed	ptm-observation:0950dfb7f13561a7dc1dcf30b1cb81afea34ccc50cf9e74fd02cc63c7d02ea8c
UniProtKB:P07277	proteintraitsmech:B13	OK		1	87f242c56f9a6c639ed7665fa0d8e7be4b51210bad3811f3a9896d4cd3fd85ed	ptm-observation:4607e92228b299365d352ff1a0e090852c9a17844c22cde5ebc71f3752561a6a
UniProtKB:P07277	proteintraitsmech:B16	OK	4.073349756288136	bit	87f242c56f9a6c639ed7665fa0d8e7be4b51210bad3811f3a9896d4cd3fd85ed	ptm-observation:0dbefba80d5da54e63e86b40cc08cb6ff979f9fceb51a6533f6f51d106f83cc9
UniProtKB:P07277	proteintraitsmech:B22	OK	0.0	1	87f242c56f9a6c639ed7665fa0d8e7be4b51210bad3811f3a9896d4cd3fd85ed	ptm-observation:b30b5c0fa4eecbeb042cf360079404e67bb5b42be7f979e4126a2525adc672c0
UniProtKB:P07650	proteintraitsmech:B01	OK	-10.917937713558803	e	3be5357697ef18007ae0960be61031d7a078005b73410e05fede6d849a7ccb7f	ptm-observation:62a4b7cd1fdb6fd8b368c22a92de496d4d8aa4569dd5548f5c7b995e3a7b0f14
UniProtKB:P07650	proteintraitsmech:B02	OK	5.214241087436676	pH	3be5357697ef18007ae0960be61031d7a078005b73410e05fede6d849a7ccb7f	ptm-observation:13f14be451f2dd0f21cc80e847c2a5d9d726bab5328deeb853a8d0df9df63ee2
UniProtKB:P07650	proteintraitsmech:B03	OK	0.10454545454545454	1	3be5357697ef18007ae0960be61031d7a078005b73410e05fede6d849a7ccb7f	ptm-observation:20c9a3972ff7a3b7dbaa96c69783334fd750b45b23fed87b07646c6682c06a90
UniProtKB:P07650	proteintraitsmech:B04	OK	0.12954545454545455	1	3be5357697ef18007ae0960be61031d7a078005b73410e05fede6d849a7ccb7f	ptm-observation:3845ddb151c10d5e41de1662fec42f4a62becff32919e55efff60b3f792fa652
UniProtKB:P07650	proteintraitsmech:B05	OK	0.2340909090909091	1	3be5357697ef18007ae0960be61031d7a078005b73410e05fede6d849a7ccb7f	ptm-observation:ea13b2c9653db62b7e555266ee3f1179795bd42c3215168493186cda98074663
UniProtKB:P07650	proteintraitsmech:B06	OK	1.0010180424962345	1	3be5357697ef18007ae0960be61031d7a078005b73410e05fede6d849a7ccb7f	ptm-observation:b1f2748689bbd8a5b65ccb38f8fa06ee58157c682862035a0b3f76fc8f30baf5
UniProtKB:P07650	proteintraitsmech:B08	OK	0.011136363636363627	1	3be5357697ef18007ae0960be61031d7a078005b73410e05fede6d849a7ccb7f	ptm-observation:353f500660386598930662159eaa259e13a1e9c99982db4197c1c6dbdfca717d
UniProtKB:P07650	proteintraitsmech:B09	OK		1	3be5357697ef18007ae0960be61031d7a078005b73410e05fede6d849a7ccb7f	ptm-observation:182bfafb850f3c01e8a7cd9a9769408c0377ebb2c9c9a2f7a33815e7af254d47
UniProtKB:P07650	proteintraitsmech:B10	OK		1	3be5357697ef18007ae0960be61031d7a078005b73410e05fede6d849a7ccb7f	ptm-observation:bfc5faab451c16b30a293bb500b0505589ddfd27cd73eb5fb4d9e94f61ea0859
UniProtKB:P07650	proteintraitsmech:B13	OK		1	3be5357697ef18007ae0960be61031d7a078005b73410e05fede6d849a7ccb7f	ptm-observation:80109d9c38b88daaa4e291886a08af4320f66901c29a5b1f63c7c4cc2ca47f91
UniProtKB:P07650	proteintraitsmech:B16	OK	4.039214360165513	bit	3be5357697ef18007ae0960be61031d7a078005b73410e05fede6d849a7ccb7f	ptm-observation:f69d18e8b85a4fb4f31e7d817cc7d812841967e22f726f99b1b1a5dc19bbc368
UniProtKB:P07650	proteintraitsmech:B22	OK	0.0	1	3be5357697ef18007ae0960be61031d7a078005b73410e05fede6d849a7ccb7f	ptm-observation:4b803a02bcc6960a3e0b5b6b5796f52000c637fa14468a845b0f3df2d81f458b
UniProtKB:P07862	proteintraitsmech:B01	OK	-13.194380806683142	e	59a1d6e62f364a06e59899609394e9d8bce31e1953399fde5030ff88d8035b04	ptm-observation:89d6b09d7806686fba59f0c99f34c27579f35d35f260bf0202e4e225da97b2bc
UniProtKB:P07862	proteintraitsmech:B02	OK	4.772417724132538	pH	59a1d6e62f364a06e59899609394e9d8bce31e1953399fde5030ff88d8035b04	ptm-observation:d0dccb11b3cac9c83d2d808b6efa553223ecef7131aa2081ef324d2aa81ea05a
UniProtKB:P07862	proteintraitsmech:B03	OK	0.08169934640522876	1	59a1d6e62f364a06e59899609394e9d8bce31e1953399fde5030ff88d8035b04	ptm-observation:9b32366b56a4c0fe325a8bcb476774c851731601f0755075fbd351125d1e1e25
UniProtKB:P07862	proteintraitsmech:B04	OK	0.12418300653594772	1	59a1d6e62f364a06e59899609394e9d8bce31e1953399fde5030ff88d8035b04	ptm-observation:95507ea21a10956be485425717cf09e7efa67f9c669b7681a21234bb3da00fcf
UniProtKB:P07862	proteintraitsmech:B05	OK	0.20588235294117646	1	59a1d6e62f364a06e59899609394e9d8bce31e1953399fde5030ff88d8035b04	ptm-observation:a16a40ac38d29bef159c60bd49853a4c5452d39dc7d3f7e368d4d1c4e3f66ebd
UniProtKB:P07862	proteintraitsmech:B06	OK	1.9603100015984507	1	59a1d6e62f364a06e59899609394e9d8bce31e1953399fde5030ff88d8035b04	ptm-observation:e092eca05807c507bc55248f3f46fbcd3a290eb0ee9c9ca00c8de1266f14901d
UniProtKB:P07862	proteintraitsmech:B08	OK	0.07679738562091501	1	59a1d6e62f364a06e59899609394e9d8bce31e1953399fde5030ff88d8035b04	ptm-observation:c49715808d420ee2e3194abf97c227d813cfa3153d36873f03f62605a0ddf3ce
UniProtKB:P07862	proteintraitsmech:B09	OK		1	59a1d6e62f364a06e59899609394e9d8bce31e1953399fde5030ff88d8035b04	ptm-observation:61095e3a4f8fe224adf04b3ff1b597567e7e9a9d5c081f28a3ad386fb640a4de
UniProtKB:P07862	proteintraitsmech:B10	OK		1	59a1d6e62f364a06e59899609394e9d8bce31e1953399fde5030ff88d8035b04	ptm-observation:21c70ede1b9405bf5ba74f4eda77d1af29f40be3198c6896b8e2d02a56b0dae6
UniProtKB:P07862	proteintraitsmech:B13	OK		1	59a1d6e62f364a06e59899609394e9d8bce31e1953399fde5030ff88d8035b04	ptm-observation:d86b024b589810b015d562021438ae1ec6bbe300d00f502dca41d82c6074553a
UniProtKB:P07862	proteintraitsmech:B16	OK	4.008503067323058	bit	59a1d6e62f364a06e59899609394e9d8bce31e1953399fde5030ff88d8035b04	ptm-observation:230edf7aa0b868f0580e91702a433f30c31724eb9e019cb89db081e52801b5cc
UniProtKB:P07862	proteintraitsmech:B22	OK	0.0	1	59a1d6e62f364a06e59899609394e9d8bce31e1953399fde5030ff88d8035b04	ptm-observation:92876535c160968a73e47b95a48636d9481d7659730fdb16d3541445519b39a5
UniProtKB:P08019	proteintraitsmech:B01	OK	-23.237838379165638	e	3944918aefce846fd96351bed120df9674560f481865b1ca4c36755764282e0b	ptm-observation:ea4da43ef388cc5774a5e2b926966911c41fb2360f962f6451ca1c0192338960
UniProtKB:P08019	proteintraitsmech:B02	OK	4.867900550365448	pH	3944918aefce846fd96351bed120df9674560f481865b1ca4c36755764282e0b	ptm-observation:dc0d017dbb92767dd3cef5f5f1db4841b50c2ba3da450f9bd9ea91c346dcd1b1
UniProtKB:P08019	proteintraitsmech:B03	OK	0.06375227686703097	1	3944918aefce846fd96351bed120df9674560f481865b1ca4c36755764282e0b	ptm-observation:3877b9997269e6d07c7eb0225dab301c716f1bba9aec899e45059aae5c43c24d
UniProtKB:P08019	proteintraitsmech:B04	OK	0.10746812386156648	1	3944918aefce846fd96351bed120df9674560f481865b1ca4c36755764282e0b	ptm-observation:c50bfae1fae5f5a75244f4ba07aacd9dd2259743eb2542b7adae02cd649fe0a9
UniProtKB:P08019	proteintraitsmech:B05	OK	0.17122040072859745	1	3944918aefce846fd96351bed120df9674560f481865b1ca4c36755764282e0b	ptm-observation:aae48a1ae2ff4b15ced24c94ce039cdb6ad29fa6f91e547517b978fbd631e6be
UniProtKB:P08019	proteintraitsmech:B06	OK	5.749901768892088	1	3944918aefce846fd96351bed120df9674560f481865b1ca4c36755764282e0b	ptm-observation:b3ddec923cd40080cdaeb6a1671659486191cf43ce9e58fa6649ba1e7d374f96
UniProtKB:P08019	proteintraitsmech:B08	OK	-0.1655737704918033	1	3944918aefce846fd96351bed120df9674560f481865b1ca4c36755764282e0b	ptm-observation:3cbc2fc093a7efa013cd6b22bbcaffa4395326788b1a8427ba0b1287e0a7758a
UniProtKB:P08019	proteintraitsmech:B09	OK		1	3944918aefce846fd96351bed120df9674560f481865b1ca4c36755764282e0b	ptm-observation:89ab28b28fe7efa45c41808dbcc57542f12a60c97b3f6a27e9ea8f8f57f95c04
UniProtKB:P08019	proteintraitsmech:B10	OK		1	3944918aefce846fd96351bed120df9674560f481865b1ca4c36755764282e0b	ptm-observation:6e60fbccc5c0dc46bfd82f68f8c457a3df4ca74f9d0a5ea099ba5fcc698cff88
UniProtKB:P08019	proteintraitsmech:B13	OK		1	3944918aefce846fd96351bed120df9674560f481865b1ca4c36755764282e0b	ptm-observation:cec1016781befc0fd238ff4f5e68b83b772748909995bd9e2b4c14c934ead6c7
UniProtKB:P08019	proteintraitsmech:B16	OK	4.147823510638019	bit	3944918aefce846fd96351bed120df9674560f481865b1ca4c36755764282e0b	ptm-observation:50f8778fe9b52879dda1b4228646754eedf98a0c3acfaa4c5462450e48bdbcb0
UniProtKB:P08019	proteintraitsmech:B22	OK	0.04189435336976321	1	3944918aefce846fd96351bed120df9674560f481865b1ca4c36755764282e0b	ptm-observation:cbbb4b0e279ddcb1003a3e8d2b342d7a58abcd05e4a91c77ee2df6384fbcccd3
UniProtKB:P08067	proteintraitsmech:B01	OK	1.9048250081827072	e	2e025f9620390b344cd42fe17f72d2b074917c0a786ede8f9b5ceb803657bd15	ptm-observation:4b2596f1774c57e359befd87738bc4b3b9459ddbe23226710337277665ea9961
UniProtKB:P08067	proteintraitsmech:B02	OK	8.240213215351105	pH	2e025f9620390b344cd42fe17f72d2b074917c0a786ede8f9b5ceb803657bd15	ptm-observation:feb1874cdaaf2bec51c29a7436af497e80d6953ac3982ae8b613fd999484e815
UniProtKB:P08067	proteintraitsmech:B03	OK	0.11162790697674418	1	2e025f9620390b344cd42fe17f72d2b074917c0a786ede8f9b5ceb803657bd15	ptm-observation:689b4c14032d4e95bd9d689e6c031ff3bfc30b23c60ef7ac37b926f9bbd2a213
UniProtKB:P08067	proteintraitsmech:B04	OK	0.10232558139534884	1	2e025f9620390b344cd42fe17f72d2b074917c0a786ede8f9b5ceb803657bd15	ptm-observation:6d04855eacf4e4ff62d6d7f260a45eca52296e4ad45ced480c3d2353681c477b
UniProtKB:P08067	proteintraitsmech:B05	OK	0.21395348837209302	1	2e025f9620390b344cd42fe17f72d2b074917c0a786ede8f9b5ceb803657bd15	ptm-observation:c40ee181037494d4d34553a45aaa0c5f61dcb11a1f35b53d4d60d9bc43804168
UniProtKB:P08067	proteintraitsmech:B06	OK	-1.194513735373985	1	2e025f9620390b344cd42fe17f72d2b074917c0a786ede8f9b5ceb803657bd15	ptm-observation:ff8d2d83cb9cb4a39c6ea4873ab6dd265580f0d5ccb64391054557e039baaca7
UniProtKB:P08067	proteintraitsmech:B08	OK	-0.08790697674418606	1	2e025f9620390b344cd42fe17f72d2b074917c0a786ede8f9b5ceb803657bd15	ptm-observation:f366dd87b5b4a7c9f51f152a8c7c7b7ce3f8c5a72a0dc7012ffbb2a435aacb56
UniProtKB:P08067	proteintraitsmech:B09	OK		1	2e025f9620390b344cd42fe17f72d2b074917c0a786ede8f9b5ceb803657bd15	ptm-observation:b4bd884e4be8ae20329f3c0450938abba5d16530e4fb248a5e56e4dfc904e577
UniProtKB:P08067	proteintraitsmech:B10	OK		1	2e025f9620390b344cd42fe17f72d2b074917c0a786ede8f9b5ceb803657bd15	ptm-observation:686aa55275137070c200e332044dae90bb044f5e531eaf713e884d3cdd48b47e
UniProtKB:P08067	proteintraitsmech:B13	OK		1	2e025f9620390b344cd42fe17f72d2b074917c0a786ede8f9b5ceb803657bd15	ptm-observation:535064c8fe4145e3da4cc2dad5aff6dc02c8f5f7a8cfaaa62201b7e998f73853
UniProtKB:P08067	proteintraitsmech:B16	OK	4.161576946152865	bit	2e025f9620390b344cd42fe17f72d2b074917c0a786ede8f9b5ceb803657bd15	ptm-observation:e162f12f3367d7aa0e0a7486e3382feb69dcb5bd95c56fe66a82787c4cc0f845
UniProtKB:P08067	proteintraitsmech:B22	OK	0.19069767441860466	1	2e025f9620390b344cd42fe17f72d2b074917c0a786ede8f9b5ceb803657bd15	ptm-observation:df4ff31c7d85eaaf285b243e41712e0da8716f4206ea17d8bab18aa365614a84
UniProtKB:P08164	proteintraitsmech:B01	OK	-10.092618463208092	e	e7be14f2d99973601dc31c6c42d15f020ab2b6a92c40fa4d5c76ccd99523f601	ptm-observation:210f1a1915ce8b6140e3c7025c466b1c99cb986c9edb3ee1d75c007ac52019d4
UniProtKB:P08164	proteintraitsmech:B02	OK	5.072528898715973	pH	e7be14f2d99973601dc31c6c42d15f020ab2b6a92c40fa4d5c76ccd99523f601	ptm-observation:7d97d703bfa7bb03b348172d8cf76c1f62ed840b6bcb3bb619972cecfed05d97
UniProtKB:P08164	proteintraitsmech:B03	OK	0.1323529411764706	1	e7be14f2d99973601dc31c6c42d15f020ab2b6a92c40fa4d5c76ccd99523f601	ptm-observation:9c681292a7c4d186ba9e7875d29e727dcda15494e21ec41087790d11ecd2ac97
UniProtKB:P08164	proteintraitsmech:B04	OK	0.16911764705882354	1	e7be14f2d99973601dc31c6c42d15f020ab2b6a92c40fa4d5c76ccd99523f601	ptm-observation:748245b5d195250c98930693e4a8e02e0305cd4095fecbce9482aba61c82ba58
UniProtKB:P08164	proteintraitsmech:B05	OK	0.3014705882352941	1	e7be14f2d99973601dc31c6c42d15f020ab2b6a92c40fa4d5c76ccd99523f601	ptm-observation:102162ac2d81d1e14b87eea1a16e6459e34a662005f8271bc91eddb24509dfef
UniProtKB:P08164	proteintraitsmech:B06	OK	0.24891927766447383	1	e7be14f2d99973601dc31c6c42d15f020ab2b6a92c40fa4d5c76ccd99523f601	ptm-observation:0e03614de2b35e94820823d225ec70e2767c815b4a4d33fdf3ee495e868cded6
UniProtKB:P08164	proteintraitsmech:B08	OK	-0.6261029411764706	1	e7be14f2d99973601dc31c6c42d15f020ab2b6a92c40fa4d5c76ccd99523f601	ptm-observation:bcc98be7c3864bfb3904a7638550cebbe3dd7f3b00cac976ba558f9f5d25a8db
UniProtKB:P08164	proteintraitsmech:B09	OK		1	e7be14f2d99973601dc31c6c42d15f020ab2b6a92c40fa4d5c76ccd99523f601	ptm-observation:edc5d0611ff43efead443cde1d8c6d2a72c9551a9e7212366b653aa19334e89f
UniProtKB:P08164	proteintraitsmech:B10	OK		1	e7be14f2d99973601dc31c6c42d15f020ab2b6a92c40fa4d5c76ccd99523f601	ptm-observation:753604cb9cf7bfb4c58bb43a2a7f1cef48a96b4adc5a7a57f5ceadcf1c1f02da
UniProtKB:P08164	proteintraitsmech:B13	OK		1	e7be14f2d99973601dc31c6c42d15f020ab2b6a92c40fa4d5c76ccd99523f601	ptm-observation:fd982ffb595236ee79ff097adbffd2588ffdca8df52c6b0c5ec9930c68a3ef97
UniProtKB:P08164	proteintraitsmech:B16	OK	4.024927427782648	bit	e7be14f2d99973601dc31c6c42d15f020ab2b6a92c40fa4d5c76ccd99523f601	ptm-observation:469dfbb2a8b6edb54a62863bb12d7427f78bed78d2636a68c2b2c86db8c7c3f7
UniProtKB:P08164	proteintraitsmech:B22	OK	0.051470588235294115	1	e7be14f2d99973601dc31c6c42d15f020ab2b6a92c40fa4d5c76ccd99523f601	ptm-observation:50da762262841f0461b409af5687cb1bcaa2769dc48f933929cb422208976c65
UniProtKB:P08253	proteintraitsmech:B01	OK	-15.737940978251531	e	e4520c62aed3a6fd2854bdbaef518173baa30a0b701e11622b8b0d9d7ac1c295	ptm-observation:6fe0822287cd99eb4ed70085ddbfa13bcc4e2fc61c250f04e1ed7091cedd5861
UniProtKB:P08253	proteintraitsmech:B02	OK	5.257760941982269	pH	e4520c62aed3a6fd2854bdbaef518173baa30a0b701e11622b8b0d9d7ac1c295	ptm-observation:22717c931161bc6b905594cd6c1c50af70cdc96cea6ba29d4d61b354f4972cae
UniProtKB:P08253	proteintraitsmech:B03	OK	0.10757575757575757	1	e4520c62aed3a6fd2854bdbaef518173baa30a0b701e11622b8b0d9d7ac1c295	ptm-observation:27ba4f603e8e7f13e35f6ef4c2f84b055e35ff7817654306bb6bc1a2ccd560e4
UniProtKB:P08253	proteintraitsmech:B04	OK	0.1318181818181818	1	e4520c62aed3a6fd2854bdbaef518173baa30a0b701e11622b8b0d9d7ac1c295	ptm-observation:e93940f1ca2d39defee6ba9d4db8868fbd8b90fa801723fb3df51da3c9dac18f
UniProtKB:P08253	proteintraitsmech:B05	OK	0.23939393939393938	1	e4520c62aed3a6fd2854bdbaef518173baa30a0b701e11622b8b0d9d7ac1c295	ptm-observation:4fee6f0f69302fc637540aab207c9dac6094148a9dd3e95ee74119e2a849e5d9
UniProtKB:P08253	proteintraitsmech:B06	OK	0.3448433194745115	1	e4520c62aed3a6fd2854bdbaef518173baa30a0b701e11622b8b0d9d7ac1c295	ptm-observation:ba6c84188ac0dc0ac2e9724ba5f7e4b55da730965edfff1337ce484957276ca3
UniProtKB:P08253	proteintraitsmech:B08	OK	-0.4463636363636364	1	e4520c62aed3a6fd2854bdbaef518173baa30a0b701e11622b8b0d9d7ac1c295	ptm-observation:b5e2468865b63cb65da2b82025487eb6e5d26116af320bcfb4ca62171cad389e
UniProtKB:P08253	proteintraitsmech:B09	OK		1	e4520c62aed3a6fd2854bdbaef518173baa30a0b701e11622b8b0d9d7ac1c295	ptm-observation:903cbe304caf5c98179f63d6f47b04c821f4e370df263643dd43bb2d8239fa61
UniProtKB:P08253	proteintraitsmech:B10	OK		1	e4520c62aed3a6fd2854bdbaef518173baa30a0b701e11622b8b0d9d7ac1c295	ptm-observation:3370b47d264c54a429c41dd0afb8322b25bdc9a0c96574caf5bdd4ac76317954
UniProtKB:P08253	proteintraitsmech:B13	OK		1	e4520c62aed3a6fd2854bdbaef518173baa30a0b701e11622b8b0d9d7ac1c295	ptm-observation:15ef38ab577e0041a53b7266f9fe0e97e2f506d3e38a7cf1a1a1d7ad3df2e965
UniProtKB:P08253	proteintraitsmech:B16	OK	4.172243948236839	bit	e4520c62aed3a6fd2854bdbaef518173baa30a0b701e11622b8b0d9d7ac1c295	ptm-observation:de9e28f32933a1da6ee37da54c76376843844fa170e1c440184efa6c69e43aee
UniProtKB:P08253	proteintraitsmech:B22	OK	0.045454545454545456	1	e4520c62aed3a6fd2854bdbaef518173baa30a0b701e11622b8b0d9d7ac1c295	ptm-observation:78d9bbf732afdc0a89eba462cbe4d2ff4979016ea996b4ab2371fa8a15247323
UniProtKB:P08536	proteintraitsmech:B01	OK	-13.200104527775396	e	ca1e9056f181433afaae31741a4ffce7ed8c392d8a6fd5534e2f3862661f0bc9	ptm-observation:2af81c053a0a28bea33bef9d5073b0d45b328e2661b1eb8316e3af21b15ed194
UniProtKB:P08536	proteintraitsmech:B02	OK	5.524382531642914	pH	ca1e9056f181433afaae31741a4ffce7ed8c392d8a6fd5534e2f3862661f0bc9	ptm-observation:36ebc4170dd6e2014ac0ffeac134bb7586c6bf64ee6c631221d291d4538a071b
UniProtKB:P08536	proteintraitsmech:B03	OK	0.10567514677103718	1	ca1e9056f181433afaae31741a4ffce7ed8c392d8a6fd5534e2f3862661f0bc9	ptm-observation:be31ab0285065f8faa734a25959e312c49730baa2db185279fdc60c42533c8b9
UniProtKB:P08536	proteintraitsmech:B04	OK	0.13307240704500978	1	ca1e9056f181433afaae31741a4ffce7ed8c392d8a6fd5534e2f3862661f0bc9	ptm-observation:41d1553327c6e49e3454307ad68b88811a417c187541a213e3fb5c9fa73fec65
UniProtKB:P08536	proteintraitsmech:B05	OK	0.23874755381604695	1	ca1e9056f181433afaae31741a4ffce7ed8c392d8a6fd5534e2f3862661f0bc9	ptm-observation:85ff3fe0055be4fff4c2b2ca2f5554800c66dfc71b47c826f2c199e383d2e9cb
UniProtKB:P08536	proteintraitsmech:B06	OK	1.2721757781099525	1	ca1e9056f181433afaae31741a4ffce7ed8c392d8a6fd5534e2f3862661f0bc9	ptm-observation:c34d2ac5b86b8a2507088b35663028001ba84f848039c05ea874bc4a7d5dd477
UniProtKB:P08536	proteintraitsmech:B08	OK	-0.2876712328767123	1	ca1e9056f181433afaae31741a4ffce7ed8c392d8a6fd5534e2f3862661f0bc9	ptm-observation:9058ba29e53934d8b414e9c386999f785b088965d2dc36014a56d094b53eb87e
UniProtKB:P08536	proteintraitsmech:B09	OK		1	ca1e9056f181433afaae31741a4ffce7ed8c392d8a6fd5534e2f3862661f0bc9	ptm-observation:6c3def60b8eb859d7f4a5a6ac076f1bfa3edd60f76a2f6f2f4dab32b37295168
UniProtKB:P08536	proteintraitsmech:B10	OK		1	ca1e9056f181433afaae31741a4ffce7ed8c392d8a6fd5534e2f3862661f0bc9	ptm-observation:5284e82c99d0701c7277aaca98182a4551bb0f9032402c0731b72e493b8e1a5e
UniProtKB:P08536	proteintraitsmech:B13	OK		1	ca1e9056f181433afaae31741a4ffce7ed8c392d8a6fd5534e2f3862661f0bc9	ptm-observation:e94700d7d99f773bef3736d0163634d935d9201ae92182d2fc451420fa8b580d
UniProtKB:P08536	proteintraitsmech:B16	OK	4.120043705353309	bit	ca1e9056f181433afaae31741a4ffce7ed8c392d8a6fd5534e2f3862661f0bc9	ptm-observation:dc1fefe963deafe929296e79411bf1e70de564561935b135d0732a49657ab27a
UniProtKB:P08536	proteintraitsmech:B22	OK	0.005870841487279843	1	ca1e9056f181433afaae31741a4ffce7ed8c392d8a6fd5534e2f3862661f0bc9	ptm-observation:4089dc67c2c9490ab47d8364ce8822eb4e3f1a5caf45b14e212f724930a1dcb6
UniProtKB:P08566	proteintraitsmech:B01	OK	-23.166952349656793	e	67ea0c29fa785abec21eb65f5a0767144ab600fab41318a346e75627187e0869	ptm-observation:cbf4467690aa646992d6221f250ef13c04ba6ca9fb13fd84ee6effa171d32baa
UniProtKB:P08566	proteintraitsmech:B02	OK	5.888049066066742	pH	67ea0c29fa785abec21eb65f5a0767144ab600fab41318a346e75627187e0869	ptm-observation:33aff222149c98c259fa95dbbe2de9319d9fe6cfaf285488b1c194156785ca11
UniProtKB:P08566	proteintraitsmech:B03	OK	0.10390428211586902	1	67ea0c29fa785abec21eb65f5a0767144ab600fab41318a346e75627187e0869	ptm-observation:c7f38377fa0301d28e47ad88350dbfd407482b54e728fa35305d64ec6a65773b
UniProtKB:P08566	proteintraitsmech:B04	OK	0.12027707808564232	1	67ea0c29fa785abec21eb65f5a0767144ab600fab41318a346e75627187e0869	ptm-observation:2a3f1bb9a1a1adee1e45011cf8dcf9472ba842aaabc69fdda50b67762d818d6b
UniProtKB:P08566	proteintraitsmech:B05	OK	0.22418136020151133	1	67ea0c29fa785abec21eb65f5a0767144ab600fab41318a346e75627187e0869	ptm-observation:b6be650191f3c2f2634e16a8253cecdeb3a1eed6eca9fbc9ae087809983c27be
UniProtKB:P08566	proteintraitsmech:B06	OK	3.043991155732584	1	67ea0c29fa785abec21eb65f5a0767144ab600fab41318a346e75627187e0869	ptm-observation:89789178a81ebf2f3440fc38a00758a0a92bb4d553c37279584f433c7e0d58c0
UniProtKB:P08566	proteintraitsmech:B08	OK	-0.12159949622166248	1	67ea0c29fa785abec21eb65f5a0767144ab600fab41318a346e75627187e0869	ptm-observation:c7606f4f550bc812b0d5b83214fcd865305be428dab83f0df520c44cde948e12
UniProtKB:P08566	proteintraitsmech:B09	OK		1	67ea0c29fa785abec21eb65f5a0767144ab600fab41318a346e75627187e0869	ptm-observation:43f926d13f6bc5614c991fa077f5820465c339d2acd83975f5f00c48c55a9b53
UniProtKB:P08566	proteintraitsmech:B10	OK		1	67ea0c29fa785abec21eb65f5a0767144ab600fab41318a346e75627187e0869	ptm-observation:002e5f98b76cf500bbce54d2a4676bebc5a1bd991235ea58b49ea8abc99c6a2f
UniProtKB:P08566	proteintraitsmech:B13	OK		1	67ea0c29fa785abec21eb65f5a0767144ab600fab41318a346e75627187e0869	ptm-observation:0ca723187b711ec31ab5c4d9632a7fbb46f5c1840659839f59b0b05fdf7b5592
UniProtKB:P08566	proteintraitsmech:B16	OK	4.140601539830807	bit	67ea0c29fa785abec21eb65f5a0767144ab600fab41318a346e75627187e0869	ptm-observation:5cfa6599b138080a156808ccd1d5ec6050339118cf60695193cfae899e121617
UniProtKB:P08566	proteintraitsmech:B22	OK	0.0	1	67ea0c29fa785abec21eb65f5a0767144ab600fab41318a346e75627187e0869	ptm-observation:acbc776f5fc95f7c4a0ad8fb2c3f173588fb9e6dcb45c5aa9091258c99dbc6b9
UniProtKB:P09065	proteintraitsmech:B01	OK	11.447807407236024	e	c8ecf7f5066e192ae59ba78ff850e93f9f1735b1e50dd231f97a300d4f77bebc	ptm-observation:8c7f3fa6989eeacdb8e92b5cad1924d586863f9acaaa41b354b187ec6e359217
UniProtKB:P09065	proteintraitsmech:B02	OK	9.492502391338348	pH	c8ecf7f5066e192ae59ba78ff850e93f9f1735b1e50dd231f97a300d4f77bebc	ptm-observation:a3cd2fd0c800cf4115138c95462b6b251923f37a761f5f9edfac26b46d10b378
UniProtKB:P09065	proteintraitsmech:B03	OK	0.10224438902743142	1	c8ecf7f5066e192ae59ba78ff850e93f9f1735b1e50dd231f97a300d4f77bebc	ptm-observation:9aa453e5cc49ecd0c28b425c5dcabaea1e9fe59340928b271023b76e321933db
UniProtKB:P09065	proteintraitsmech:B04	OK	0.07481296758104738	1	c8ecf7f5066e192ae59ba78ff850e93f9f1735b1e50dd231f97a300d4f77bebc	ptm-observation:8ef412afce911291649ce15b87117f4389028657acffd13092418090fd60bbdf
UniProtKB:P09065	proteintraitsmech:B05	OK	0.1770573566084788	1	c8ecf7f5066e192ae59ba78ff850e93f9f1735b1e50dd231f97a300d4f77bebc	ptm-observation:0ee4d1e4a026df2aa5fbc497bd0bc1c8a391ebfd7f66e9dd1205f9cde5eb19c4
UniProtKB:P09065	proteintraitsmech:B06	OK	-0.8887907093486179	1	c8ecf7f5066e192ae59ba78ff850e93f9f1735b1e50dd231f97a300d4f77bebc	ptm-observation:f260d7599b8b20bb4c81dd391c7b2199c9aa44782a8fae29ef96dc90942fe791
UniProtKB:P09065	proteintraitsmech:B08	OK	-0.5625935162094763	1	c8ecf7f5066e192ae59ba78ff850e93f9f1735b1e50dd231f97a300d4f77bebc	ptm-observation:9171cb2f42c9e0ccfae85ddb486e5d75fb499473d7cd6c75484a18291112b3b0
UniProtKB:P09065	proteintraitsmech:B09	OK		1	c8ecf7f5066e192ae59ba78ff850e93f9f1735b1e50dd231f97a300d4f77bebc	ptm-observation:ebf3fea4d1142794b11513944a84ceb7ada93bd3d3f8c84494d50d70235b36a1
UniProtKB:P09065	proteintraitsmech:B10	OK		1	c8ecf7f5066e192ae59ba78ff850e93f9f1735b1e50dd231f97a300d4f77bebc	ptm-observation:b6691dd532acca7f0606259b74c22aee4df6c79931f602e9913349dd14161572
UniProtKB:P09065	proteintraitsmech:B13	OK		1	c8ecf7f5066e192ae59ba78ff850e93f9f1735b1e50dd231f97a300d4f77bebc	ptm-observation:b077353a997a04b3988fac5515da791bf7c6d606a1c13da9345eb5649a1fa408
UniProtKB:P09065	proteintraitsmech:B16	OK	3.8749726376549516	bit	c8ecf7f5066e192ae59ba78ff850e93f9f1735b1e50dd231f97a300d4f77bebc	ptm-observation:2a9200d4bd20b91be22a66308fe034a129361f28d928d214f1a64704a6e762af
UniProtKB:P09065	proteintraitsmech:B22	OK	0.8354114713216958	1	c8ecf7f5066e192ae59ba78ff850e93f9f1735b1e50dd231f97a300d4f77bebc	ptm-observation:0effa2e2e4652b3d647bf011f0230fecd9b3e1e62146b9ca3fcf1952e3769eba
UniProtKB:P09373	proteintraitsmech:B01	OK	-12.21870520297975	e	93cd68b8a4b60a3dfd6e8cc82ea59406a0a127886864305a72ebfe9eafe84c00	ptm-observation:890d26f3d00d6ff07ba2c61b8ed1828a5aed6cd3543daaf03553c59d506b8007
UniProtKB:P09373	proteintraitsmech:B02	OK	5.690426051616669	pH	93cd68b8a4b60a3dfd6e8cc82ea59406a0a127886864305a72ebfe9eafe84c00	ptm-observation:cc8e2f3a5c8643bd2f3be66809e87bd8eddd0e6fb41abdf977154b7e31330d4a
UniProtKB:P09373	proteintraitsmech:B03	OK	0.11578947368421053	1	93cd68b8a4b60a3dfd6e8cc82ea59406a0a127886864305a72ebfe9eafe84c00	ptm-observation:d2e506543aa62c16f9cdd5b801511148bee0d98544c65f0a9f2be4062e4eda1b
UniProtKB:P09373	proteintraitsmech:B04	OK	0.13289473684210526	1	93cd68b8a4b60a3dfd6e8cc82ea59406a0a127886864305a72ebfe9eafe84c00	ptm-observation:724b6b7cab3317c75d8738eb6ea23e046ec50b9a63cb4ffc8624834bc1d8929c
UniProtKB:P09373	proteintraitsmech:B05	OK	0.24868421052631579	1	93cd68b8a4b60a3dfd6e8cc82ea59406a0a127886864305a72ebfe9eafe84c00	ptm-observation:c269ea98f8c0404595326f2bd14c6e4c9efb7fe04dcf71c6907040b0661c8635
UniProtKB:P09373	proteintraitsmech:B06	OK	0.8227626279387628	1	93cd68b8a4b60a3dfd6e8cc82ea59406a0a127886864305a72ebfe9eafe84c00	ptm-observation:1b91db524cef5cf227ba899e455ad3fcb0fbcbcb5804e0b7fd253e4e0b17d6ae
UniProtKB:P09373	proteintraitsmech:B08	OK	-0.38	1	93cd68b8a4b60a3dfd6e8cc82ea59406a0a127886864305a72ebfe9eafe84c00	ptm-observation:dc162548e425a327afb80a0a13746f97c1b5208b58bfe72f47f425e00320fa9c
UniProtKB:P09373	proteintraitsmech:B09	OK		1	93cd68b8a4b60a3dfd6e8cc82ea59406a0a127886864305a72ebfe9eafe84c00	ptm-observation:cc795ddb30d70fad6c2a5a66ceacec837501682371700ab5276c9506b0d68a19
UniProtKB:P09373	proteintraitsmech:B10	OK		1	93cd68b8a4b60a3dfd6e8cc82ea59406a0a127886864305a72ebfe9eafe84c00	ptm-observation:db9bcd34760de24c52adba46b7cb8ec05b10133dafa7492e1f7d0392129f5daf
UniProtKB:P09373	proteintraitsmech:B13	OK		1	93cd68b8a4b60a3dfd6e8cc82ea59406a0a127886864305a72ebfe9eafe84c00	ptm-observation:d259f53d80f1a4cad86ef86eec76396d9c32434050fed6e69dcb3e3e126d0af6
UniProtKB:P09373	proteintraitsmech:B16	OK	4.168105994417523	bit	93cd68b8a4b60a3dfd6e8cc82ea59406a0a127886864305a72ebfe9eafe84c00	ptm-observation:da8190948bb3de0c41fd81ba30242486cbb7184cdf632d39d689addb8c31d11d
UniProtKB:P09373	proteintraitsmech:B22	OK	0.0	1	93cd68b8a4b60a3dfd6e8cc82ea59406a0a127886864305a72ebfe9eafe84c00	ptm-observation:1ad3880cce89541a44bc786d4f1a97048b4ff7807e1c4cbc6f802a7bb17ed542
UniProtKB:P0A6E1	proteintraitsmech:B01	OK	-9.304613489858886	e	526e2cb111554f0bc831b4b2fca3767a5c3a9c3f5faa0a9a3d64fca4f4e029e3	ptm-observation:8732703a4a57dfaf2900cff8af8714bb6f2ce01925a0c44e0f96174f5c2e9300
UniProtKB:P0A6E1	proteintraitsmech:B02	OK	4.715600669384003	pH	526e2cb111554f0bc831b4b2fca3767a5c3a9c3f5faa0a9a3d64fca4f4e029e3	ptm-observation:b90aebc86a9b8e618c13453ccc5a012253e596cf8b1b2cc0e27e9eb0eb366be5
UniProtKB:P0A6E1	proteintraitsmech:B03	OK	0.08045977011494253	1	526e2cb111554f0bc831b4b2fca3767a5c3a9c3f5faa0a9a3d64fca4f4e029e3	ptm-observation:ae763788333a847eb0282345aad445b9ef32ca6feec3f1b2622bd6ff2378d4c3
UniProtKB:P0A6E1	proteintraitsmech:B04	OK	0.13218390804597702	1	526e2cb111554f0bc831b4b2fca3767a5c3a9c3f5faa0a9a3d64fca4f4e029e3	ptm-observation:29cf90684c99d4c2850f908302516e2f16e59c73ee3a58c664b6dab1fd7b66c0
UniProtKB:P0A6E1	proteintraitsmech:B05	OK	0.21264367816091953	1	526e2cb111554f0bc831b4b2fca3767a5c3a9c3f5faa0a9a3d64fca4f4e029e3	ptm-observation:b99039fef21300bfad4eedf9534c5efec76d629f44e5f220c37bcd8bcb86cc25
UniProtKB:P0A6E1	proteintraitsmech:B06	OK	0.7854720760422996	1	526e2cb111554f0bc831b4b2fca3767a5c3a9c3f5faa0a9a3d64fca4f4e029e3	ptm-observation:ab5664d932bb086aab298d75d9705bbd79a3d6ef9f900a76c50ff603a28da688
UniProtKB:P0A6E1	proteintraitsmech:B08	OK	-0.014367816091954033	1	526e2cb111554f0bc831b4b2fca3767a5c3a9c3f5faa0a9a3d64fca4f4e029e3	ptm-observation:d86d83ef96b6344cdd84cb6b18ca10edd4476fc88b323ae7d36430b034cb97e0
UniProtKB:P0A6E1	proteintraitsmech:B09	OK		1	526e2cb111554f0bc831b4b2fca3767a5c3a9c3f5faa0a9a3d64fca4f4e029e3	ptm-observation:3956f5318d857221e78eac59454b23a3e76d5fad78bb495020092524c002c24d
UniProtKB:P0A6E1	proteintraitsmech:B10	OK		1	526e2cb111554f0bc831b4b2fca3767a5c3a9c3f5faa0a9a3d64fca4f4e029e3	ptm-observation:ab4128d3a3c2fb6020c3bb7dd7454d676239cbba38bd0d351cab6f3131709852
UniProtKB:P0A6E1	proteintraitsmech:B13	OK		1	526e2cb111554f0bc831b4b2fca3767a5c3a9c3f5faa0a9a3d64fca4f4e029e3	ptm-observation:24427be429d21a6b3542743acf239e026c41b92e5bb3f5662e8498d313e9c4c2
UniProtKB:P0A6E1	proteintraitsmech:B16	OK	4.0314450853228845	bit	526e2cb111554f0bc831b4b2fca3767a5c3a9c3f5faa0a9a3d64fca4f4e029e3	ptm-observation:c7aa084a80b640cc48e9b3823da2d154258b2b6240d0ef2a26e4cb620cc408bf
UniProtKB:P0A6E1	proteintraitsmech:B22	OK	0.0	1	526e2cb111554f0bc831b4b2fca3767a5c3a9c3f5faa0a9a3d64fca4f4e029e3	ptm-observation:3728187be959e7a93c955b6b8eb4f2f0c34762c91ac4c61f7da827c30f055b16
UniProtKB:P0A6E4	proteintraitsmech:B01	OK	-14.570022183006929	e	68d3a42094304b40fb714d63f9c04f95854e424c7dfec2ff8561a2d31d9a444b	ptm-observation:2fb7a490276a392462770902fff7e7d5722112341c44cb169dd0e5ab51d4c178
UniProtKB:P0A6E4	proteintraitsmech:B02	OK	5.230343759059906	pH	68d3a42094304b40fb714d63f9c04f95854e424c7dfec2ff8561a2d31d9a444b	ptm-observation:a847b92b650e92fa652d91495057e04410842fb091b24378bf9f3fdfc135fa7a
UniProtKB:P0A6E4	proteintraitsmech:B03	OK	0.1029082774049217	1	68d3a42094304b40fb714d63f9c04f95854e424c7dfec2ff8561a2d31d9a444b	ptm-observation:fa0a507d9afeb2ee4bd296725d91b306d738a5da51b2b8080009d9eb2174fc37
UniProtKB:P0A6E4	proteintraitsmech:B04	OK	0.13646532438478748	1	68d3a42094304b40fb714d63f9c04f95854e424c7dfec2ff8561a2d31d9a444b	ptm-observation:bb36c35dc0dd61a3cfd1a6a5bd5c73546e862aa342302fa3a310d8e83f0c0967
UniProtKB:P0A6E4	proteintraitsmech:B05	OK	0.23937360178970918	1	68d3a42094304b40fb714d63f9c04f95854e424c7dfec2ff8561a2d31d9a444b	ptm-observation:891b56c4e7d191b3198bffb3b558768557816713ec7f67a3b5fed9f2a5d69f10
UniProtKB:P0A6E4	proteintraitsmech:B06	OK	1.792232113128019	1	68d3a42094304b40fb714d63f9c04f95854e424c7dfec2ff8561a2d31d9a444b	ptm-observation:a9b7b9fc55330179b0106be91894d43e1e52a0a5ddf375fd295a31816f76076a
UniProtKB:P0A6E4	proteintraitsmech:B08	OK	-0.3711409395973154	1	68d3a42094304b40fb714d63f9c04f95854e424c7dfec2ff8561a2d31d9a444b	ptm-observation:3bd715312ad550e51225215a2d295e45650164a8c4ddae53390a6626a93be72e
UniProtKB:P0A6E4	proteintraitsmech:B09	OK		1	68d3a42094304b40fb714d63f9c04f95854e424c7dfec2ff8561a2d31d9a444b	ptm-observation:44f7589bfe06ea129d19f59fa603fb0566eeb926468e7b73a5352481dfd8cdb8
UniProtKB:P0A6E4	proteintraitsmech:B10	OK		1	68d3a42094304b40fb714d63f9c04f95854e424c7dfec2ff8561a2d31d9a444b	ptm-observation:5ec7b49fdc22d5206685a154711992c54e52c70f3f2ef98b23a193cd3480e074
UniProtKB:P0A6E4	proteintraitsmech:B13	OK		1	68d3a42094304b40fb714d63f9c04f95854e424c7dfec2ff8561a2d31d9a444b	ptm-observation:552e957e20bb730f21b94a7eca964fea41471424fc3b4be6ad68dbbc18f63457
UniProtKB:P0A6E4	proteintraitsmech:B16	OK	4.1419577915016275	bit	68d3a42094304b40fb714d63f9c04f95854e424c7dfec2ff8561a2d31d9a444b	ptm-observation:e3ade38da104e0935b7a2e8bf6c08e5646e268554d49d1b8399a3cabe9fabeb5
UniProtKB:P0A6E4	proteintraitsmech:B22	OK	0.024608501118568233	1	68d3a42094304b40fb714d63f9c04f95854e424c7dfec2ff8561a2d31d9a444b	ptm-observation:d914c4b0c697c30c8dbc9836fb8c96ef6f61fd5f6914e2334486e3bcb381ab2e
UniProtKB:P0A6K3	proteintraitsmech:B01	OK	-7.11421918048301	e	429ed288112c82dabf954286a7b739a321612ef11b6ed4660acf8fa84b44a353	ptm-observation:44d056d7f7f1f82bfc845f3f7762a9cdb6434601b97d58fb613855376d752315
UniProtKB:P0A6K3	proteintraitsmech:B02	OK	5.228789985179901	pH	429ed288112c82dabf954286a7b739a321612ef11b6ed4660acf8fa84b44a353	ptm-observation:5f5fc3694345457274b0dc0564d0abb09cd97bab887325a2ead8cf4d9c163cb6
UniProtKB:P0A6K3	proteintraitsmech:B03	OK	0.14792899408284024	1	429ed288112c82dabf954286a7b739a321612ef11b6ed4660acf8fa84b44a353	ptm-observation:efc6761bcc7dbf4aef8935ce650284323cff2cf16145bbf26dd2f067b184e087
UniProtKB:P0A6K3	proteintraitsmech:B04	OK	0.1893491124260355	1	429ed288112c82dabf954286a7b739a321612ef11b6ed4660acf8fa84b44a353	ptm-observation:51e6cff635e9bd3c65506cfbb182c8feb898307a33bcb652144b17c8351790ed
UniProtKB:P0A6K3	proteintraitsmech:B05	OK	0.33727810650887574	1	429ed288112c82dabf954286a7b739a321612ef11b6ed4660acf8fa84b44a353	ptm-observation:ac256356556caa98fc8404d885f049ab6c321434b0b1cf8b06f9c300ce40a133
UniProtKB:P0A6K3	proteintraitsmech:B06	OK	-1.308030217062583	1	429ed288112c82dabf954286a7b739a321612ef11b6ed4660acf8fa84b44a353	ptm-observation:e381e238865b2bcaf7fb074c9fccffa9c9b15dc1a342d2df56b634d35490a05e
UniProtKB:P0A6K3	proteintraitsmech:B08	OK	-0.28994082840236685	1	429ed288112c82dabf954286a7b739a321612ef11b6ed4660acf8fa84b44a353	ptm-observation:9631af85f96064e3e2f1cf4bdba7551ac78a55845372cac8adf4443448dc703f
UniProtKB:P0A6K3	proteintraitsmech:B09	OK		1	429ed288112c82dabf954286a7b739a321612ef11b6ed4660acf8fa84b44a353	ptm-observation:001b243b7bdc7f6cf1b210779dbf5345f15594e3fbe1fdc886002a3bda1a2e38
UniProtKB:P0A6K3	proteintraitsmech:B10	OK		1	429ed288112c82dabf954286a7b739a321612ef11b6ed4660acf8fa84b44a353	ptm-observation:324a7b9c35a5b0f2e5420142013cbd71251d5ea4ee54ab3fd488fa1cc3016818
UniProtKB:P0A6K3	proteintraitsmech:B13	OK		1	429ed288112c82dabf954286a7b739a321612ef11b6ed4660acf8fa84b44a353	ptm-observation:4dc01c0b419cf2dd6b9c7626d7089b580fb842200048bb83f0fcdc14783b6ad0
UniProtKB:P0A6K3	proteintraitsmech:B16	OK	3.946181085440165	bit	429ed288112c82dabf954286a7b739a321612ef11b6ed4660acf8fa84b44a353	ptm-observation:c73d086fec503c05aca84a630f1fc458c79d15e6b1cdc86fa95ea5e122a863af
UniProtKB:P0A6K3	proteintraitsmech:B22	OK	0.0	1	429ed288112c82dabf954286a7b739a321612ef11b6ed4660acf8fa84b44a353	ptm-observation:827f3bdc7bb020b2ad4b361c629e1b89a37a7eb32ef7a494c3c36ecb31d59a3d
UniProtKB:P0A6L2	proteintraitsmech:B01	OK	-4.724295181742152	e	0bce3fd79a982684b8d419fd1cde86994d086490a61928430ffe1c134192d731	ptm-observation:62824cd7d886e153789fcc71d9ebda577388314f71fb912dbcb9c5ac69d96e5c
UniProtKB:P0A6L2	proteintraitsmech:B02	OK	5.981301367282867	pH	0bce3fd79a982684b8d419fd1cde86994d086490a61928430ffe1c134192d731	ptm-observation:cdcc066a70571ade7f64c2695f9a8f4a985e261010d33ba696aeeeb2404bd4d4
UniProtKB:P0A6L2	proteintraitsmech:B03	OK	0.08904109589041095	1	0bce3fd79a982684b8d419fd1cde86994d086490a61928430ffe1c134192d731	ptm-observation:0e00266434302f81df8ab84c4545798c26f678c01213e9cb02ac31adc93e06eb
UniProtKB:P0A6L2	proteintraitsmech:B04	OK	0.10616438356164383	1	0bce3fd79a982684b8d419fd1cde86994d086490a61928430ffe1c134192d731	ptm-observation:808369db0de3667a2c057729727473fac05add6eeea43d61987e1f6050397ef6
UniProtKB:P0A6L2	proteintraitsmech:B05	OK	0.1952054794520548	1	0bce3fd79a982684b8d419fd1cde86994d086490a61928430ffe1c134192d731	ptm-observation:cd5f07690a3afc6645b9a261a2b9d6cce05557081a5c3748ef2b3572b8513d80
UniProtKB:P0A6L2	proteintraitsmech:B06	OK	-0.432760507052137	1	0bce3fd79a982684b8d419fd1cde86994d086490a61928430ffe1c134192d731	ptm-observation:da988691dfe28c551e6c678186196357be389bda914660cd573cb3cbeb3de3b1
UniProtKB:P0A6L2	proteintraitsmech:B08	OK	0.06678082191780821	1	0bce3fd79a982684b8d419fd1cde86994d086490a61928430ffe1c134192d731	ptm-observation:61da2ed85a7dfe76d6523719659b025e0421efb93e2b7415f3f2a1d6538acab0
UniProtKB:P0A6L2	proteintraitsmech:B09	OK		1	0bce3fd79a982684b8d419fd1cde86994d086490a61928430ffe1c134192d731	ptm-observation:621d0fa950999df32831430a12ac649d66e13e228c11ea373d4fd26059aacc5a
UniProtKB:P0A6L2	proteintraitsmech:B10	OK		1	0bce3fd79a982684b8d419fd1cde86994d086490a61928430ffe1c134192d731	ptm-observation:6a07e3414cf19544b90a23132e632c90fcebfd0c23ffc8fea0dbf888c8f4cb88
UniProtKB:P0A6L2	proteintraitsmech:B13	OK		1	0bce3fd79a982684b8d419fd1cde86994d086490a61928430ffe1c134192d731	ptm-observation:5454c0eb008d305678f9a954edd22c239c6c3f4178450e04211e1a1f9637f41d
UniProtKB:P0A6L2	proteintraitsmech:B16	OK	4.087868445332187	bit	0bce3fd79a982684b8d419fd1cde86994d086490a61928430ffe1c134192d731	ptm-observation:d19811983a6771f2e7c8f7364f35b5d3dab61776b8d4f5748c16d9974a7b778e
UniProtKB:P0A6L2	proteintraitsmech:B22	OK	0.0	1	0bce3fd79a982684b8d419fd1cde86994d086490a61928430ffe1c134192d731	ptm-observation:7619057cad5892cd1eb74fed11364a60a55d62c0e516091db44b0351648334a4
UniProtKB:P0A6U3	proteintraitsmech:B01	OK	-4.465616963483784	e	ef0ae286e6c4c31bafaae8e4ac50e6feaf08debdfb2040a733df19c66c570a0b	ptm-observation:205748d87291659891a41d444dadabb4f9efe8c6aa7c56109dbd5cd5e18b6efd
UniProtKB:P0A6U3	proteintraitsmech:B02	OK	6.19543844461441	pH	ef0ae286e6c4c31bafaae8e4ac50e6feaf08debdfb2040a733df19c66c570a0b	ptm-observation:27aefd5216b95f0a8b58f0ea637beff129613b9a0640e4a7fae4d9c828bf7ff2
UniProtKB:P0A6U3	proteintraitsmech:B03	OK	0.11287758346581876	1	ef0ae286e6c4c31bafaae8e4ac50e6feaf08debdfb2040a733df19c66c570a0b	ptm-observation:4a5e386710a724863647565d142f601ecc83374914d9328ee4c3eeae52505605
UniProtKB:P0A6U3	proteintraitsmech:B04	OK	0.12082670906200318	1	ef0ae286e6c4c31bafaae8e4ac50e6feaf08debdfb2040a733df19c66c570a0b	ptm-observation:14c8a5cd89f4371160bca6d7b7f58e842f7cfadd72b3abfc0503611ddf1b785d
UniProtKB:P0A6U3	proteintraitsmech:B05	OK	0.23370429252782193	1	ef0ae286e6c4c31bafaae8e4ac50e6feaf08debdfb2040a733df19c66c570a0b	ptm-observation:5efc0efb9729b6c135629ab1cd42b2ca7c62059dd795adfbf94e8b43e375be03
UniProtKB:P0A6U3	proteintraitsmech:B06	OK	-1.1442244881559558	1	ef0ae286e6c4c31bafaae8e4ac50e6feaf08debdfb2040a733df19c66c570a0b	ptm-observation:17e78aefa807de460bb4beac0d17bf45373a2e04cfe1498036d6347f1ab7779c
UniProtKB:P0A6U3	proteintraitsmech:B08	OK	-0.307631160572337	1	ef0ae286e6c4c31bafaae8e4ac50e6feaf08debdfb2040a733df19c66c570a0b	ptm-observation:6e235617cebf83776520d3a8c9adb20265bead12431a3c7251bcd6bfc906751d
UniProtKB:P0A6U3	proteintraitsmech:B09	OK		1	ef0ae286e6c4c31bafaae8e4ac50e6feaf08debdfb2040a733df19c66c570a0b	ptm-observation:334f221b809d00d30f603af6c06a64ce71284bc822721019c22bccd74b37aca4
UniProtKB:P0A6U3	proteintraitsmech:B10	OK		1	ef0ae286e6c4c31bafaae8e4ac50e6feaf08debdfb2040a733df19c66c570a0b	ptm-observation:011144addabcbb781b2750dc01417285641aeb95a349699c8cf283fb89638db7
UniProtKB:P0A6U3	proteintraitsmech:B13	OK		1	ef0ae286e6c4c31bafaae8e4ac50e6feaf08debdfb2040a733df19c66c570a0b	ptm-observation:5e1598b0e3353772d75d8746b485a3aa1b3d5f3d864615de3e842241997ea686
UniProtKB:P0A6U3	proteintraitsmech:B16	OK	4.107122082375902	bit	ef0ae286e6c4c31bafaae8e4ac50e6feaf08debdfb2040a733df19c66c570a0b	ptm-observation:24f442295580314b8cb9c78b67be4552e17165d1624acc0bbfef5e4aa6e8fdb6
UniProtKB:P0A6U3	proteintraitsmech:B22	OK	0.0	1	ef0ae286e6c4c31bafaae8e4ac50e6feaf08debdfb2040a733df19c66c570a0b	ptm-observation:ca9964cb27d39c76d030cfa7cfaf4c6afb5e229bf17cef502e40cf696e9bad56
UniProtKB:P0A6Y1	proteintraitsmech:B01	OK	2.86944933292231	e	c289220d292b4c68fd4624b42a09006627f819e23611668a5893d3cb049113b4	ptm-observation:aac7f69d0fa232a48d56e151db991dc64039fd33aaaca92235be9546c389fa56
UniProtKB:P0A6Y1	proteintraitsmech:B02	OK	9.343799889087677	pH	c289220d292b4c68fd4624b42a09006627f819e23611668a5893d3cb049113b4	ptm-observation:96f9d68be4321872c03d2aa4bca9812daa13a1464ab19ce54d53939f6b252681
UniProtKB:P0A6Y1	proteintraitsmech:B03	OK	0.1702127659574468	1	c289220d292b4c68fd4624b42a09006627f819e23611668a5893d3cb049113b4	ptm-observation:297802491bb0856c235626f6a46bb3dc4070da93f84c46cc10306ef00e034229
UniProtKB:P0A6Y1	proteintraitsmech:B04	OK	0.13829787234042554	1	c289220d292b4c68fd4624b42a09006627f819e23611668a5893d3cb049113b4	ptm-observation:17be7caf45c1c76950f7862aa2989b967855b6e5a019f12e6a9ca20669237080
UniProtKB:P0A6Y1	proteintraitsmech:B05	OK	0.30851063829787234	1	c289220d292b4c68fd4624b42a09006627f819e23611668a5893d3cb049113b4	ptm-observation:90dc6a794a536c90ca0bbcc5f4421f18581eaf382505a0840ecd6e0519aff26c
UniProtKB:P0A6Y1	proteintraitsmech:B06	OK	-0.416558953713149	1	c289220d292b4c68fd4624b42a09006627f819e23611668a5893d3cb049113b4	ptm-observation:d53d2ea17b7afd2797c0711797f9ed62be56f1c45b8cbba99b324916503348f3
UniProtKB:P0A6Y1	proteintraitsmech:B08	OK	-0.7840425531914894	1	c289220d292b4c68fd4624b42a09006627f819e23611668a5893d3cb049113b4	ptm-observation:6a3e68e59f256f8818bdd4ce2e38bc85b5a0edffb8e4aac6bc85712a55349447
UniProtKB:P0A6Y1	proteintraitsmech:B09	OK		1	c289220d292b4c68fd4624b42a09006627f819e23611668a5893d3cb049113b4	ptm-observation:d758f83145f9cd66cb1e365291a03fdbc87d301660944e54b47dcb9fa8265779
UniProtKB:P0A6Y1	proteintraitsmech:B10	OK		1	c289220d292b4c68fd4624b42a09006627f819e23611668a5893d3cb049113b4	ptm-observation:129fe31ffa859181ee6d86624da7ce05ec43e58cb7cd5baba84a4245ac52539c
UniProtKB:P0A6Y1	proteintraitsmech:B13	OK		1	c289220d292b4c68fd4624b42a09006627f819e23611668a5893d3cb049113b4	ptm-observation:449bf2e4b0fb9a0458975441bc1be3659fb0c7461cc2fc48c9e2080868e19ec1
UniProtKB:P0A6Y1	proteintraitsmech:B16	OK	4.037191151718757	bit	c289220d292b4c68fd4624b42a09006627f819e23611668a5893d3cb049113b4	ptm-observation:0a48e7e1b5c6ebc3b91ef3601a95d516b5cc97aa315f7d3bdb02c680ff2bfc29
UniProtKB:P0A6Y1	proteintraitsmech:B22	OK	0.0	1	c289220d292b4c68fd4624b42a09006627f819e23611668a5893d3cb049113b4	ptm-observation:2ec728b2c4ec0c4ca2240a493a5deb952a42dc771a8b2f6d0ba00122b416d5e2
UniProtKB:P0A731	proteintraitsmech:B01	OK	-2.8838187738364414	e	2589b49949bea3833dd13f343d227429ee90d68f70cd661e3efe1a8d0002ade2	ptm-observation:66972b21266c6ca42735112a8d061990bfbbaa9745d5e31618aea5fb15e7c349
UniProtKB:P0A731	proteintraitsmech:B02	OK	6.120239794254303	pH	2589b49949bea3833dd13f343d227429ee90d68f70cd661e3efe1a8d0002ade2	ptm-observation:d75d498e892eed946fe7226e0cc896d3411f9008ca54243fad5ad756af082e60
UniProtKB:P0A731	proteintraitsmech:B03	OK	0.07894736842105263	1	2589b49949bea3833dd13f343d227429ee90d68f70cd661e3efe1a8d0002ade2	ptm-observation:d66dfe272609ecea7a28f6565d68d3bdc8a048619aaa3f78ed4acdefc672d49b
UniProtKB:P0A731	proteintraitsmech:B04	OK	0.09868421052631579	1	2589b49949bea3833dd13f343d227429ee90d68f70cd661e3efe1a8d0002ade2	ptm-observation:c7d761f2b3fad15a7e976ced0c4ad1aed554a00cfa723b6f98a40f0e1b105db5
UniProtKB:P0A731	proteintraitsmech:B05	OK	0.17763157894736842	1	2589b49949bea3833dd13f343d227429ee90d68f70cd661e3efe1a8d0002ade2	ptm-observation:23f9227f46e71ab197f67efee9ec782104aa2d61be249d2f054789a24365e01b
UniProtKB:P0A731	proteintraitsmech:B06	OK	-0.3722504963526096	1	2589b49949bea3833dd13f343d227429ee90d68f70cd661e3efe1a8d0002ade2	ptm-observation:6298ffb39f31c0fbff1bc927d5574ff52a6e067f347adf9649c9e67863d44a1a
UniProtKB:P0A731	proteintraitsmech:B08	OK	0.03815789473684208	1	2589b49949bea3833dd13f343d227429ee90d68f70cd661e3efe1a8d0002ade2	ptm-observation:505c8a21db3aca2506f434ab6d17c26c537b1187f05523993363aa06b1da7f6c
UniProtKB:P0A731	proteintraitsmech:B09	OK		1	2589b49949bea3833dd13f343d227429ee90d68f70cd661e3efe1a8d0002ade2	ptm-observation:86b9a7715bc3cc6b3897f0c7f6d7ea5ce647993179123f145bb7df6e256b2d55
UniProtKB:P0A731	proteintraitsmech:B10	OK		1	2589b49949bea3833dd13f343d227429ee90d68f70cd661e3efe1a8d0002ade2	ptm-observation:5f9baf877442be7be369546e142044f76b0a715f6375a284448eb503ef850b00
UniProtKB:P0A731	proteintraitsmech:B13	OK		1	2589b49949bea3833dd13f343d227429ee90d68f70cd661e3efe1a8d0002ade2	ptm-observation:fe9c7b9bb544496d77c64a894adfc82a47690432c0218fd3c833a4f9ba9be40d
UniProtKB:P0A731	proteintraitsmech:B16	OK	4.11274354989344	bit	2589b49949bea3833dd13f343d227429ee90d68f70cd661e3efe1a8d0002ade2	ptm-observation:24f840bc4a9dff20203272c4f6d08c04ad585331e71bb1178d32c2f25309656a
UniProtKB:P0A731	proteintraitsmech:B22	OK	0.0	1	2589b49949bea3833dd13f343d227429ee90d68f70cd661e3efe1a8d0002ade2	ptm-observation:ec4d3d3bb5996235c7e7463cce2096f3d7ed4c5f58043a9d3f13224f35ef2624
UniProtKB:P0A790	proteintraitsmech:B01	OK	-3.147372763525904	e	d96b5b2c133057de43d61b1a85b3845e71c9fa671f773f8d4818bbffeac5e6fe	ptm-observation:cfdd263ebe90db2c3592a1414f9cad8dcc57669e6a6bb2a9731eb40a24f80d08
UniProtKB:P0A790	proteintraitsmech:B02	OK	5.752108037471771	pH	d96b5b2c133057de43d61b1a85b3845e71c9fa671f773f8d4818bbffeac5e6fe	ptm-observation:7489d1b45fb06da09a5345d412fc6d212becf0754056b81735baae7bbed49291
UniProtKB:P0A790	proteintraitsmech:B03	OK	0.10317460317460317	1	d96b5b2c133057de43d61b1a85b3845e71c9fa671f773f8d4818bbffeac5e6fe	ptm-observation:3d192e8f4de9f27c9f852f25b04207757e6fef61af078452d88a15f84039f51f
UniProtKB:P0A790	proteintraitsmech:B04	OK	0.12698412698412698	1	d96b5b2c133057de43d61b1a85b3845e71c9fa671f773f8d4818bbffeac5e6fe	ptm-observation:4216363eea68bab7dd9296facbe535bd5561a989951ba55cee9b2f6ff1697dcd
UniProtKB:P0A790	proteintraitsmech:B05	OK	0.23015873015873015	1	d96b5b2c133057de43d61b1a85b3845e71c9fa671f773f8d4818bbffeac5e6fe	ptm-observation:0b30061e7493dee2fbe753b2021d27694a42d32b2022cf6465027fb6b3a09429
UniProtKB:P0A790	proteintraitsmech:B06	OK	-0.6335386370843363	1	d96b5b2c133057de43d61b1a85b3845e71c9fa671f773f8d4818bbffeac5e6fe	ptm-observation:dba88143e17e1b91a6d01f8fcecdff9934492291b4913c6425b9b63bcdefcd91
UniProtKB:P0A790	proteintraitsmech:B08	OK	-0.06349206349206349	1	d96b5b2c133057de43d61b1a85b3845e71c9fa671f773f8d4818bbffeac5e6fe	ptm-observation:9f27704785e6b49fdedf424cd2d4a5ae41f9248caf0f383c565ad868cf271f22
UniProtKB:P0A790	proteintraitsmech:B09	OK		1	d96b5b2c133057de43d61b1a85b3845e71c9fa671f773f8d4818bbffeac5e6fe	ptm-observation:707241d9f07608b83e750b1be4b6ffb49bfe380527e3e60061dd72916191a51d
UniProtKB:P0A790	proteintraitsmech:B10	OK		1	d96b5b2c133057de43d61b1a85b3845e71c9fa671f773f8d4818bbffeac5e6fe	ptm-observation:15475c20347afb1e502487ed78c9e51e89ae90ee0460741accae4fa472dcb9f4
UniProtKB:P0A790	proteintraitsmech:B13	OK		1	d96b5b2c133057de43d61b1a85b3845e71c9fa671f773f8d4818bbffeac5e6fe	ptm-observation:2dc7a2dcefee73683eee3c8272e7f8ee7c9ad34e82547e75a7fa78730a9d2251
UniProtKB:P0A790	proteintraitsmech:B16	OK	4.092736598881581	bit	d96b5b2c133057de43d61b1a85b3845e71c9fa671f773f8d4818bbffeac5e6fe	ptm-observation:0f49905f0a74601bd54e4b2eae73b1d80dd2efc9734f126de037bcca6cb75e51
UniProtKB:P0A790	proteintraitsmech:B22	OK	0.0	1	d96b5b2c133057de43d61b1a85b3845e71c9fa671f773f8d4818bbffeac5e6fe	ptm-observation:590e8ad0a501f2c31be9ce9bb5b9304656770cbdbdacc6a64f9c376b8490326c
UniProtKB:P0A7D1	proteintraitsmech:B01	OK	3.127700692443176	e	13b816b5f7e6cffd36e8ddf81f0bd01d45582d729bc6c4c99123a36da559bddc	ptm-observation:3d5e3afcd54302519749a3556393a72225ff45bf9b89cad9dbac99e3184fc54c
UniProtKB:P0A7D1	proteintraitsmech:B02	OK	9.039532244205475	pH	13b816b5f7e6cffd36e8ddf81f0bd01d45582d729bc6c4c99123a36da559bddc	ptm-observation:5758420f98f9a80c737ecde8fc859ca5504d58257d0e1d54ff4141e87ea75592
UniProtKB:P0A7D1	proteintraitsmech:B03	OK	0.12371134020618557	1	13b816b5f7e6cffd36e8ddf81f0bd01d45582d729bc6c4c99123a36da559bddc	ptm-observation:e80104c7179106e060fb67ba65dae144093f31e7e82d7853d7b69f8fa8898666
UniProtKB:P0A7D1	proteintraitsmech:B04	OK	0.10824742268041238	1	13b816b5f7e6cffd36e8ddf81f0bd01d45582d729bc6c4c99123a36da559bddc	ptm-observation:0a62da88b557b2dc5234ca7597bdf888282bf995abac5d092a75daf2db288db3
UniProtKB:P0A7D1	proteintraitsmech:B05	OK	0.23195876288659795	1	13b816b5f7e6cffd36e8ddf81f0bd01d45582d729bc6c4c99123a36da559bddc	ptm-observation:12e185679cd109ca3f3023e3699234bd8e9dd8b473635458f9cdec82e3baaf89
UniProtKB:P0A7D1	proteintraitsmech:B06	OK	-0.3044186601935429	1	13b816b5f7e6cffd36e8ddf81f0bd01d45582d729bc6c4c99123a36da559bddc	ptm-observation:8a347223fc041f94f18ed7fc77d243e5e5e9ed620421b32389f3d3d3600ba7e9
UniProtKB:P0A7D1	proteintraitsmech:B08	OK	-0.12371134020618559	1	13b816b5f7e6cffd36e8ddf81f0bd01d45582d729bc6c4c99123a36da559bddc	ptm-observation:8de0d168a5b1b5d3383f8028c4cdef52f647b238517fb78362048fcab69d6cf9
UniProtKB:P0A7D1	proteintraitsmech:B09	OK		1	13b816b5f7e6cffd36e8ddf81f0bd01d45582d729bc6c4c99123a36da559bddc	ptm-observation:74451cf793eeadd5af7eeeb3e2c412729158d81aab48db1e1ca4cb2e43f32707
UniProtKB:P0A7D1	proteintraitsmech:B10	OK		1	13b816b5f7e6cffd36e8ddf81f0bd01d45582d729bc6c4c99123a36da559bddc	ptm-observation:ea727ac0fe374aa0b7fbc7f8d6ac520b61ef97bd50399cbc7a8b35147d4861b9
UniProtKB:P0A7D1	proteintraitsmech:B13	OK		1	13b816b5f7e6cffd36e8ddf81f0bd01d45582d729bc6c4c99123a36da559bddc	ptm-observation:26b2d769c00c6993a34fb4a1e6b5403afa58d25621c75f36215ad03ab8dbf054
UniProtKB:P0A7D1	proteintraitsmech:B16	OK	4.02589203255935	bit	13b816b5f7e6cffd36e8ddf81f0bd01d45582d729bc6c4c99123a36da559bddc	ptm-observation:715d7a54640c70f6396dcd94d6e7268cbbaeeed5fb3413e745b7d1804a5897eb
UniProtKB:P0A7D1	proteintraitsmech:B22	OK	0.0	1	13b816b5f7e6cffd36e8ddf81f0bd01d45582d729bc6c4c99123a36da559bddc	ptm-observation:5cf37fad9bf0ebf27a262ae03f0cfa5c3c7f570b73a1750c97249a7ac742baf8
UniProtKB:P0A7D4	proteintraitsmech:B01	OK	-9.938199192130954	e	6b30d8caf49e7b7f867ddc8d3d76157f7d66256013f2b08df803f36b10644e5a	ptm-observation:512e9bf6471e4d7be2cc6bac65a3bc92e9cb7c4008981378dfeb0f3732e05edc
UniProtKB:P0A7D4	proteintraitsmech:B02	OK	5.315598547458649	pH	6b30d8caf49e7b7f867ddc8d3d76157f7d66256013f2b08df803f36b10644e5a	ptm-observation:f019fbe65064550d2390e22cf268ddfbbc4517a40420b9961fbb94a40d68326d
UniProtKB:P0A7D4	proteintraitsmech:B03	OK	0.11574074074074074	1	6b30d8caf49e7b7f867ddc8d3d76157f7d66256013f2b08df803f36b10644e5a	ptm-observation:4a82b2ad987b6c2d5c8734febc9be668088039cebea7c4b5ecb90345fefa5fd8
UniProtKB:P0A7D4	proteintraitsmech:B04	OK	0.1388888888888889	1	6b30d8caf49e7b7f867ddc8d3d76157f7d66256013f2b08df803f36b10644e5a	ptm-observation:18d2caa0a845880058b2dca8bb603fd993f64fe7d1ed9eda5e1382c8a197cae7
UniProtKB:P0A7D4	proteintraitsmech:B05	OK	0.25462962962962965	1	6b30d8caf49e7b7f867ddc8d3d76157f7d66256013f2b08df803f36b10644e5a	ptm-observation:5ed5b055dc9aca43549e862db5a940050b7f34ef6381b18da52be9186788a246
UniProtKB:P0A7D4	proteintraitsmech:B06	OK	0.39543736767246584	1	6b30d8caf49e7b7f867ddc8d3d76157f7d66256013f2b08df803f36b10644e5a	ptm-observation:b4e3ed8358708d666c4d3d70f85b677400316472213c30fa03b30aa2f8c63bc5
UniProtKB:P0A7D4	proteintraitsmech:B08	OK	-0.19953703703703704	1	6b30d8caf49e7b7f867ddc8d3d76157f7d66256013f2b08df803f36b10644e5a	ptm-observation:649a5d37257a26416a5a0b85142e3fa0ebc5db49563e1d84892e82784f29c91d
UniProtKB:P0A7D4	proteintraitsmech:B09	OK		1	6b30d8caf49e7b7f867ddc8d3d76157f7d66256013f2b08df803f36b10644e5a	ptm-observation:9e22535f83a2555ce11cf7e7c1a606140b1de556c3129a9127da8d69d9f176ea
UniProtKB:P0A7D4	proteintraitsmech:B10	OK		1	6b30d8caf49e7b7f867ddc8d3d76157f7d66256013f2b08df803f36b10644e5a	ptm-observation:8de0f284c43b3b07bb3c297287798fee697de4717015066929d9a65721f3b38b
UniProtKB:P0A7D4	proteintraitsmech:B13	OK		1	6b30d8caf49e7b7f867ddc8d3d76157f7d66256013f2b08df803f36b10644e5a	ptm-observation:d311f0b344b0206bd2411d0fce8772a300429488b5cf19bc0c3c18f4b74369b1
UniProtKB:P0A7D4	proteintraitsmech:B16	OK	4.062599226637978	bit	6b30d8caf49e7b7f867ddc8d3d76157f7d66256013f2b08df803f36b10644e5a	ptm-observation:fb01f5b62304d389af5fe2265cca45ac381fbfd919a98450ff3b7cf8ca63e0bd
UniProtKB:P0A7D4	proteintraitsmech:B22	OK	0.0	1	6b30d8caf49e7b7f867ddc8d3d76157f7d66256013f2b08df803f36b10644e5a	ptm-observation:1103119a09ea32f75f1bdceeeed3609b540ed97ab5f03ba539c9aedca31e7fa0
UniProtKB:P0A7M6	proteintraitsmech:B01	OK	3.6022688651542363	e	78666b74a7631d61c26f69d743a353db6db6d435d5b1a82ebd706a6b398d6e5a	ptm-observation:2dad7dc2622d144e7548f7d7ddf07b3d1aaa28ee72f9ccf01968072ba74daaca
UniProtKB:P0A7M6	proteintraitsmech:B02	OK	9.983758628368378	pH	78666b74a7631d61c26f69d743a353db6db6d435d5b1a82ebd706a6b398d6e5a	ptm-observation:f35472cba75b87a1180294559a91d8839516c70a769206cd583161d5aea19877
UniProtKB:P0A7M6	proteintraitsmech:B03	OK	0.19047619047619047	1	78666b74a7631d61c26f69d743a353db6db6d435d5b1a82ebd706a6b398d6e5a	ptm-observation:90e9c7a7fdc7f3b5b20c2738242545cfc997fe00d82bc90c7b1ee4528cab371d
UniProtKB:P0A7M6	proteintraitsmech:B04	OK	0.12698412698412698	1	78666b74a7631d61c26f69d743a353db6db6d435d5b1a82ebd706a6b398d6e5a	ptm-observation:d03667edf05f44a25079299e99b663f4ee72a34865c84e7b6629d57b1c51e8cb
UniProtKB:P0A7M6	proteintraitsmech:B05	OK	0.31746031746031744	1	78666b74a7631d61c26f69d743a353db6db6d435d5b1a82ebd706a6b398d6e5a	ptm-observation:2628220cb3a43b9a7b0a6096d316938d12840f0eef0f55aef0cde789095648c3
UniProtKB:P0A7M6	proteintraitsmech:B06	OK	-0.016783213984902186	1	78666b74a7631d61c26f69d743a353db6db6d435d5b1a82ebd706a6b398d6e5a	ptm-observation:ed3b6abcf1cde66874aa4f2badd131ee6756fbb7eabaaa2ab5092a24f7866f17
UniProtKB:P0A7M6	proteintraitsmech:B08	OK	-0.6571428571428571	1	78666b74a7631d61c26f69d743a353db6db6d435d5b1a82ebd706a6b398d6e5a	ptm-observation:99f3c3988ddd81131a7d6d2525101c1adb1208dcbda1c9ab779e7a60eaffa1ce
UniProtKB:P0A7M6	proteintraitsmech:B09	OK		1	78666b74a7631d61c26f69d743a353db6db6d435d5b1a82ebd706a6b398d6e5a	ptm-observation:c10ed623d99c66a3ef8dc5a0e8f9d5234e65af34256aec4c8a16729eb0e5f229
UniProtKB:P0A7M6	proteintraitsmech:B10	OK		1	78666b74a7631d61c26f69d743a353db6db6d435d5b1a82ebd706a6b398d6e5a	ptm-observation:955ad21d24c4784b1ea2d9e5ed33956075e93265e96f70204d6c1960189022e9
UniProtKB:P0A7M6	proteintraitsmech:B13	OK		1	78666b74a7631d61c26f69d743a353db6db6d435d5b1a82ebd706a6b398d6e5a	ptm-observation:dd76be4ef101007429c111623bb9c334a7f5507347d5fa530d9c462d572e84ca
UniProtKB:P0A7M6	proteintraitsmech:B16	OK	3.573073225364546	bit	78666b74a7631d61c26f69d743a353db6db6d435d5b1a82ebd706a6b398d6e5a	ptm-observation:df16127613bd519241e633a87fd220834f01f18d9b4d791346204c04cbda342f
UniProtKB:P0A7M6	proteintraitsmech:B22	OK	0.0	1	78666b74a7631d61c26f69d743a353db6db6d435d5b1a82ebd706a6b398d6e5a	ptm-observation:b7c908fafce2c1470c468278182b68e076414c0b6221d85fbaf3e79607b2dd05
UniProtKB:P0A7N9	proteintraitsmech:B01	OK	9.673049659197188	e	9cdc54ea0e30867de913f8883da62d1cffa5178476fc8c144aea637f8ddb9b41	ptm-observation:3ffab8ca713c7be991f3c7bf701dee585261a33a338797bd5cfa31e40ecf5ee5
UniProtKB:P0A7N9	proteintraitsmech:B02	OK	10.248324930667877	pH	9cdc54ea0e30867de913f8883da62d1cffa5178476fc8c144aea637f8ddb9b41	ptm-observation:0d89c29502ddeb23581aec8ca5d10faa327d05809b7b5c0ec2982762d5d204b9
UniProtKB:P0A7N9	proteintraitsmech:B03	OK	0.2727272727272727	1	9cdc54ea0e30867de913f8883da62d1cffa5178476fc8c144aea637f8ddb9b41	ptm-observation:dac63cf1153cab0e784c077723d06b3aa2d0e1b848d6c61b250de3519bac673c
UniProtKB:P0A7N9	proteintraitsmech:B04	OK	0.09090909090909091	1	9cdc54ea0e30867de913f8883da62d1cffa5178476fc8c144aea637f8ddb9b41	ptm-observation:78825463147fd08bfeb2e5b5d27c4f122ea22568dff3fff25de16cb83718361d
UniProtKB:P0A7N9	proteintraitsmech:B05	OK	0.36363636363636365	1	9cdc54ea0e30867de913f8883da62d1cffa5178476fc8c144aea637f8ddb9b41	ptm-observation:7b5a9a524bdc9461c88b05bf72736ed4ee871c6986956725c0943ae62bdc58ee
UniProtKB:P0A7N9	proteintraitsmech:B06	OK	3.4629423376289235	1	9cdc54ea0e30867de913f8883da62d1cffa5178476fc8c144aea637f8ddb9b41	ptm-observation:8c80c81412dd2a10081e5dc2e145c894e6de31bde3377631f043fe11db5d0c7f
UniProtKB:P0A7N9	proteintraitsmech:B08	OK	-0.8036363636363637	1	9cdc54ea0e30867de913f8883da62d1cffa5178476fc8c144aea637f8ddb9b41	ptm-observation:e85774849b3e48b23c85bbfe328a17ac8d3443389605a2fdfacb2ea6584f7530
UniProtKB:P0A7N9	proteintraitsmech:B09	OK		1	9cdc54ea0e30867de913f8883da62d1cffa5178476fc8c144aea637f8ddb9b41	ptm-observation:d5c6af19f516dcdd28fc5c8b1ec76cffddc6389c8395d449ff599eea92881e65
UniProtKB:P0A7N9	proteintraitsmech:B10	OK		1	9cdc54ea0e30867de913f8883da62d1cffa5178476fc8c144aea637f8ddb9b41	ptm-observation:16c9b09de3632cc03a0c9e88418a538a20b0f10eb18478d81f10784c1eaa36a8
UniProtKB:P0A7N9	proteintraitsmech:B13	OK		1	9cdc54ea0e30867de913f8883da62d1cffa5178476fc8c144aea637f8ddb9b41	ptm-observation:f1e63bbadccfefcd663b45cd6d4c1dc472455405134ce85a21eeb052a301ff74
UniProtKB:P0A7N9	proteintraitsmech:B16	OK	3.8241098864020313	bit	9cdc54ea0e30867de913f8883da62d1cffa5178476fc8c144aea637f8ddb9b41	ptm-observation:9b70597c83eb4720161e70a49ffb66e813b73f5a79c2f26d6b41918059f889fa
UniProtKB:P0A7N9	proteintraitsmech:B22	OK	0.2	1	9cdc54ea0e30867de913f8883da62d1cffa5178476fc8c144aea637f8ddb9b41	ptm-observation:691ec66ce787395492bc15e08698435019c6303648fba8f8d45fbfbeefe1c375
UniProtKB:P0A7Y8	proteintraitsmech:B01	OK	15.852202499926454	e	41b62501e634099d856992d4cdac6894b0f23629196cb0a5a2a421b38220c2ed	ptm-observation:af49fc37eb95a775081df38276db98f17ae5af493d9692a12bb6a093a7bd451f
UniProtKB:P0A7Y8	proteintraitsmech:B02	OK	11.81456071138382	pH	41b62501e634099d856992d4cdac6894b0f23629196cb0a5a2a421b38220c2ed	ptm-observation:c86f24e63730231b52ae6afb7a458c159af86bf0ca70cffe4476774bc0e459be
UniProtKB:P0A7Y8	proteintraitsmech:B03	OK	0.21008403361344538	1	41b62501e634099d856992d4cdac6894b0f23629196cb0a5a2a421b38220c2ed	ptm-observation:a12693147476a7957f643fa4485fca139178c8b574082cfd735f23c33047dde9
UniProtKB:P0A7Y8	proteintraitsmech:B04	OK	0.07563025210084033	1	41b62501e634099d856992d4cdac6894b0f23629196cb0a5a2a421b38220c2ed	ptm-observation:2a253e4e4477ec2a55cd7abc59adb096229cba500e30f1493e92e4f0c07f070b
UniProtKB:P0A7Y8	proteintraitsmech:B05	OK	0.2857142857142857	1	41b62501e634099d856992d4cdac6894b0f23629196cb0a5a2a421b38220c2ed	ptm-observation:dd25ed6652448704e99d403f73590e3325b1ecc88ac18c7c22999c0ea71ddac2
UniProtKB:P0A7Y8	proteintraitsmech:B06	OK	5.58517371721055	1	41b62501e634099d856992d4cdac6894b0f23629196cb0a5a2a421b38220c2ed	ptm-observation:429f13fd028bc38266eecf6495c2dae57aeb9ed8ef47208554ecde354aafc75c
UniProtKB:P0A7Y8	proteintraitsmech:B08	OK	-0.4638655462184874	1	41b62501e634099d856992d4cdac6894b0f23629196cb0a5a2a421b38220c2ed	ptm-observation:39b5ede810afbdb750fe68f6091b10cc9ad62992d100a3731c0864b21cb08362
UniProtKB:P0A7Y8	proteintraitsmech:B09	OK		1	41b62501e634099d856992d4cdac6894b0f23629196cb0a5a2a421b38220c2ed	ptm-observation:62e9b8527c8539c810f6698a5c92bed180f8e4d59c7e91b51be3b3935edb8096
UniProtKB:P0A7Y8	proteintraitsmech:B10	OK		1	41b62501e634099d856992d4cdac6894b0f23629196cb0a5a2a421b38220c2ed	ptm-observation:0cd132dd40bca610277e30f69757db3dbad71b215c603322fd3bbd6da8577bb4
UniProtKB:P0A7Y8	proteintraitsmech:B13	OK		1	41b62501e634099d856992d4cdac6894b0f23629196cb0a5a2a421b38220c2ed	ptm-observation:d1d997f7e82315172e7c2a9f9c2dbf7e9d469394cafa7ca684254e9057a0f5c6
UniProtKB:P0A7Y8	proteintraitsmech:B16	OK	3.942274961360041	bit	41b62501e634099d856992d4cdac6894b0f23629196cb0a5a2a421b38220c2ed	ptm-observation:db70de0975c763738cecec73d7d3bb63db75b6a3d73d386d89a1be02c0843643
UniProtKB:P0A7Y8	proteintraitsmech:B22	OK	0.4789915966386555	1	41b62501e634099d856992d4cdac6894b0f23629196cb0a5a2a421b38220c2ed	ptm-observation:a35ce1291ea9d654fc14988d07d1ea4311b358efb524d14e3b82e38a621a0628
UniProtKB:P0A853	proteintraitsmech:B01	OK	-5.802170058075847	e	c251f862fb5afc6c34574abde84f9a362bb27db19de3533273ff3304346ec877	ptm-observation:699ec9f0e792f0a665b1cad430a13ccc39f48091035104dcaec56f0f3eeff500
UniProtKB:P0A853	proteintraitsmech:B02	OK	5.875838339328766	pH	c251f862fb5afc6c34574abde84f9a362bb27db19de3533273ff3304346ec877	ptm-observation:9d654b0bb4bf927d86c7efd8d8e07fcc24c2fdf2b66fe76bcc5f2e36a1c42fe3
UniProtKB:P0A853	proteintraitsmech:B03	OK	0.11252653927813164	1	c251f862fb5afc6c34574abde84f9a362bb27db19de3533273ff3304346ec877	ptm-observation:f34f2cd1fe54cd6d22bbbc8b0e18c87cc24672fb4139459d5677a219e5546ee6
UniProtKB:P0A853	proteintraitsmech:B04	OK	0.12526539278131635	1	c251f862fb5afc6c34574abde84f9a362bb27db19de3533273ff3304346ec877	ptm-observation:f671676cd34829a5ef3fa478e376bedfb0fe4978e2edb64493f536fdca9c8c9f
UniProtKB:P0A853	proteintraitsmech:B05	OK	0.23779193205944799	1	c251f862fb5afc6c34574abde84f9a362bb27db19de3533273ff3304346ec877	ptm-observation:d6569545d6c0c4b7af0751597a230404589ec65a9ce6886a308e671009f55224
UniProtKB:P0A853	proteintraitsmech:B06	OK	-0.635163072156763	1	c251f862fb5afc6c34574abde84f9a362bb27db19de3533273ff3304346ec877	ptm-observation:b0f6064ccbff61d4807ffd47f1275678bbe72d1f83af21e9c4342ba507a2f30e
UniProtKB:P0A853	proteintraitsmech:B08	OK	-0.21634819532908706	1	c251f862fb5afc6c34574abde84f9a362bb27db19de3533273ff3304346ec877	ptm-observation:32538706282c685ede6c993eb84011ef9ff6f407708b2e390cba5f5cfc34b06c
UniProtKB:P0A853	proteintraitsmech:B09	OK		1	c251f862fb5afc6c34574abde84f9a362bb27db19de3533273ff3304346ec877	ptm-observation:83c481c5595a5424b92c57a72ce507f92c05b7d428b9b85eebdec9d26fb24cc2
UniProtKB:P0A853	proteintraitsmech:B10	OK		1	c251f862fb5afc6c34574abde84f9a362bb27db19de3533273ff3304346ec877	ptm-observation:d8b427454040cb226a8ca47b50a442d111c2ce8a794c0af78b0184c8cec0dc3a
UniProtKB:P0A853	proteintraitsmech:B13	OK		1	c251f862fb5afc6c34574abde84f9a362bb27db19de3533273ff3304346ec877	ptm-observation:47dbdc8c8037527bb52e3089fce4c77c9304b764f5034d9bc86c0bf8fa69b35b
UniProtKB:P0A853	proteintraitsmech:B16	OK	4.1579332013423755	bit	c251f862fb5afc6c34574abde84f9a362bb27db19de3533273ff3304346ec877	ptm-observation:ebca8bf8129cb9bb7130c3f5ecf0c37bf3b2602a2c554c3b7317e422207874d9
UniProtKB:P0A853	proteintraitsmech:B22	OK	0.0	1	c251f862fb5afc6c34574abde84f9a362bb27db19de3533273ff3304346ec877	ptm-observation:631996fe1ec012128a64630131b5119422b51e54fdf55e2758cf57219362f1f9
UniProtKB:P0A8M3	proteintraitsmech:B01	OK	-15.474091580872592	e	21e3829be6f7cf88bbee47b3b64f492be010b7345e877b8cd42afdb1e8bb8cdf	ptm-observation:0f8e71fd0c739f471ae0e106422ce27fb348565b5d71382748c3c6a7ef450ee3
UniProtKB:P0A8M3	proteintraitsmech:B02	OK	5.802409589290619	pH	21e3829be6f7cf88bbee47b3b64f492be010b7345e877b8cd42afdb1e8bb8cdf	ptm-observation:7a28da3b64d15e1cac135fb727f113da34944003584a729c87280c78a41336a9
UniProtKB:P0A8M3	proteintraitsmech:B03	OK	0.1292834890965732	1	21e3829be6f7cf88bbee47b3b64f492be010b7345e877b8cd42afdb1e8bb8cdf	ptm-observation:e6c44f4f99f48f2a61347058016f36b552c56193c5e0c3366e63607f7fcf7fd0
UniProtKB:P0A8M3	proteintraitsmech:B04	OK	0.1557632398753894	1	21e3829be6f7cf88bbee47b3b64f492be010b7345e877b8cd42afdb1e8bb8cdf	ptm-observation:7e3023663d5444a09c10f9fab022270a2d87ad81dac2e9beea07612c15d3de72
UniProtKB:P0A8M3	proteintraitsmech:B05	OK	0.2850467289719626	1	21e3829be6f7cf88bbee47b3b64f492be010b7345e877b8cd42afdb1e8bb8cdf	ptm-observation:9da08924674b2da18dc30c9cf0df38c540b8ed7481df366c4d3a9f4dfef1f15a
UniProtKB:P0A8M3	proteintraitsmech:B06	OK	1.6865888384197136	1	21e3829be6f7cf88bbee47b3b64f492be010b7345e877b8cd42afdb1e8bb8cdf	ptm-observation:20960dba04ca79dda9c5835345a8e08ac81df8424eafa9e4de5571cad2dfe015
UniProtKB:P0A8M3	proteintraitsmech:B08	OK	-0.4936137071651091	1	21e3829be6f7cf88bbee47b3b64f492be010b7345e877b8cd42afdb1e8bb8cdf	ptm-observation:24706f3ee6204b1c9e3cf82365210d85cb8a6fee68290e6c30af727d7e5df876
UniProtKB:P0A8M3	proteintraitsmech:B09	OK		1	21e3829be6f7cf88bbee47b3b64f492be010b7345e877b8cd42afdb1e8bb8cdf	ptm-observation:c1ca384955966dfa9fed5decfe2d87766a97f02cf13e000af689545dffcd06d0
UniProtKB:P0A8M3	proteintraitsmech:B10	OK		1	21e3829be6f7cf88bbee47b3b64f492be010b7345e877b8cd42afdb1e8bb8cdf	ptm-observation:b09076639a346b84b555526d45edc7fe90e2b6f74abd2b03b327d5dbb70d3194
UniProtKB:P0A8M3	proteintraitsmech:B13	OK		1	21e3829be6f7cf88bbee47b3b64f492be010b7345e877b8cd42afdb1e8bb8cdf	ptm-observation:34c44bbd459eab251e451e054365bd6b90c81673d83d89f3e0e3d485337444fb
UniProtKB:P0A8M3	proteintraitsmech:B16	OK	4.213043626611468	bit	21e3829be6f7cf88bbee47b3b64f492be010b7345e877b8cd42afdb1e8bb8cdf	ptm-observation:2541dcc2d562497f214473a986f18e666ab4aa6373e4a57a14b50cfef591ccc2
UniProtKB:P0A8M3	proteintraitsmech:B22	OK	0.0	1	21e3829be6f7cf88bbee47b3b64f492be010b7345e877b8cd42afdb1e8bb8cdf	ptm-observation:a6f0ae6b86f9e04edf6ef4c71eb95dd8f5e1e82016da0bf62b153d237a613e01
UniProtKB:P0A955	proteintraitsmech:B01	OK	-2.4075351535736877	e	133499b2b00db3eb15efe1f46fa283da45cb16894815945f35a148ec11f6c195	ptm-observation:cc1b826816a8315dac0d81487801fbfb1fdc63aa0b1b5309365c4a66fd5f63e1
UniProtKB:P0A955	proteintraitsmech:B02	OK	5.568768560886383	pH	133499b2b00db3eb15efe1f46fa283da45cb16894815945f35a148ec11f6c195	ptm-observation:9125bd0709023e85a10ec9f2b0a3500d5fb5da2a7170fc880cbc95c1ff532562
UniProtKB:P0A955	proteintraitsmech:B03	OK	0.09389671361502347	1	133499b2b00db3eb15efe1f46fa283da45cb16894815945f35a148ec11f6c195	ptm-observation:038b0fb509a36e57efd58e6d41ca4fd4b89cdbb6a4ce57be18ff0b773bbdc1b3
UniProtKB:P0A955	proteintraitsmech:B04	OK	0.10328638497652583	1	133499b2b00db3eb15efe1f46fa283da45cb16894815945f35a148ec11f6c195	ptm-observation:831fc1a2b776177c67ff140476acdfba8d7f8fa51cbc85c0e660dc8d6ef4b688
UniProtKB:P0A955	proteintraitsmech:B05	OK	0.19718309859154928	1	133499b2b00db3eb15efe1f46fa283da45cb16894815945f35a148ec11f6c195	ptm-observation:440e966f9d958252b6710001b658b2e71b1c4586988ddc857b55a5e7e94cf1b0
UniProtKB:P0A955	proteintraitsmech:B06	OK	-0.48662443899722263	1	133499b2b00db3eb15efe1f46fa283da45cb16894815945f35a148ec11f6c195	ptm-observation:da80f46130e85df9c9bcafdaf048e21189de077f35ed7332319d5860505dab9a
UniProtKB:P0A955	proteintraitsmech:B08	OK	0.3220657276995305	1	133499b2b00db3eb15efe1f46fa283da45cb16894815945f35a148ec11f6c195	ptm-observation:a4ddb57b7521454d6991f7d9afaa5e84598abeafc97246d0bd7f86367a803ec3
UniProtKB:P0A955	proteintraitsmech:B09	OK		1	133499b2b00db3eb15efe1f46fa283da45cb16894815945f35a148ec11f6c195	ptm-observation:2e20ea226e8a594bc6adf102549fc61d01349f151d8c1528b81a96e73283f18d
UniProtKB:P0A955	proteintraitsmech:B10	OK		1	133499b2b00db3eb15efe1f46fa283da45cb16894815945f35a148ec11f6c195	ptm-observation:a7db8b0ed3049fe731fea0f360c48a25f1951be19073580978345606e1a07924
UniProtKB:P0A955	proteintraitsmech:B13	OK		1	133499b2b00db3eb15efe1f46fa283da45cb16894815945f35a148ec11f6c195	ptm-observation:d5ba67318bc1ea0993a0bc3607af06331a98c1b2729d7c186a469c9fa37bcf9d
UniProtKB:P0A955	proteintraitsmech:B16	OK	3.945148837956709	bit	133499b2b00db3eb15efe1f46fa283da45cb16894815945f35a148ec11f6c195	ptm-observation:063b7fbc41c6d1eda8e4aaa12d949e99889c809bc1b27a5ee6ff89ae23f90fa5
UniProtKB:P0A955	proteintraitsmech:B22	OK	0.0	1	133499b2b00db3eb15efe1f46fa283da45cb16894815945f35a148ec11f6c195	ptm-observation:9f6e562115dbd61db4828a29fea758ff3398476bd1e2ec18d06c988fdb9413b6
UniProtKB:P0A9C3	proteintraitsmech:B01	OK	-15.867977077645712	e	433175aa591455b5ec2cbfbd1c5185b12dc44fee74ce94af53a9406b11701080	ptm-observation:adcac7fcdca5e3b262d2567c7a42faeb4119ca2257775cd47d2cf7c48818c114
UniProtKB:P0A9C3	proteintraitsmech:B02	OK	4.844816744327545	pH	433175aa591455b5ec2cbfbd1c5185b12dc44fee74ce94af53a9406b11701080	ptm-observation:c794cc09f8344bf9ac886b66840f1b941c929991e22604043138989c41734628
UniProtKB:P0A9C3	proteintraitsmech:B03	OK	0.08670520231213873	1	433175aa591455b5ec2cbfbd1c5185b12dc44fee74ce94af53a9406b11701080	ptm-observation:3f0154f516959c232f9a620bc3285dd09f4b9045dcaa48778522c0581397ecf1
UniProtKB:P0A9C3	proteintraitsmech:B04	OK	0.1329479768786127	1	433175aa591455b5ec2cbfbd1c5185b12dc44fee74ce94af53a9406b11701080	ptm-observation:108ac587325f75fc65d62497a5fcbdf5d652c68311278b2c3050d1f115d19ebb
UniProtKB:P0A9C3	proteintraitsmech:B05	OK	0.21965317919075145	1	433175aa591455b5ec2cbfbd1c5185b12dc44fee74ce94af53a9406b11701080	ptm-observation:ab7d6fdfd57f3d4f91e7e977e7a9234becdd5b6e04d5e1bcfaece76d390a0c38
UniProtKB:P0A9C3	proteintraitsmech:B06	OK	3.1113950618506254	1	433175aa591455b5ec2cbfbd1c5185b12dc44fee74ce94af53a9406b11701080	ptm-observation:2eaf09dda79695e439467a5b4ff6f4b4c1726a58cacbdbb7398c1f26fd216855
UniProtKB:P0A9C3	proteintraitsmech:B08	OK	-0.46618497109826595	1	433175aa591455b5ec2cbfbd1c5185b12dc44fee74ce94af53a9406b11701080	ptm-observation:4a2893cf7910657d251b1a191fe9d951b65b49998a40d4f807d36cf0a42e7245
UniProtKB:P0A9C3	proteintraitsmech:B09	OK		1	433175aa591455b5ec2cbfbd1c5185b12dc44fee74ce94af53a9406b11701080	ptm-observation:49c0070139e9be15634a2eb45fdcc65255008a993b03019585efc1f55b434677
UniProtKB:P0A9C3	proteintraitsmech:B10	OK		1	433175aa591455b5ec2cbfbd1c5185b12dc44fee74ce94af53a9406b11701080	ptm-observation:4ce802e8d3caa03b7eaef182ac789659198780f270a173b9da6ffbc2ce22758e
UniProtKB:P0A9C3	proteintraitsmech:B13	OK		1	433175aa591455b5ec2cbfbd1c5185b12dc44fee74ce94af53a9406b11701080	ptm-observation:178708edd0cd926ab8830240b28e6d90aa252e4e5f635dc8d17fcc4bc0bb70bd
UniProtKB:P0A9C3	proteintraitsmech:B16	OK	4.128238506655291	bit	433175aa591455b5ec2cbfbd1c5185b12dc44fee74ce94af53a9406b11701080	ptm-observation:f4b466c277a463daef2366cf332a10e4126661d3522f77770e0a38dc74bb1459
UniProtKB:P0A9C3	proteintraitsmech:B22	OK	0.017341040462427744	1	433175aa591455b5ec2cbfbd1c5185b12dc44fee74ce94af53a9406b11701080	ptm-observation:9b2633259da3237e0ded5ef9be2d84f03a5ed0f21e864539bd79e49d280cbf91
UniProtKB:P0A9M0	proteintraitsmech:B01	OK	-8.17175147139726	e	1984e09f8e955d3b8cb722388efd283e247916aee999fa1a86a7d70680c9fe0d	ptm-observation:376523ea5628db044bbdd250528f1507250b5a460a793d69b968cd33968c1313
UniProtKB:P0A9M0	proteintraitsmech:B02	OK	6.012224972248077	pH	1984e09f8e955d3b8cb722388efd283e247916aee999fa1a86a7d70680c9fe0d	ptm-observation:189e3cd6ef268adcd43b525aaeeef2d4ee35bdbc0c7d995d8ffe941f95774c80
UniProtKB:P0A9M0	proteintraitsmech:B03	OK	0.14030612244897958	1	1984e09f8e955d3b8cb722388efd283e247916aee999fa1a86a7d70680c9fe0d	ptm-observation:3cbeeda1ecd9922fc6803c79299be1a36332ed9df709d509e108136c6db08e8b
UniProtKB:P0A9M0	proteintraitsmech:B04	OK	0.15178571428571427	1	1984e09f8e955d3b8cb722388efd283e247916aee999fa1a86a7d70680c9fe0d	ptm-observation:95d23f6b6879e2664c1b48c89c83a885837b8bc8bdd814c43e3d31c9130c5438
UniProtKB:P0A9M0	proteintraitsmech:B05	OK	0.29209183673469385	1	1984e09f8e955d3b8cb722388efd283e247916aee999fa1a86a7d70680c9fe0d	ptm-observation:61b29c4adac80f33c68ba6ee928bdf6b75f229af6182364307eeab8e9b2934cb
UniProtKB:P0A9M0	proteintraitsmech:B06	OK	-0.4118332616180934	1	1984e09f8e955d3b8cb722388efd283e247916aee999fa1a86a7d70680c9fe0d	ptm-observation:f0796523e0ee30ddb39d08b4c4b1c92938ed2928c0a9ed7a44a2a795fa9d6bd1
UniProtKB:P0A9M0	proteintraitsmech:B08	OK	-0.3123724489795918	1	1984e09f8e955d3b8cb722388efd283e247916aee999fa1a86a7d70680c9fe0d	ptm-observation:3ad6714dcfdd2c65f5610a82f4dceb70e7a2c28790a79a33de2b3bca5b729c16
UniProtKB:P0A9M0	proteintraitsmech:B09	OK		1	1984e09f8e955d3b8cb722388efd283e247916aee999fa1a86a7d70680c9fe0d	ptm-observation:26c4e679cc0ad3656b5895ccdc7c9dc4c96b06fbd3362c3b29bc6f84a6754df5
UniProtKB:P0A9M0	proteintraitsmech:B10	OK		1	1984e09f8e955d3b8cb722388efd283e247916aee999fa1a86a7d70680c9fe0d	ptm-observation:06fb83491f777e42350c80593ec378128f09bd692424ae1001bf4f169ba44dfc
UniProtKB:P0A9M0	proteintraitsmech:B13	OK		1	1984e09f8e955d3b8cb722388efd283e247916aee999fa1a86a7d70680c9fe0d	ptm-observation:367568894e34f462d2a38fc90dc788602db13606d940b7932c53fec7b527bd98
UniProtKB:P0A9M0	proteintraitsmech:B16	OK	4.065183870803828	bit	1984e09f8e955d3b8cb722388efd283e247916aee999fa1a86a7d70680c9fe0d	ptm-observation:b391a0a354cad3947eddb6da1a8598adf2329dd37c98ade01fe74d5e06913d39
UniProtKB:P0A9M0	proteintraitsmech:B22	OK	0.006377551020408163	1	1984e09f8e955d3b8cb722388efd283e247916aee999fa1a86a7d70680c9fe0d	ptm-observation:2647676e1921b1671a4e9fcef1ea0b26afd4d5717fcbdbad5fa2f4307de9d877
UniProtKB:P0AAM3	proteintraitsmech:B01	OK	-9.418261476800241	e	6c012c70112408855c9e41f30ce6a74e1ea927d2e84f11477af3fef780a53b2e	ptm-observation:c4bd975f2efee75f8e885408c8936b4adc441aa77d1c86c89d21794a827e95ee
UniProtKB:P0AAM3	proteintraitsmech:B02	OK	4.169283926486969	pH	6c012c70112408855c9e41f30ce6a74e1ea927d2e84f11477af3fef780a53b2e	ptm-observation:7dcecd81fff9b1d1924749008def09da829507ac9565e54b044411401884eb05
UniProtKB:P0AAM3	proteintraitsmech:B03	OK	0.06666666666666667	1	6c012c70112408855c9e41f30ce6a74e1ea927d2e84f11477af3fef780a53b2e	ptm-observation:ed3b06a8e6bff6b3a363844b73c424c3589084df1024b754a70b43d0c7f3c5f3
UniProtKB:P0AAM3	proteintraitsmech:B04	OK	0.16666666666666666	1	6c012c70112408855c9e41f30ce6a74e1ea927d2e84f11477af3fef780a53b2e	ptm-observation:9980d3b9b46e248f942f19a938556535ee6e7f090cd60f631ce44bf1e98af1de
UniProtKB:P0AAM3	proteintraitsmech:B05	OK	0.23333333333333334	1	6c012c70112408855c9e41f30ce6a74e1ea927d2e84f11477af3fef780a53b2e	ptm-observation:4e1fd8826b920db27634820955500166697d1d2c9ffe44792346b9a891b2ba63
UniProtKB:P0AAM3	proteintraitsmech:B06	OK	1.627832065551749	1	6c012c70112408855c9e41f30ce6a74e1ea927d2e84f11477af3fef780a53b2e	ptm-observation:1c643c6f2d635e2e1108618da77b541c682f91c7e677080f357e5b70aaad4501
UniProtKB:P0AAM3	proteintraitsmech:B08	OK	-0.023333333333333334	1	6c012c70112408855c9e41f30ce6a74e1ea927d2e84f11477af3fef780a53b2e	ptm-observation:78e7b4bfd4287138d814724a9665445b024ca9c28a0116d1b9ced3c05ca235f1
UniProtKB:P0AAM3	proteintraitsmech:B09	OK		1	6c012c70112408855c9e41f30ce6a74e1ea927d2e84f11477af3fef780a53b2e	ptm-observation:830df37f1505f439e260e35863256e676f90f2a46ad1fd0bf135051e968247b0
UniProtKB:P0AAM3	proteintraitsmech:B10	OK		1	6c012c70112408855c9e41f30ce6a74e1ea927d2e84f11477af3fef780a53b2e	ptm-observation:26d0545160b616a3c05fddfb19594ae4d5e5c617ffb99cf8e510bc46c7fec81d
UniProtKB:P0AAM3	proteintraitsmech:B13	OK		1	6c012c70112408855c9e41f30ce6a74e1ea927d2e84f11477af3fef780a53b2e	ptm-observation:62e2fee5eee216c1ef7d82e448b0bef954869a595cbbef63e9fd95048bdd73f4
UniProtKB:P0AAM3	proteintraitsmech:B16	OK	4.007651363874308	bit	6c012c70112408855c9e41f30ce6a74e1ea927d2e84f11477af3fef780a53b2e	ptm-observation:22ca012489301fb97f1d9fa8c048e061d84fdf645d90a393fe426663d3e0ef56
UniProtKB:P0AAM3	proteintraitsmech:B22	OK	0.0	1	6c012c70112408855c9e41f30ce6a74e1ea927d2e84f11477af3fef780a53b2e	ptm-observation:a2a300f0659d28f6dbf8dc1c5f11452c199aa94c18de502d3954e0e610c60559
UniProtKB:P0ABD8	proteintraitsmech:B01	OK	-9.373793185781807	e	ec64b1fae668cecf3d3f8c0737c990a9152e06a334a351bcd807df0d1d69808e	ptm-observation:3ffb4baa3b11d3a9cab1cbba1c623a6ffa528372d0934889c264f9215ab6813c
UniProtKB:P0ABD8	proteintraitsmech:B02	OK	4.657516896724701	pH	ec64b1fae668cecf3d3f8c0737c990a9152e06a334a351bcd807df0d1d69808e	ptm-observation:242e28d341cc8f31a6ae2edf34e7db72311d880c3052fe4757010fc31cd02036
UniProtKB:P0ABD8	proteintraitsmech:B03	OK	0.08333333333333333	1	ec64b1fae668cecf3d3f8c0737c990a9152e06a334a351bcd807df0d1d69808e	ptm-observation:4c2a8943a4b6027fb30fe8024ef3f147f05b08fc89f4d42791f7294b6b8220eb
UniProtKB:P0ABD8	proteintraitsmech:B04	OK	0.14102564102564102	1	ec64b1fae668cecf3d3f8c0737c990a9152e06a334a351bcd807df0d1d69808e	ptm-observation:705a4162f0facf7d62c08d44716931c29ac61340bf0045f9f8285b165a3e7a76
UniProtKB:P0ABD8	proteintraitsmech:B05	OK	0.22435897435897437	1	ec64b1fae668cecf3d3f8c0737c990a9152e06a334a351bcd807df0d1d69808e	ptm-observation:bac15bc0b5477d389101f439f85a4cab4d335b3ac025fd64c17722740fccd503
UniProtKB:P0ABD8	proteintraitsmech:B06	OK	1.3613077282049058	1	ec64b1fae668cecf3d3f8c0737c990a9152e06a334a351bcd807df0d1d69808e	ptm-observation:38f5d5a5263cd562b11f7caec03fd397809439e1ee298837c10f134ff93965ed
UniProtKB:P0ABD8	proteintraitsmech:B08	OK	0.010256410256410256	1	ec64b1fae668cecf3d3f8c0737c990a9152e06a334a351bcd807df0d1d69808e	ptm-observation:ba004e29de0ae7fca405d9eb8500b4b9ad4bd0b53944ccfacd6aef64744013b1
UniProtKB:P0ABD8	proteintraitsmech:B09	OK		1	ec64b1fae668cecf3d3f8c0737c990a9152e06a334a351bcd807df0d1d69808e	ptm-observation:6c4a5ef52c1d589740ec9889b12d715fde84786894490d6066e199868f5a60d5
UniProtKB:P0ABD8	proteintraitsmech:B10	OK		1	ec64b1fae668cecf3d3f8c0737c990a9152e06a334a351bcd807df0d1d69808e	ptm-observation:4a2736876ef560abbd8833ce78e3dbd6c4cef15eaaa93f32c17fdfe4457b5dbb
UniProtKB:P0ABD8	proteintraitsmech:B13	OK		1	ec64b1fae668cecf3d3f8c0737c990a9152e06a334a351bcd807df0d1d69808e	ptm-observation:8f7bd18ac175c35039ea2723b702ecc4f50928422e3c0b86b633db31b811294e
UniProtKB:P0ABD8	proteintraitsmech:B16	OK	3.918845906446598	bit	ec64b1fae668cecf3d3f8c0737c990a9152e06a334a351bcd807df0d1d69808e	ptm-observation:f5f9e677927374dbf065a7b322d17c50e3e9d8130ac82c5a0243e69e620039a2
UniProtKB:P0ABD8	proteintraitsmech:B22	OK	0.40384615384615385	1	ec64b1fae668cecf3d3f8c0737c990a9152e06a334a351bcd807df0d1d69808e	ptm-observation:bd3d380ecfef5c6728ece56c4d14a18e4914529de42d644f9cbff0e01d3ea145
UniProtKB:P0ABF6	proteintraitsmech:B01	OK	-8.728084644914363	e	9d23d20894fb5ed8711c6f35c229e12723aaf0ad81362437979c5ea03879acc4	ptm-observation:287140f8b5c0a2f34918364dc52082ab183d3f082c0ee083b23d966cbacebf1f
UniProtKB:P0ABF6	proteintraitsmech:B02	OK	5.419486939907074	pH	9d23d20894fb5ed8711c6f35c229e12723aaf0ad81362437979c5ea03879acc4	ptm-observation:e42ffc5f668f34e21fa8790a4969220926cc527912594c695574006ffaa28736
UniProtKB:P0ABF6	proteintraitsmech:B03	OK	0.07142857142857142	1	9d23d20894fb5ed8711c6f35c229e12723aaf0ad81362437979c5ea03879acc4	ptm-observation:06f17eebb3df3343f3af79fc866b403f51526023a9086b357231ce9baad050e9
UniProtKB:P0ABF6	proteintraitsmech:B04	OK	0.10204081632653061	1	9d23d20894fb5ed8711c6f35c229e12723aaf0ad81362437979c5ea03879acc4	ptm-observation:eaf463b4b26de991528d7d1fed90e26cf0d7127e0f8f01f0d52b7440f36ceda6
UniProtKB:P0ABF6	proteintraitsmech:B05	OK	0.17346938775510204	1	9d23d20894fb5ed8711c6f35c229e12723aaf0ad81362437979c5ea03879acc4	ptm-observation:24d55bd2f00d678d3a9717a48afc9081ae1e6d663400ef4a5e29980c45874ca8
UniProtKB:P0ABF6	proteintraitsmech:B06	OK	0.9133219287943266	1	9d23d20894fb5ed8711c6f35c229e12723aaf0ad81362437979c5ea03879acc4	ptm-observation:786c50adfa405e9fecdcae711e5f0841835188fb0b46db9bebf727555fdbff08
UniProtKB:P0ABF6	proteintraitsmech:B08	OK	0.001020408163265275	1	9d23d20894fb5ed8711c6f35c229e12723aaf0ad81362437979c5ea03879acc4	ptm-observation:e0b2c4383391a508a98885ee48e5c59959a3760a89dd724de0699cb8bf0dae5a
UniProtKB:P0ABF6	proteintraitsmech:B09	OK		1	9d23d20894fb5ed8711c6f35c229e12723aaf0ad81362437979c5ea03879acc4	ptm-observation:3a3f7a1a015df18f69b0233b9eaad88ef6eb61ee7737407ebe6c7c5473decd96
UniProtKB:P0ABF6	proteintraitsmech:B10	OK		1	9d23d20894fb5ed8711c6f35c229e12723aaf0ad81362437979c5ea03879acc4	ptm-observation:8a69eb996d453502be44dc7968fb0f6f92e6942e99194b76b9fb22f6a70c7f98
UniProtKB:P0ABF6	proteintraitsmech:B13	OK		1	9d23d20894fb5ed8711c6f35c229e12723aaf0ad81362437979c5ea03879acc4	ptm-observation:05b66b84c83eb5492da16881596c0637e72da296f756cbbe9521bd9d0e59a393
UniProtKB:P0ABF6	proteintraitsmech:B16	OK	4.0304001992376906	bit	9d23d20894fb5ed8711c6f35c229e12723aaf0ad81362437979c5ea03879acc4	ptm-observation:1863165aa16995adef83c3dbfc3ef6dd300d3fdb0af134fa6ce35a1bf42b2f6f
UniProtKB:P0ABF6	proteintraitsmech:B22	OK	0.0	1	9d23d20894fb5ed8711c6f35c229e12723aaf0ad81362437979c5ea03879acc4	ptm-observation:2722d54ff7f02c8fe389db9137858c0f80c1d0ec175d3d86eee52f98b0c2b455
UniProtKB:P0AC05	proteintraitsmech:B01	OK	0.5193611799352315	e	05f232a83ec2533f1975f18058ad94c674e5be1bf149a049028aba812fa01374	ptm-observation:8f3cac493c2855d48dba61ee23b36ec73da33c11e23d51aceceebbd751a920dc
UniProtKB:P0AC05	proteintraitsmech:B02	OK	8.00931841135025	pH	05f232a83ec2533f1975f18058ad94c674e5be1bf149a049028aba812fa01374	ptm-observation:5e2afd7ba959e899b9e20e425b7f0466a9ad32256b2fabd22ae35b1b33938956
UniProtKB:P0AC05	proteintraitsmech:B03	OK	0.05714285714285714	1	05f232a83ec2533f1975f18058ad94c674e5be1bf149a049028aba812fa01374	ptm-observation:9cfe5c779f9f0e429d60073d73c07380fea972c9b261bc44832ec0a49890af2c
UniProtKB:P0AC05	proteintraitsmech:B04	OK	0.053061224489795916	1	05f232a83ec2533f1975f18058ad94c674e5be1bf149a049028aba812fa01374	ptm-observation:b62318b5c646c404c356985c18a75a8b75cbb5daea902a64a1ccd7f59f1429b3
UniProtKB:P0AC05	proteintraitsmech:B05	OK	0.11020408163265306	1	05f232a83ec2533f1975f18058ad94c674e5be1bf149a049028aba812fa01374	ptm-observation:be0c4963ed18ce6eafff63dff98d556ca406c1937fe5b37d48413e1c335f22bd
UniProtKB:P0AC05	proteintraitsmech:B06	OK	-0.3107893896215972	1	05f232a83ec2533f1975f18058ad94c674e5be1bf149a049028aba812fa01374	ptm-observation:8708a95822f8c7aeb45e7c31a928752629f37aa99a000c31fa868354327a01ed
UniProtKB:P0AC05	proteintraitsmech:B08	OK	0.8012244897959183	1	05f232a83ec2533f1975f18058ad94c674e5be1bf149a049028aba812fa01374	ptm-observation:1ae048dcd515117c72c85ff25a61589e5d6a1ef99b6740aa700859da6c0e04fb
UniProtKB:P0AC05	proteintraitsmech:B09	OK		1	05f232a83ec2533f1975f18058ad94c674e5be1bf149a049028aba812fa01374	ptm-observation:45ade48235b27ed8d6420c11a8f59d611dc9e7eefae99bb4627949d0c92f79bc
UniProtKB:P0AC05	proteintraitsmech:B10	OK		1	05f232a83ec2533f1975f18058ad94c674e5be1bf149a049028aba812fa01374	ptm-observation:dce4296fe540386187be2645db3c847dee1f5dc3338e4046a147fc1f60fe1fa4
UniProtKB:P0AC05	proteintraitsmech:B13	OK		1	05f232a83ec2533f1975f18058ad94c674e5be1bf149a049028aba812fa01374	ptm-observation:ee863e1843392988f504cbb1284c59fcdf3f4fb951f25dbfa3b345d6e9af1ef7
UniProtKB:P0AC05	proteintraitsmech:B16	OK	3.868696716348785	bit	05f232a83ec2533f1975f18058ad94c674e5be1bf149a049028aba812fa01374	ptm-observation:6df0397a1806ba8a5bc4953cd2f86ca8f3f417388ec2a8b1832ca575cc1f7aae
UniProtKB:P0AC05	proteintraitsmech:B22	OK	0.04897959183673469	1	05f232a83ec2533f1975f18058ad94c674e5be1bf149a049028aba812fa01374	ptm-observation:9f41aa85fb04381b248a73604dff9c33909eaebea790ca6b7e8ed9c5690c970c
UniProtKB:P0AC81	proteintraitsmech:B01	OK	-6.304060147128659	e	c8203a05674787d2d3ccc56547eb40307268bd00a275bfa57422ff89152b0086	ptm-observation:9a2d71e7a89f9fe0188f51b696de7fb890fe528ab45cb836c7ec20311a4d58d5
UniProtKB:P0AC81	proteintraitsmech:B02	OK	4.9505985379219055	pH	c8203a05674787d2d3ccc56547eb40307268bd00a275bfa57422ff89152b0086	ptm-observation:413648bb812f8d8e54b27bf1ba96bc0a1c7d72f39bc7f41f535ac7e1e64d7f96
UniProtKB:P0AC81	proteintraitsmech:B03	OK	0.1111111111111111	1	c8203a05674787d2d3ccc56547eb40307268bd00a275bfa57422ff89152b0086	ptm-observation:e8c69f4cd96e80278b3ff9682c773461d23de23299701d535d1eb1ae296a6952
UniProtKB:P0AC81	proteintraitsmech:B04	OK	0.15555555555555556	1	c8203a05674787d2d3ccc56547eb40307268bd00a275bfa57422ff89152b0086	ptm-observation:3a6dad9d6ec2e7c271b2469c7ee4d7568429e3734cf8c849453f2794971ab63e
UniProtKB:P0AC81	proteintraitsmech:B05	OK	0.26666666666666666	1	c8203a05674787d2d3ccc56547eb40307268bd00a275bfa57422ff89152b0086	ptm-observation:b79c121cb50904a342f3c08dbb8fd5dfb1d0e51ae6de9cc24402043a4d3e2be3
UniProtKB:P0AC81	proteintraitsmech:B06	OK	-0.19794181518442125	1	c8203a05674787d2d3ccc56547eb40307268bd00a275bfa57422ff89152b0086	ptm-observation:2ea5cfcfb022a2c73d2144c53dc6d7a630ce49de5448c2b9d66a4a77cde2f9bf
UniProtKB:P0AC81	proteintraitsmech:B08	OK	-0.34592592592592597	1	c8203a05674787d2d3ccc56547eb40307268bd00a275bfa57422ff89152b0086	ptm-observation:c658a9cc1e4a6bf39c6f4737ab59f9808e59437b1b25b103497c0bcc433bcd2c
UniProtKB:P0AC81	proteintraitsmech:B09	OK		1	c8203a05674787d2d3ccc56547eb40307268bd00a275bfa57422ff89152b0086	ptm-observation:880cbd28805adcb4da80908d2e58a7b5513f9a46eea2546676c0f1fa43764944
UniProtKB:P0AC81	proteintraitsmech:B10	OK		1	c8203a05674787d2d3ccc56547eb40307268bd00a275bfa57422ff89152b0086	ptm-observation:183f78575bed40a953e7dca6c7ad3afed4c9d94c8d517c4e59d1096efd77dc03
UniProtKB:P0AC81	proteintraitsmech:B13	OK		1	c8203a05674787d2d3ccc56547eb40307268bd00a275bfa57422ff89152b0086	ptm-observation:5cf3fc4bc68fd5839746c4fa3bb8e3df35961731f5a52624aff08e5144698108
UniProtKB:P0AC81	proteintraitsmech:B16	OK	4.022366889441703	bit	c8203a05674787d2d3ccc56547eb40307268bd00a275bfa57422ff89152b0086	ptm-observation:606c4236daef62611b889af9d08575297f9a92871a81ff3d06d0aa095bec1a54
UniProtKB:P0AC81	proteintraitsmech:B22	OK	0.0	1	c8203a05674787d2d3ccc56547eb40307268bd00a275bfa57422ff89152b0086	ptm-observation:d3477724ebfc3e0ac8166d9fa75e029f775ac12565e7c11a2d04cb042e216cf8
UniProtKB:P0AC98	proteintraitsmech:B01	OK	0.7544506211896133	e	19483de1b483ba3667f074970d7ad725dbdc0e2338a2220744ed03ad3f909f7e	ptm-observation:fcdfa0cef97f73f494cd95f6367884dce6f95558c665837e45ea7be4e1b351a2
UniProtKB:P0AC98	proteintraitsmech:B02	OK	7.883183181285858	pH	19483de1b483ba3667f074970d7ad725dbdc0e2338a2220744ed03ad3f909f7e	ptm-observation:728302c03890a53f6482c8bcb92e49bf5f06eae14306eb670b12a1e9d4bb7616
UniProtKB:P0AC98	proteintraitsmech:B03	OK	0.03723404255319149	1	19483de1b483ba3667f074970d7ad725dbdc0e2338a2220744ed03ad3f909f7e	ptm-observation:8d10fb70cc7f7a7cd2e0c770522ec4cb3bc8027c0d01918945754df15879d6fe
UniProtKB:P0AC98	proteintraitsmech:B04	OK	0.031914893617021274	1	19483de1b483ba3667f074970d7ad725dbdc0e2338a2220744ed03ad3f909f7e	ptm-observation:3a0ba9adafb817a60a67b8a7e362242cadf6dde5ff2cc64fde2210d2c574deea
UniProtKB:P0AC98	proteintraitsmech:B05	OK	0.06914893617021277	1	19483de1b483ba3667f074970d7ad725dbdc0e2338a2220744ed03ad3f909f7e	ptm-observation:c745f720a52e6039680d063f205e110f06ab5222c0997c3a44773b634cfba2ad
UniProtKB:P0AC98	proteintraitsmech:B06	OK	-0.20993995948787425	1	19483de1b483ba3667f074970d7ad725dbdc0e2338a2220744ed03ad3f909f7e	ptm-observation:9d99bfba29475299133a9788a8df2334142d2636bf3d574e0ef0f01bfe7850c3
UniProtKB:P0AC98	proteintraitsmech:B08	OK	0.9521276595744681	1	19483de1b483ba3667f074970d7ad725dbdc0e2338a2220744ed03ad3f909f7e	ptm-observation:9079179104dacd7fe237c971a1d918098ffc42a4d672a894635307a8e9a18ba0
UniProtKB:P0AC98	proteintraitsmech:B09	OK		1	19483de1b483ba3667f074970d7ad725dbdc0e2338a2220744ed03ad3f909f7e	ptm-observation:2f2cdaee9c6ad79e83bc24a29c2b5411c134e9e46988f1338e5abd7311e9b13e
UniProtKB:P0AC98	proteintraitsmech:B10	OK		1	19483de1b483ba3667f074970d7ad725dbdc0e2338a2220744ed03ad3f909f7e	ptm-observation:3ec7301f60bf97d96f4cf8b41fe12184d2aab8853209957e1d5ccd4435e1a8cf
UniProtKB:P0AC98	proteintraitsmech:B13	OK		1	19483de1b483ba3667f074970d7ad725dbdc0e2338a2220744ed03ad3f909f7e	ptm-observation:176ba983e76274a3bcbc9fb466691f6c8ccf9b9a34791c0a27be219bcac4bba5
UniProtKB:P0AC98	proteintraitsmech:B16	OK	3.8224570699796243	bit	19483de1b483ba3667f074970d7ad725dbdc0e2338a2220744ed03ad3f909f7e	ptm-observation:35ce4e369453c000ece896efb2e8b876373cbdc8a21e958bf04c22850c386cbd
UniProtKB:P0AC98	proteintraitsmech:B22	OK	0.02127659574468085	1	19483de1b483ba3667f074970d7ad725dbdc0e2338a2220744ed03ad3f909f7e	ptm-observation:7b2de4ec8641f035c1ad0f73897ab7fa2762a8dc92d802ca82283b1eab32f2eb
UniProtKB:P0ADA1	proteintraitsmech:B01	OK	-0.13092320623672438	e	cb72cc0acf40ee3a23927e9758baa0f06a8cbdc66c258b2b901d5fb39cf6b9c3	ptm-observation:1f13ced1800b5d0217cbcf73b94b84615563fd922b6934c44598c82a260f44db
UniProtKB:P0ADA1	proteintraitsmech:B02	OK	6.911731541156769	pH	cb72cc0acf40ee3a23927e9758baa0f06a8cbdc66c258b2b901d5fb39cf6b9c3	ptm-observation:eb09557c2ac324d1c94e3c54097150cf620deb1749b54fb188e76ee5b1aa6b9f
UniProtKB:P0ADA1	proteintraitsmech:B03	OK	0.09134615384615384	1	cb72cc0acf40ee3a23927e9758baa0f06a8cbdc66c258b2b901d5fb39cf6b9c3	ptm-observation:6bf4548b327f7ebefdccef97cb8243945fbc738979978d5933779df9ddedd31c
UniProtKB:P0ADA1	proteintraitsmech:B04	OK	0.09134615384615384	1	cb72cc0acf40ee3a23927e9758baa0f06a8cbdc66c258b2b901d5fb39cf6b9c3	ptm-observation:8ff80cc846b4d36b62bd9ca1ef378f51e5faf7e6f8e0edc1d93c451b86b03ff5
UniProtKB:P0ADA1	proteintraitsmech:B05	OK	0.18269230769230768	1	cb72cc0acf40ee3a23927e9758baa0f06a8cbdc66c258b2b901d5fb39cf6b9c3	ptm-observation:ba451ac574b1d2fb7a47f5944db5ea80690949035fb5f73a3f7a0ab211f4d241
UniProtKB:P0ADA1	proteintraitsmech:B06	OK	-0.58022569098263	1	cb72cc0acf40ee3a23927e9758baa0f06a8cbdc66c258b2b901d5fb39cf6b9c3	ptm-observation:0991db9b6102a4982e8ac541e04b460585d1b838dedecaac2821cb543da92f28
UniProtKB:P0ADA1	proteintraitsmech:B08	OK	-0.20144230769230773	1	cb72cc0acf40ee3a23927e9758baa0f06a8cbdc66c258b2b901d5fb39cf6b9c3	ptm-observation:b9190a9ecd00f88b3e995641abb3f31e43b6c446f41292fc84f56cd48948a958
UniProtKB:P0ADA1	proteintraitsmech:B09	OK		1	cb72cc0acf40ee3a23927e9758baa0f06a8cbdc66c258b2b901d5fb39cf6b9c3	ptm-observation:b27768b2e9cee3c318b90f1e3806e7945f1d912c5cee5374e9a16ee0e9291f5c
UniProtKB:P0ADA1	proteintraitsmech:B10	OK		1	cb72cc0acf40ee3a23927e9758baa0f06a8cbdc66c258b2b901d5fb39cf6b9c3	ptm-observation:d71bd3e85a4fd8483af5d162fb7201873327633e69871cb88c8c8cf0172411c5
UniProtKB:P0ADA1	proteintraitsmech:B13	OK		1	cb72cc0acf40ee3a23927e9758baa0f06a8cbdc66c258b2b901d5fb39cf6b9c3	ptm-observation:ba5ee85dbc46513d3dd6d1772d0fe986e0188b573dba8fcfe96069df688c5057
UniProtKB:P0ADA1	proteintraitsmech:B16	OK	4.060845830393376	bit	cb72cc0acf40ee3a23927e9758baa0f06a8cbdc66c258b2b901d5fb39cf6b9c3	ptm-observation:c19afbd28bd4f2917c00c0e6f81384141820421cf221b11f7ae197ba9ce6f10e
UniProtKB:P0ADA1	proteintraitsmech:B22	OK	0.028846153846153848	1	cb72cc0acf40ee3a23927e9758baa0f06a8cbdc66c258b2b901d5fb39cf6b9c3	ptm-observation:496bcdd6d0044aedc541cd9c903f7b064db67bec4c73467264c063029e9fbec4
UniProtKB:P0AEK7	proteintraitsmech:B01	OK	14.358994769430431	e	0a1911354a4507fa30d49ba2e5862cc72ddeabe07507ac111c24c425b695bf1d	ptm-observation:fb91452f06f19436006690f0024ffcb95aae11247d89845d8af4f78da08d0624
UniProtKB:P0AEK7	proteintraitsmech:B02	OK	9.970019161701202	pH	0a1911354a4507fa30d49ba2e5862cc72ddeabe07507ac111c24c425b695bf1d	ptm-observation:6231e14734484f9439a5b4258cab701281e6492b4c5b2ad086ecddde8f05eceb
UniProtKB:P0AEK7	proteintraitsmech:B03	OK	0.12442396313364056	1	0a1911354a4507fa30d49ba2e5862cc72ddeabe07507ac111c24c425b695bf1d	ptm-observation:4718b161dd9e36d315a3150784875665647fd759cbf344179af4a3549ddf89b7
UniProtKB:P0AEK7	proteintraitsmech:B04	OK	0.059907834101382486	1	0a1911354a4507fa30d49ba2e5862cc72ddeabe07507ac111c24c425b695bf1d	ptm-observation:8dc8838a0c7646c59a798cee6d6205736a5fe7bd303f04694bce4c8084a90b80
UniProtKB:P0AEK7	proteintraitsmech:B05	OK	0.18433179723502305	1	0a1911354a4507fa30d49ba2e5862cc72ddeabe07507ac111c24c425b695bf1d	ptm-observation:6c2938fdc9dabf0b2804886a143e486d1daa91fdd50a832c4645180f7ab261f4
UniProtKB:P0AEK7	proteintraitsmech:B06	OK	3.349685489223272	1	0a1911354a4507fa30d49ba2e5862cc72ddeabe07507ac111c24c425b695bf1d	ptm-observation:b05c21403f0a571908fb87ef2708e765ee100e82aed28dd41596c9b311358132
UniProtKB:P0AEK7	proteintraitsmech:B08	OK	0.35944700460829493	1	0a1911354a4507fa30d49ba2e5862cc72ddeabe07507ac111c24c425b695bf1d	ptm-observation:e8dc65a670bb15fe755b970aff86014a4e2e8fba68924e076c86f2c3cef4560d
UniProtKB:P0AEK7	proteintraitsmech:B09	OK		1	0a1911354a4507fa30d49ba2e5862cc72ddeabe07507ac111c24c425b695bf1d	ptm-observation:3fd933a5fa060afe22487d98d09dbb94e767c020be6e5bfce5ee2dac47133f2a
UniProtKB:P0AEK7	proteintraitsmech:B10	OK		1	0a1911354a4507fa30d49ba2e5862cc72ddeabe07507ac111c24c425b695bf1d	ptm-observation:5d1211348eedcc8ea544cfc5726425e04069519c2fa95ed11c08a4b4cd46ff48
UniProtKB:P0AEK7	proteintraitsmech:B13	OK		1	0a1911354a4507fa30d49ba2e5862cc72ddeabe07507ac111c24c425b695bf1d	ptm-observation:34de1ebfc517b476a2f0e678a312141cad01e8fe744a89f76fedc0e1fb166385
UniProtKB:P0AEK7	proteintraitsmech:B16	OK	4.130585235978721	bit	0a1911354a4507fa30d49ba2e5862cc72ddeabe07507ac111c24c425b695bf1d	ptm-observation:4fb11795c596ae8306c34d61c9ecb0843e79d0c3b8552fd1ecdf4da01e06637c
UniProtKB:P0AEK7	proteintraitsmech:B22	OK	0.0	1	0a1911354a4507fa30d49ba2e5862cc72ddeabe07507ac111c24c425b695bf1d	ptm-observation:4ae61d9cf60480f4f3d88f294729a0cbe51dab1f6c8cc867cbfd02e92c9dfe3e
UniProtKB:P0AES4	proteintraitsmech:B01	OK	-33.9085626823067	e	dc1f995fc9985d8a8ebc2dfd7493a93bbae47b95419b65ae89790192cb5c0c81	ptm-observation:989cce702945527a50723868f972b3b013156e11c66d5c194e06474bcc8869e4
UniProtKB:P0AES4	proteintraitsmech:B02	OK	5.086276710033417	pH	dc1f995fc9985d8a8ebc2dfd7493a93bbae47b95419b65ae89790192cb5c0c81	ptm-observation:8f08741f8cd39a0fbc11483c0bab62f12b84e43e2f1776327eb25cd950f72b23
UniProtKB:P0AES4	proteintraitsmech:B03	OK	0.12457142857142857	1	dc1f995fc9985d8a8ebc2dfd7493a93bbae47b95419b65ae89790192cb5c0c81	ptm-observation:a66027606977c66ff427c6046ef92781baac18b9bcadb4291b4d49129306953f
UniProtKB:P0AES4	proteintraitsmech:B04	OK	0.16457142857142856	1	dc1f995fc9985d8a8ebc2dfd7493a93bbae47b95419b65ae89790192cb5c0c81	ptm-observation:daa3e8af68f6dbd168ae2ed6eab527743811021014ce75bb3b01f2cf1a1ee73b
UniProtKB:P0AES4	proteintraitsmech:B05	OK	0.28914285714285715	1	dc1f995fc9985d8a8ebc2dfd7493a93bbae47b95419b65ae89790192cb5c0c81	ptm-observation:8241858adae8b6a995abea7ed7a5af3828b7fe9ecbba4b86aed462e12c206601
UniProtKB:P0AES4	proteintraitsmech:B06	OK	9.631642966724108	1	dc1f995fc9985d8a8ebc2dfd7493a93bbae47b95419b65ae89790192cb5c0c81	ptm-observation:5bc5d73c5b6473d7aaa5e50a1887d2c32992a85481c66c744eb51ed476d3c8ac
UniProtKB:P0AES4	proteintraitsmech:B08	OK	-0.23988571428571429	1	dc1f995fc9985d8a8ebc2dfd7493a93bbae47b95419b65ae89790192cb5c0c81	ptm-observation:d2e9c2dc8903c2b4dfe1283517b76c54fff64896243e4897979904a679548f50
UniProtKB:P0AES4	proteintraitsmech:B09	OK		1	dc1f995fc9985d8a8ebc2dfd7493a93bbae47b95419b65ae89790192cb5c0c81	ptm-observation:66c100d979678626a32e9a8c006a7cb60bcd72e3c9871de822e94abceb52373c
UniProtKB:P0AES4	proteintraitsmech:B10	OK		1	dc1f995fc9985d8a8ebc2dfd7493a93bbae47b95419b65ae89790192cb5c0c81	ptm-observation:f3ba5b9de96a566e2d924506e56a0eb93f514e09d7e5a76eb7c6423852840b61
UniProtKB:P0AES4	proteintraitsmech:B13	OK		1	dc1f995fc9985d8a8ebc2dfd7493a93bbae47b95419b65ae89790192cb5c0c81	ptm-observation:f1a6e1de15d05edb40e8f65e6c81c134ad30baf15f4dda19d77eb4328c48a442
UniProtKB:P0AES4	proteintraitsmech:B16	OK	4.033418165041204	bit	dc1f995fc9985d8a8ebc2dfd7493a93bbae47b95419b65ae89790192cb5c0c81	ptm-observation:f46b866779199f74cf19de11d1791fae46698f3e612256151968c15a76aa6b45
UniProtKB:P0AES4	proteintraitsmech:B22	OK	0.04114285714285714	1	dc1f995fc9985d8a8ebc2dfd7493a93bbae47b95419b65ae89790192cb5c0c81	ptm-observation:b71dac4047e97306d531c2825ea7f43179594a62dab0195ff926236551086bb9
UniProtKB:P0AFG8	proteintraitsmech:B01	OK	-24.386622639237515	e	bf43e86a2f3fadbc4bd9c8e6ef28ff919bc8a948b04269fd535a6b1b3a0b06fb	ptm-observation:9776338dc58a9e4b2b6b3f01e0da2c0ee2e0b8e63048e617b876b21f1b4e5fd9
UniProtKB:P0AFG8	proteintraitsmech:B02	OK	5.456793367862701	pH	bf43e86a2f3fadbc4bd9c8e6ef28ff919bc8a948b04269fd535a6b1b3a0b06fb	ptm-observation:c7660bdefb862fc05527c85726d0de9f4fe639b2537c23094765ee6453a47c6c
UniProtKB:P0AFG8	proteintraitsmech:B03	OK	0.10935738444193913	1	bf43e86a2f3fadbc4bd9c8e6ef28ff919bc8a948b04269fd535a6b1b3a0b06fb	ptm-observation:1c5f39e2d2166cf7fe9e593b73e892be5416b1483965a4ba83b51babb1f6fdec
UniProtKB:P0AFG8	proteintraitsmech:B04	OK	0.1386696730552424	1	bf43e86a2f3fadbc4bd9c8e6ef28ff919bc8a948b04269fd535a6b1b3a0b06fb	ptm-observation:61bf9b391836fe80ebdf66e303d5eb73f741aa954ec7426d16e241be2d1eba9f
UniProtKB:P0AFG8	proteintraitsmech:B05	OK	0.2480270574971815	1	bf43e86a2f3fadbc4bd9c8e6ef28ff919bc8a948b04269fd535a6b1b3a0b06fb	ptm-observation:e87a93f55fb736d5da963b6f3b9697a2fe9d67c43165075d0494f655a0757896
UniProtKB:P0AFG8	proteintraitsmech:B06	OK	5.662689964084061	1	bf43e86a2f3fadbc4bd9c8e6ef28ff919bc8a948b04269fd535a6b1b3a0b06fb	ptm-observation:893a9b30ec06a5f1aaa8f8ab255082a9b4be0ebd0accbc25aee59ebd053eee92
UniProtKB:P0AFG8	proteintraitsmech:B08	OK	-0.4368658399098083	1	bf43e86a2f3fadbc4bd9c8e6ef28ff919bc8a948b04269fd535a6b1b3a0b06fb	ptm-observation:03eaa70160eba8727be7985897eaa44f354b7e310089084387cf309580199977
UniProtKB:P0AFG8	proteintraitsmech:B09	OK		1	bf43e86a2f3fadbc4bd9c8e6ef28ff919bc8a948b04269fd535a6b1b3a0b06fb	ptm-observation:2bf426ec0e50a301dde266dbdf96df38997c671c2ef3f3db9ff2e7d4738f52b2
UniProtKB:P0AFG8	proteintraitsmech:B10	OK		1	bf43e86a2f3fadbc4bd9c8e6ef28ff919bc8a948b04269fd535a6b1b3a0b06fb	ptm-observation:93b9c011b6e105f394bf67b7f1922018967f164e00dafa460bbaf7129d9e6fe9
UniProtKB:P0AFG8	proteintraitsmech:B13	OK		1	bf43e86a2f3fadbc4bd9c8e6ef28ff919bc8a948b04269fd535a6b1b3a0b06fb	ptm-observation:69bb3c2fa0a7a820a003f764cc74b36f7ff1c663477cc8cf592e30fc32ebcf60
UniProtKB:P0AFG8	proteintraitsmech:B16	OK	4.167678329704379	bit	bf43e86a2f3fadbc4bd9c8e6ef28ff919bc8a948b04269fd535a6b1b3a0b06fb	ptm-observation:f627a9e1feee2ed336859d1c89ff73fcaab8877c3a05bf780904a2e331cd70b0
UniProtKB:P0AFG8	proteintraitsmech:B22	OK	0.005636978579481398	1	bf43e86a2f3fadbc4bd9c8e6ef28ff919bc8a948b04269fd535a6b1b3a0b06fb	ptm-observation:af8057ae9095586db1e84c0e3c9c86080c7d9e28e578b5594598678366d0ed2f
UniProtKB:P0AG07	proteintraitsmech:B01	OK	-8.946015609742478	e	9a63df5d2e64de45ba8c40e5353dbea31541ae1dc2a8d9732279c4a7fca0325e	ptm-observation:1a8cf49c1bdfba6ea7650e72e378593f4969236688268ea3156d81c1ff4d95c2
UniProtKB:P0AG07	proteintraitsmech:B02	OK	5.127162992954254	pH	9a63df5d2e64de45ba8c40e5353dbea31541ae1dc2a8d9732279c4a7fca0325e	ptm-observation:e99b6acde893a77e68a4bdfb302480fdb34e3fd7989ceb79b99bb4688e10f3d3
UniProtKB:P0AG07	proteintraitsmech:B03	OK	0.09777777777777778	1	9a63df5d2e64de45ba8c40e5353dbea31541ae1dc2a8d9732279c4a7fca0325e	ptm-observation:7069d5672face343f0c75c8a86e3265d24df8afe52b46c5c27bb310379e0130a
UniProtKB:P0AG07	proteintraitsmech:B04	OK	0.13777777777777778	1	9a63df5d2e64de45ba8c40e5353dbea31541ae1dc2a8d9732279c4a7fca0325e	ptm-observation:4c43a21a148b4010851fa164243f622c4889203fd7e5217d3400b478f6832b05
UniProtKB:P0AG07	proteintraitsmech:B05	OK	0.23555555555555555	1	9a63df5d2e64de45ba8c40e5353dbea31541ae1dc2a8d9732279c4a7fca0325e	ptm-observation:a0cd0cfa5ba845764d6dff10b62a786e949edd85fc75af76247828ccc01c2734
UniProtKB:P0AG07	proteintraitsmech:B06	OK	1.1307313546150701	1	9a63df5d2e64de45ba8c40e5353dbea31541ae1dc2a8d9732279c4a7fca0325e	ptm-observation:ccd0a2daa0440870a145cb74aae43b3e089250e6c739a4dfa3d68e9a15b477e8
UniProtKB:P0AG07	proteintraitsmech:B08	OK	0.06622222222222221	1	9a63df5d2e64de45ba8c40e5353dbea31541ae1dc2a8d9732279c4a7fca0325e	ptm-observation:e61f16a9b9702697501bf7a5601bf6b593f4e9664e766a43b69d6407b1c4597a
UniProtKB:P0AG07	proteintraitsmech:B09	OK		1	9a63df5d2e64de45ba8c40e5353dbea31541ae1dc2a8d9732279c4a7fca0325e	ptm-observation:c27fd0ee199b295afa6e74ef49cea80e526a3ef72ca6c7d54cc876821ffd107b
UniProtKB:P0AG07	proteintraitsmech:B10	OK		1	9a63df5d2e64de45ba8c40e5353dbea31541ae1dc2a8d9732279c4a7fca0325e	ptm-observation:3aeddb63311a13d531883dec679ec51c2474f5157ec3e3d10d4a3a9a3cf0c15c
UniProtKB:P0AG07	proteintraitsmech:B13	OK		1	9a63df5d2e64de45ba8c40e5353dbea31541ae1dc2a8d9732279c4a7fca0325e	ptm-observation:0bb245b948736d8ba05b7f3f10acfda4e507690e8c3278e56d64d3c82ad865fa
UniProtKB:P0AG07	proteintraitsmech:B16	OK	4.051664668414244	bit	9a63df5d2e64de45ba8c40e5353dbea31541ae1dc2a8d9732279c4a7fca0325e	ptm-observation:83ce3d4001c65d6b12b540fc75fe580b1033593a485bbd5253446a61b1509f5d
UniProtKB:P0AG07	proteintraitsmech:B22	OK	0.0	1	9a63df5d2e64de45ba8c40e5353dbea31541ae1dc2a8d9732279c4a7fca0325e	ptm-observation:4f0897574836258e8f27e7ede9341a60c2b726053f277f75d33f4e1bb3af5132
UniProtKB:P0CF88	proteintraitsmech:B01	OK	39.65156325353234	e	0fd09847ddd4a353aef19b30191b3939b613b03828695080a6679e0bff2f561e	ptm-observation:5b1ac8338114f7a41b9810c4eaac796e38afe68c20d93a4a584688f0366e96f8
UniProtKB:P0CF88	proteintraitsmech:B02	OK	10.874807059764862	pH	0fd09847ddd4a353aef19b30191b3939b613b03828695080a6679e0bff2f561e	ptm-observation:52b708283a90295712c3331be577f193f768f7312f26fdb715a68ed4cd6e8fe6
UniProtKB:P0CF88	proteintraitsmech:B03	OK	0.195822454308094	1	0fd09847ddd4a353aef19b30191b3939b613b03828695080a6679e0bff2f561e	ptm-observation:85b1799bd4144b557e1063740896a5c82728b3b9289fc65b06d4caca50221dae
UniProtKB:P0CF88	proteintraitsmech:B04	OK	0.09399477806788512	1	0fd09847ddd4a353aef19b30191b3939b613b03828695080a6679e0bff2f561e	ptm-observation:c12c9c042ef64c429b3a273121408c0ea62a58d7ea2cf2a2dcd8f4f016a82cd4
UniProtKB:P0CF88	proteintraitsmech:B05	OK	0.2898172323759791	1	0fd09847ddd4a353aef19b30191b3939b613b03828695080a6679e0bff2f561e	ptm-observation:e4084f0a8b0a8b8e7de285322e06c6f690801ecf79757a4f742455d45bf837b3
UniProtKB:P0CF88	proteintraitsmech:B06	OK	17.861553697327427	1	0fd09847ddd4a353aef19b30191b3939b613b03828695080a6679e0bff2f561e	ptm-observation:4895af013e3eda6f4abeb1f5e918ae999098e4140be7bae77547611d4fdb9f78
UniProtKB:P0CF88	proteintraitsmech:B08	OK	-0.7629242819843342	1	0fd09847ddd4a353aef19b30191b3939b613b03828695080a6679e0bff2f561e	ptm-observation:6453b3f01ecb2673476bc38a7b0e36cb546783ca139713a3f7be887485d93917
UniProtKB:P0CF88	proteintraitsmech:B09	OK		1	0fd09847ddd4a353aef19b30191b3939b613b03828695080a6679e0bff2f561e	ptm-observation:15f9d0ad60e8bcdc97c11b2a8d3fc6630950acc7a9e1a916bea01f9b9012fec7
UniProtKB:P0CF88	proteintraitsmech:B10	OK		1	0fd09847ddd4a353aef19b30191b3939b613b03828695080a6679e0bff2f561e	ptm-observation:2d5c1b0de10b5b229d8dab7cd93623f73af5a939218d040e5498e894e67171fd
UniProtKB:P0CF88	proteintraitsmech:B13	OK		1	0fd09847ddd4a353aef19b30191b3939b613b03828695080a6679e0bff2f561e	ptm-observation:8545e72659236256cf9ad81357c09ee4756ea228e13dc06b2c2844bce7c0de17
UniProtKB:P0CF88	proteintraitsmech:B16	OK	4.0816453224818545	bit	0fd09847ddd4a353aef19b30191b3939b613b03828695080a6679e0bff2f561e	ptm-observation:80bf52a32bec5bd5561a8cc63654faa545cb5e818dd3eac0acbfb38c57ca733b
UniProtKB:P0CF88	proteintraitsmech:B22	OK	0.2819843342036554	1	0fd09847ddd4a353aef19b30191b3939b613b03828695080a6679e0bff2f561e	ptm-observation:9f22ae3e057d783dc8097ab50a79f09ccefd8f88a0aadc7ae95dec4e6d6271aa
UniProtKB:P10168	proteintraitsmech:B01	OK	4.81117635084304	e	a5599365bbc33977ab4bc260a7a0f18a889b2f6011335a543edf1459d88b0da2	ptm-observation:98d42794183e6ccda8a9422d2b20b03e9267759081dba83a79a9baa26d42939b
UniProtKB:P10168	proteintraitsmech:B02	OK	8.88242918252945	pH	a5599365bbc33977ab4bc260a7a0f18a889b2f6011335a543edf1459d88b0da2	ptm-observation:1c66d95fca08574fe26e7dba3aeb30a89e8cfc83691c0842a155af5eacdd521b
UniProtKB:P10168	proteintraitsmech:B03	OK	0.15584415584415584	1	a5599365bbc33977ab4bc260a7a0f18a889b2f6011335a543edf1459d88b0da2	ptm-observation:9c5ea2d87df05dba8b86df6202e3b67f7bbc0cda6c226e3309b497c27fa5c44c
UniProtKB:P10168	proteintraitsmech:B04	OK	0.12337662337662338	1	a5599365bbc33977ab4bc260a7a0f18a889b2f6011335a543edf1459d88b0da2	ptm-observation:6ac6e9fb2e8c2978f1da390b4273bfe4dada3d2e57141833dc1be7d8c61cdb1b
UniProtKB:P10168	proteintraitsmech:B05	OK	0.2792207792207792	1	a5599365bbc33977ab4bc260a7a0f18a889b2f6011335a543edf1459d88b0da2	ptm-observation:cc8d13caa7f40445307340c9bb73efa183887b2afd9f5d51ed5364c408f03dff
UniProtKB:P10168	proteintraitsmech:B06	OK	-0.6310630452223455	1	a5599365bbc33977ab4bc260a7a0f18a889b2f6011335a543edf1459d88b0da2	ptm-observation:29f756cf50daaa832b580ec3140124d588acad905969abd9095638525d34638d
UniProtKB:P10168	proteintraitsmech:B08	OK	-0.35454545454545455	1	a5599365bbc33977ab4bc260a7a0f18a889b2f6011335a543edf1459d88b0da2	ptm-observation:ea745ba9127eba909850d68df770d6f1e0e87612a54ee7ac7454907040704dc6
UniProtKB:P10168	proteintraitsmech:B09	OK		1	a5599365bbc33977ab4bc260a7a0f18a889b2f6011335a543edf1459d88b0da2	ptm-observation:52703c11e2f6acc6bc8587f38a883ac834506b665dccebde670c5a8400145802
UniProtKB:P10168	proteintraitsmech:B10	OK		1	a5599365bbc33977ab4bc260a7a0f18a889b2f6011335a543edf1459d88b0da2	ptm-observation:b02bdbd764b4f7dc639c92c63e9e95526596d675a0ea0f8b4756e64da273241e
UniProtKB:P10168	proteintraitsmech:B13	OK		1	a5599365bbc33977ab4bc260a7a0f18a889b2f6011335a543edf1459d88b0da2	ptm-observation:ec35c5024b282ce05578a1289773209fc6e31ad6f5e804a29e7e2442b3e6a8a8
UniProtKB:P10168	proteintraitsmech:B16	OK	4.100821766717154	bit	a5599365bbc33977ab4bc260a7a0f18a889b2f6011335a543edf1459d88b0da2	ptm-observation:99b489a8e919a99938166bf102c206909b763579f2ce8459f67475b6209d4669
UniProtKB:P10168	proteintraitsmech:B22	OK	0.23376623376623376	1	a5599365bbc33977ab4bc260a7a0f18a889b2f6011335a543edf1459d88b0da2	ptm-observation:f0912372709d1bf47b26163b00d3b538612c6c33e51f54d38d4fe612e37fea4d
UniProtKB:P10746	proteintraitsmech:B01	OK	-6.187093955610402	e	01062407ddcb2c98548de1d956dafa8c5c18aca14ac61c0d36c635e235eb3e73	ptm-observation:18a912eaf0cba5a0935ec155addc08df2fcf207962970c6e343cc4a7704c3fa8
UniProtKB:P10746	proteintraitsmech:B02	OK	5.351295292377472	pH	01062407ddcb2c98548de1d956dafa8c5c18aca14ac61c0d36c635e235eb3e73	ptm-observation:240f51623d737a4dc4fdc5a0a2c45dcb7c40a81b47ba0f7658e1b10cd4b23e4a
UniProtKB:P10746	proteintraitsmech:B03	OK	0.09056603773584905	1	01062407ddcb2c98548de1d956dafa8c5c18aca14ac61c0d36c635e235eb3e73	ptm-observation:1333441b4e78846678260c01cefc9263ca21e7839dbf7317e7a0e35b5be033f4
UniProtKB:P10746	proteintraitsmech:B04	OK	0.11320754716981132	1	01062407ddcb2c98548de1d956dafa8c5c18aca14ac61c0d36c635e235eb3e73	ptm-observation:85a6971c956799a42ac344bff9b1bb7cc7084b5263085c5fe5c92de383755544
UniProtKB:P10746	proteintraitsmech:B05	OK	0.2037735849056604	1	01062407ddcb2c98548de1d956dafa8c5c18aca14ac61c0d36c635e235eb3e73	ptm-observation:27e7b096f12f52f671289a8abee905bb7182715df5f03dc7bce425ffd276c917
UniProtKB:P10746	proteintraitsmech:B06	OK	-0.3746691903508328	1	01062407ddcb2c98548de1d956dafa8c5c18aca14ac61c0d36c635e235eb3e73	ptm-observation:7230fc86da9bd8f21e88f4b775694c55cad0c1bc6668d4f96d7af4964e0ac827
UniProtKB:P10746	proteintraitsmech:B08	OK	-0.11660377358490569	1	01062407ddcb2c98548de1d956dafa8c5c18aca14ac61c0d36c635e235eb3e73	ptm-observation:b683892311552090e917c9acadcd45463705a00cab7cd1af7f132deaf66b85ac
UniProtKB:P10746	proteintraitsmech:B09	OK		1	01062407ddcb2c98548de1d956dafa8c5c18aca14ac61c0d36c635e235eb3e73	ptm-observation:93956eb30a5ab321b780d056f678469cab84ab4ff6431ba4498cf350f856215f
UniProtKB:P10746	proteintraitsmech:B10	OK		1	01062407ddcb2c98548de1d956dafa8c5c18aca14ac61c0d36c635e235eb3e73	ptm-observation:a89a2d57e879ffc829ff4d5c1c0abccf390fa857b69761341ff8aa477f8b6db9
UniProtKB:P10746	proteintraitsmech:B13	OK		1	01062407ddcb2c98548de1d956dafa8c5c18aca14ac61c0d36c635e235eb3e73	ptm-observation:4a19d8ea40d0ee50d8bf06908d1bffb0801f370cdeaa37d4427508fa28f14d4c
UniProtKB:P10746	proteintraitsmech:B16	OK	4.065614960823008	bit	01062407ddcb2c98548de1d956dafa8c5c18aca14ac61c0d36c635e235eb3e73	ptm-observation:c0b8f25af654331d82f0996e01c4e0af36f3b571cc7b2a6d92dd928ae52b3d08
UniProtKB:P10746	proteintraitsmech:B22	OK	0.0	1	01062407ddcb2c98548de1d956dafa8c5c18aca14ac61c0d36c635e235eb3e73	ptm-observation:2d0421e03b42f9ce30480e3a388776be2c18dc5d8ca96800e84c7d79d6e43fc5
UniProtKB:P11586	proteintraitsmech:B01	OK	-0.6441471314228849	e	748e6e336c8e454791e2a2194f2696526ca7e6d3fb0f2f41622807642cd56f85	ptm-observation:d882a702655826a09909fd73a376e33f9913b74a253345ddee6927fb94e49060
UniProtKB:P11586	proteintraitsmech:B02	OK	6.889526426792145	pH	748e6e336c8e454791e2a2194f2696526ca7e6d3fb0f2f41622807642cd56f85	ptm-observation:27a7bb4fc29d50aefd076c8612fe6f2b819d3260561bc0a0e9e3c4f27b89a99f
UniProtKB:P11586	proteintraitsmech:B03	OK	0.11229946524064172	1	748e6e336c8e454791e2a2194f2696526ca7e6d3fb0f2f41622807642cd56f85	ptm-observation:2abb811771fd99fcb37b0a81350c8eba640c419a84dc4d6d183dba7a27525246
UniProtKB:P11586	proteintraitsmech:B04	OK	0.1144385026737968	1	748e6e336c8e454791e2a2194f2696526ca7e6d3fb0f2f41622807642cd56f85	ptm-observation:8c14c7bf241fef231cd373f3eace41fb270fbcffbdc7080ac3c6d2f546c952e2
UniProtKB:P11586	proteintraitsmech:B05	OK	0.2267379679144385	1	748e6e336c8e454791e2a2194f2696526ca7e6d3fb0f2f41622807642cd56f85	ptm-observation:11869f65edb5940ec99b8fb61186c2af8ace8e8cda964f261370f8493878573c
UniProtKB:P11586	proteintraitsmech:B06	OK	-0.7557776237308401	1	748e6e336c8e454791e2a2194f2696526ca7e6d3fb0f2f41622807642cd56f85	ptm-observation:97d7dd257feb598883b18a77362c94d0a312bd6bcfd74e13d7aaa55bc1237332
UniProtKB:P11586	proteintraitsmech:B08	OK	-0.09433155080213905	1	748e6e336c8e454791e2a2194f2696526ca7e6d3fb0f2f41622807642cd56f85	ptm-observation:c668ad6848497197cb5c10bcbb4316407e11ff8a7b3bb917e2a82fa6e454352a
UniProtKB:P11586	proteintraitsmech:B09	OK		1	748e6e336c8e454791e2a2194f2696526ca7e6d3fb0f2f41622807642cd56f85	ptm-observation:0c91a3d33b2333ae27d7721974310a42f525f1e54c8b67b4471a6844d2731663
UniProtKB:P11586	proteintraitsmech:B10	OK		1	748e6e336c8e454791e2a2194f2696526ca7e6d3fb0f2f41622807642cd56f85	ptm-observation:a25f7ec705d7bda36c82d2d3d66dce15b20636c09980329b8d9c34f9638954fb
UniProtKB:P11586	proteintraitsmech:B13	OK		1	748e6e336c8e454791e2a2194f2696526ca7e6d3fb0f2f41622807642cd56f85	ptm-observation:1ef8f3812124b7b6ef5907e13d1b8d73419b60977fc3c9c19230185f92281103
UniProtKB:P11586	proteintraitsmech:B16	OK	4.104639027770892	bit	748e6e336c8e454791e2a2194f2696526ca7e6d3fb0f2f41622807642cd56f85	ptm-observation:ebc15ae3886ebfcc70ef6420a5d06c0a8f908e92c03c58e3eb37c6427c2ab196
UniProtKB:P11586	proteintraitsmech:B22	OK	0.0	1	748e6e336c8e454791e2a2194f2696526ca7e6d3fb0f2f41622807642cd56f85	ptm-observation:93244d0bd48877c5ab6cd90e3bd718bd0a0d4b94d6710f27fd1f4f62738b4911
UniProtKB:P12425	proteintraitsmech:B01	OK	-20.480591121853095	e	f0a5c40ea7bbb04880daf5dbf7b9e27b8bffbcc89db914f609007024179e6629	ptm-observation:564b04c70404a09750ac91e060aa4f73b6a4f6c00b32a69b91c75e981222304c
UniProtKB:P12425	proteintraitsmech:B02	OK	5.052498400211334	pH	f0a5c40ea7bbb04880daf5dbf7b9e27b8bffbcc89db914f609007024179e6629	ptm-observation:75d06442a88b81e652dd847d38c217f9880b647569f13029bb6a33e84f5c9c23
UniProtKB:P12425	proteintraitsmech:B03	OK	0.11036036036036036	1	f0a5c40ea7bbb04880daf5dbf7b9e27b8bffbcc89db914f609007024179e6629	ptm-observation:8f4ee26096bd7c469278fecd353807117cec772108c1c14db66c2c8eed824cc1
UniProtKB:P12425	proteintraitsmech:B04	OK	0.15765765765765766	1	f0a5c40ea7bbb04880daf5dbf7b9e27b8bffbcc89db914f609007024179e6629	ptm-observation:60fcfce417006026f48c5878f5f857bccb6a61d24b773aba0caed61f3b262987
UniProtKB:P12425	proteintraitsmech:B05	OK	0.268018018018018	1	f0a5c40ea7bbb04880daf5dbf7b9e27b8bffbcc89db914f609007024179e6629	ptm-observation:c374de10f9d1f1d2285b9720c28e139b17e1912e7bc59627cc2d23b0bbb47b60
UniProtKB:P12425	proteintraitsmech:B06	OK	4.250568643168841	1	f0a5c40ea7bbb04880daf5dbf7b9e27b8bffbcc89db914f609007024179e6629	ptm-observation:5678bdd0d1c4d4673e8ed6b8d0e95264a542f432b5a64701d53de9a1960a8438
UniProtKB:P12425	proteintraitsmech:B08	OK	-0.30405405405405406	1	f0a5c40ea7bbb04880daf5dbf7b9e27b8bffbcc89db914f609007024179e6629	ptm-observation:9de7efc74e1043b242d48389ab13ec18626c7a4aabdf26f23a39481aaab10b6f
UniProtKB:P12425	proteintraitsmech:B09	OK		1	f0a5c40ea7bbb04880daf5dbf7b9e27b8bffbcc89db914f609007024179e6629	ptm-observation:11e55c2375f55cad64ad5818010b128b2a08d861c80b6b2a3544f29a6c4b4a60
UniProtKB:P12425	proteintraitsmech:B10	OK		1	f0a5c40ea7bbb04880daf5dbf7b9e27b8bffbcc89db914f609007024179e6629	ptm-observation:2af776d9af9171d8269f6118f58d8a45ef5d47763e20035f49be5625f6e8b61f
UniProtKB:P12425	proteintraitsmech:B13	OK		1	f0a5c40ea7bbb04880daf5dbf7b9e27b8bffbcc89db914f609007024179e6629	ptm-observation:4b0e1b5ea732fe4bceb0c42c94b7d674ab66765c1cda28f46a99ebfb612a640d
UniProtKB:P12425	proteintraitsmech:B16	OK	4.1454541889491106	bit	f0a5c40ea7bbb04880daf5dbf7b9e27b8bffbcc89db914f609007024179e6629	ptm-observation:ab6f663541e9c58db1f5d0eea3e060e4bb8702682276ac2480603c8504656533
UniProtKB:P12425	proteintraitsmech:B22	OK	0.0	1	f0a5c40ea7bbb04880daf5dbf7b9e27b8bffbcc89db914f609007024179e6629	ptm-observation:1a683f525943d6c9a1ee50f3a9eb4b3c34952b765d7056d303ba037811302f3e
UniProtKB:P12821	proteintraitsmech:B01	OK	-22.612238051907724	e	9b90c234c007ae25d011f573a0deccfd96ca908b193a043413120f802384f402	ptm-observation:501d70994af67b1c00460018e533dfc9df3b3ee392c386b942caaf97863f10a4
UniProtKB:P12821	proteintraitsmech:B02	OK	5.948319971561432	pH	9b90c234c007ae25d011f573a0deccfd96ca908b193a043413120f802384f402	ptm-observation:4efff0c3d080017ffbcf77d5c72c45038b9247fad9dfc7742cdd93a898a95eac
UniProtKB:P12821	proteintraitsmech:B03	OK	0.09264931087289434	1	9b90c234c007ae25d011f573a0deccfd96ca908b193a043413120f802384f402	ptm-observation:fe2f0aefc7b114bb451f8e296d579d5edc5f789fbc22f509b81550bfbcea9317
UniProtKB:P12821	proteintraitsmech:B04	OK	0.1125574272588055	1	9b90c234c007ae25d011f573a0deccfd96ca908b193a043413120f802384f402	ptm-observation:a1a062acdda6cdfab85bc8b1b77c3910becc8080ca259fd39ac7da71d731b4eb
UniProtKB:P12821	proteintraitsmech:B05	OK	0.20520673813169985	1	9b90c234c007ae25d011f573a0deccfd96ca908b193a043413120f802384f402	ptm-observation:645b654f425b06fd8b2c9db87d2e2e927a8d57cc37442a4f416dcaa7cbcef44b
UniProtKB:P12821	proteintraitsmech:B06	OK	3.2396956450467456	1	9b90c234c007ae25d011f573a0deccfd96ca908b193a043413120f802384f402	ptm-observation:90485464fb529365ee39eb63bc1a478a0364e7525dadd219816e7b73b0c1127c
UniProtKB:P12821	proteintraitsmech:B08	OK	-0.3983920367534457	1	9b90c234c007ae25d011f573a0deccfd96ca908b193a043413120f802384f402	ptm-observation:b825eb745d4ce19c155cc5915ae2bed9bcefd71555caf0e762e65dcafc01bd39
UniProtKB:P12821	proteintraitsmech:B09	OK		1	9b90c234c007ae25d011f573a0deccfd96ca908b193a043413120f802384f402	ptm-observation:5c708f8518fbaa4acd1575d02a0f1e5ec12fb88132d854b79ab7bb75719e9454
UniProtKB:P12821	proteintraitsmech:B10	OK		1	9b90c234c007ae25d011f573a0deccfd96ca908b193a043413120f802384f402	ptm-observation:b00d768ed10edcc02b0a7ee277a410eaa0c5a583505990e15eb731842d5ff631
UniProtKB:P12821	proteintraitsmech:B13	OK		1	9b90c234c007ae25d011f573a0deccfd96ca908b193a043413120f802384f402	ptm-observation:334d201027a4d467f007510878b9b6cc46981982296fdf856cd7385c763ed015
UniProtKB:P12821	proteintraitsmech:B16	OK	4.195268305373879	bit	9b90c234c007ae25d011f573a0deccfd96ca908b193a043413120f802384f402	ptm-observation:524cb06bfa7bd51ded8dcc50064130895cc9ee769ca70b849499d0231a06b7fd
UniProtKB:P12821	proteintraitsmech:B22	OK	0.04977029096477795	1	9b90c234c007ae25d011f573a0deccfd96ca908b193a043413120f802384f402	ptm-observation:eb6a9a05c0e0647e3b17cb532656058710dcb013b02a7ae58b3143bbe5ced07a
UniProtKB:P14294	proteintraitsmech:B01	OK	5.977538722250129	e	19cc6429ae37e1f03d1d877a395c4fdc20fc3cb37edc99ec25c6db8a25ffd61d	ptm-observation:554877af2d5dd99306ed44add6ceeddbb12742c02237dc35d100314dc1d72ad2
UniProtKB:P14294	proteintraitsmech:B02	OK	8.445731937885284	pH	19cc6429ae37e1f03d1d877a395c4fdc20fc3cb37edc99ec25c6db8a25ffd61d	ptm-observation:2b3a6e470c4b83ee34f1aebfc329bd863edfbdacfbc0d4b0327f0090b21c6d99
UniProtKB:P14294	proteintraitsmech:B03	OK	0.1362940275650842	1	19cc6429ae37e1f03d1d877a395c4fdc20fc3cb37edc99ec25c6db8a25ffd61d	ptm-observation:16990c2557c98f12c3d953f3ee57a7abdc341c76b21a8f87a6976ef6ff627ec7
UniProtKB:P14294	proteintraitsmech:B04	OK	0.12863705972434916	1	19cc6429ae37e1f03d1d877a395c4fdc20fc3cb37edc99ec25c6db8a25ffd61d	ptm-observation:18f3a0a63c21e54f2f2a6291c94ca591990f6b865c1269e061036c4e631c7cb9
UniProtKB:P14294	proteintraitsmech:B05	OK	0.2649310872894334	1	19cc6429ae37e1f03d1d877a395c4fdc20fc3cb37edc99ec25c6db8a25ffd61d	ptm-observation:71c6184ffaaac3952275bf46286aeabfc3c7207309e070ac0b75870011f74e77
UniProtKB:P14294	proteintraitsmech:B06	OK	-1.4782485514506087	1	19cc6429ae37e1f03d1d877a395c4fdc20fc3cb37edc99ec25c6db8a25ffd61d	ptm-observation:52476b7b3df5b9885346bdefee3c8e9eb1a215faf5e8f2c1d865d2e61656d8fb
UniProtKB:P14294	proteintraitsmech:B08	OK	-0.37029096477794793	1	19cc6429ae37e1f03d1d877a395c4fdc20fc3cb37edc99ec25c6db8a25ffd61d	ptm-observation:828b4655d40da64027111e7118b300681bcd3aa297361888c3b56c2ceccf89b6
UniProtKB:P14294	proteintraitsmech:B09	OK		1	19cc6429ae37e1f03d1d877a395c4fdc20fc3cb37edc99ec25c6db8a25ffd61d	ptm-observation:18edeea0103127cec80088c34ce65d6e017d5a049e7e8f658ceba3bff827fa99
UniProtKB:P14294	proteintraitsmech:B10	OK		1	19cc6429ae37e1f03d1d877a395c4fdc20fc3cb37edc99ec25c6db8a25ffd61d	ptm-observation:06ec6a2c262d0adfa0b50875fa0325d0dac4c329d25c166bc83bcfb92479fd68
UniProtKB:P14294	proteintraitsmech:B13	OK		1	19cc6429ae37e1f03d1d877a395c4fdc20fc3cb37edc99ec25c6db8a25ffd61d	ptm-observation:153eb9d168c0c6fdd8625168ac92d70c40226e8cbff9cc1c83704c7d51241e63
UniProtKB:P14294	proteintraitsmech:B16	OK	4.1310366072639715	bit	19cc6429ae37e1f03d1d877a395c4fdc20fc3cb37edc99ec25c6db8a25ffd61d	ptm-observation:7fcc2039477561d47e380064097eadd6a5bf6281f9898707baf1f62596ab0ffa
UniProtKB:P14294	proteintraitsmech:B22	OK	0.06278713629402756	1	19cc6429ae37e1f03d1d877a395c4fdc20fc3cb37edc99ec25c6db8a25ffd61d	ptm-observation:4df2e76d1a3d6b3981824c1b92da450dd2c649baa993aac72035c36f6d138936
UniProtKB:P15559	proteintraitsmech:B01	OK	4.1278439669811124	e	f7316e90f68b60994d35f7513e4b9b781c43b6ab0a099325aa3dbf8890800df5	ptm-observation:5b3aa9400c666aeae570b92ed22594da2270448b4414918161fb6366ec1e18a7
UniProtKB:P15559	proteintraitsmech:B02	OK	8.91157203912735	pH	f7316e90f68b60994d35f7513e4b9b781c43b6ab0a099325aa3dbf8890800df5	ptm-observation:c82f6d91f5760c7eb9019fcd4fdf7f66ec44d80d00ad5507c7c07a65563fe77a
UniProtKB:P15559	proteintraitsmech:B03	OK	0.12043795620437957	1	f7316e90f68b60994d35f7513e4b9b781c43b6ab0a099325aa3dbf8890800df5	ptm-observation:c2f90b33481904d323d74f9abb4da4478ccab3baeeff28a68ce7b80fcaf76f85
UniProtKB:P15559	proteintraitsmech:B04	OK	0.10583941605839416	1	f7316e90f68b60994d35f7513e4b9b781c43b6ab0a099325aa3dbf8890800df5	ptm-observation:d09e968bd85cb24328a3eac15783f11689c33be2d928aea6865fcedcc15dd773
UniProtKB:P15559	proteintraitsmech:B05	OK	0.22627737226277372	1	f7316e90f68b60994d35f7513e4b9b781c43b6ab0a099325aa3dbf8890800df5	ptm-observation:9bb0692799e1808842a290b63cd482f7ed96a7aa2f5015e2fdba4da684be82ef
UniProtKB:P15559	proteintraitsmech:B06	OK	-0.17623409820304536	1	f7316e90f68b60994d35f7513e4b9b781c43b6ab0a099325aa3dbf8890800df5	ptm-observation:5cabe8b108c40f8da21fc5760a2e2c719a43c83c8ef32604ca9a016178329f9d
UniProtKB:P15559	proteintraitsmech:B08	OK	-0.1872262773722628	1	f7316e90f68b60994d35f7513e4b9b781c43b6ab0a099325aa3dbf8890800df5	ptm-observation:7111516488c48ca560938cd91b98fe60eaccd5db56357606eb1016c7b2ac26e1
UniProtKB:P15559	proteintraitsmech:B09	OK		1	f7316e90f68b60994d35f7513e4b9b781c43b6ab0a099325aa3dbf8890800df5	ptm-observation:b3d1dfc43095f231da26defe8d089e2cbb4c601257a01e9576d5bf5cadd66c28
UniProtKB:P15559	proteintraitsmech:B10	OK		1	f7316e90f68b60994d35f7513e4b9b781c43b6ab0a099325aa3dbf8890800df5	ptm-observation:87f9c1d53197e31e1cb456bc57ef904c8953370a47846671586cf50209f44e1f
UniProtKB:P15559	proteintraitsmech:B13	OK		1	f7316e90f68b60994d35f7513e4b9b781c43b6ab0a099325aa3dbf8890800df5	ptm-observation:e8d471a52d76a848a1b23a708f48c131c7486556728840f34f451bf43966c70a
UniProtKB:P15559	proteintraitsmech:B16	OK	4.139237965418587	bit	f7316e90f68b60994d35f7513e4b9b781c43b6ab0a099325aa3dbf8890800df5	ptm-observation:8e49c2813291916dc379559d80c4b2137a1364c29c28e50ca2fba8dee3bfc070
UniProtKB:P15559	proteintraitsmech:B22	OK	0.0	1	f7316e90f68b60994d35f7513e4b9b781c43b6ab0a099325aa3dbf8890800df5	ptm-observation:eb34d8feb8ac05fa5c897b93c00713708f2896207c0e373a11b5d04a9679924f
UniProtKB:P15807	proteintraitsmech:B01	OK	-4.009050493812724	e	4a68dd89e42a7f9ed666a761ced41bdf2084fe2267635253e0847293b8d30170	ptm-observation:96aa43020f392c916ddaac58485e2e17016ed4707e707dd27099ba160995e02a
UniProtKB:P15807	proteintraitsmech:B02	OK	5.925030887126923	pH	4a68dd89e42a7f9ed666a761ced41bdf2084fe2267635253e0847293b8d30170	ptm-observation:a12d0e22229904a4ac57bb91570943e2cc552c5ad0178cf24bd0fe44dbeb443a
UniProtKB:P15807	proteintraitsmech:B03	OK	0.14233576642335766	1	4a68dd89e42a7f9ed666a761ced41bdf2084fe2267635253e0847293b8d30170	ptm-observation:4c23f5bf9b7aa87ce5cfc9fb9cd65935443b52f2d5ad7aaaa59ff69a78b5a58e
UniProtKB:P15807	proteintraitsmech:B04	OK	0.15693430656934307	1	4a68dd89e42a7f9ed666a761ced41bdf2084fe2267635253e0847293b8d30170	ptm-observation:ce97c02444f6d52d22a5ddc91b3246c764d36301fdf6291cf1b772af2105d565
UniProtKB:P15807	proteintraitsmech:B05	OK	0.29927007299270075	1	4a68dd89e42a7f9ed666a761ced41bdf2084fe2267635253e0847293b8d30170	ptm-observation:e02969c98f0f67d180deecdb6ee323f7aec287f7a641c4993da609c0f2337def
UniProtKB:P15807	proteintraitsmech:B06	OK	-1.2186550097087456	1	4a68dd89e42a7f9ed666a761ced41bdf2084fe2267635253e0847293b8d30170	ptm-observation:49eb4208a284e21a222070306df2b8d79a920dbddc6fba737c3547e6c7946b45
UniProtKB:P15807	proteintraitsmech:B08	OK	-0.42226277372262777	1	4a68dd89e42a7f9ed666a761ced41bdf2084fe2267635253e0847293b8d30170	ptm-observation:44361b7c2f75298b1ab08a0c678f3609e3ae8992d1c0ab921ada00b00b309ef3
UniProtKB:P15807	proteintraitsmech:B09	OK		1	4a68dd89e42a7f9ed666a761ced41bdf2084fe2267635253e0847293b8d30170	ptm-observation:79a3d9c16992c6484075c88688982ad9a05eddc8899b1d3996e535a548ddee42
UniProtKB:P15807	proteintraitsmech:B10	OK		1	4a68dd89e42a7f9ed666a761ced41bdf2084fe2267635253e0847293b8d30170	ptm-observation:48ba7c39df7063f79cd494c2cad606b1d42a036392cc14441aca09baff5a30f4
UniProtKB:P15807	proteintraitsmech:B13	OK		1	4a68dd89e42a7f9ed666a761ced41bdf2084fe2267635253e0847293b8d30170	ptm-observation:0531fc139f34384e67fba304dc6b32e07a481eedd50a78be5799cca7ee8b4358
UniProtKB:P15807	proteintraitsmech:B16	OK	4.127397521350262	bit	4a68dd89e42a7f9ed666a761ced41bdf2084fe2267635253e0847293b8d30170	ptm-observation:d4ba2cfca3145e4df7b7beaef2e6b098b5f89227b733de91980191725011a43a
UniProtKB:P15807	proteintraitsmech:B22	OK	0.0	1	4a68dd89e42a7f9ed666a761ced41bdf2084fe2267635253e0847293b8d30170	ptm-observation:15015f9388b2a04fed1207bd4bf789a3e1222ae9aaaa1eb00ba50bfc61af4e4f
UniProtKB:P15848	proteintraitsmech:B01	OK	5.200986268579824	e	4fdbd892b97ebb48800a5b72d887015eb2cb10e7f7138912bf5e49a9770e2547	ptm-observation:7bc173b195d53756ecce29a9c9a36d2aa2a1864c857d5118367001c9298a37fd
UniProtKB:P15848	proteintraitsmech:B02	OK	8.432115137577057	pH	4fdbd892b97ebb48800a5b72d887015eb2cb10e7f7138912bf5e49a9770e2547	ptm-observation:f00cab0928a6fa4071ae998e14e24d727d93e05e44e22de90897bd6d0e462fa6
UniProtKB:P15848	proteintraitsmech:B03	OK	0.10131332082551595	1	4fdbd892b97ebb48800a5b72d887015eb2cb10e7f7138912bf5e49a9770e2547	ptm-observation:701e0fd09b7c51bbfcd776f31ccdbd2d79d35a657dcccd7d82dd7b1d01461ede
UniProtKB:P15848	proteintraitsmech:B04	OK	0.09380863039399624	1	4fdbd892b97ebb48800a5b72d887015eb2cb10e7f7138912bf5e49a9770e2547	ptm-observation:1e5dc9edb28bf9fd73f96c481bb693e4d275a19c4b69de4f7c6781c5d302c37b
UniProtKB:P15848	proteintraitsmech:B05	OK	0.1951219512195122	1	4fdbd892b97ebb48800a5b72d887015eb2cb10e7f7138912bf5e49a9770e2547	ptm-observation:1f1fe76f5dbdcd6082d43064f87d90586e42553148cd165f222b3d5fd303a85e
UniProtKB:P15848	proteintraitsmech:B06	OK	-0.5314737064381496	1	4fdbd892b97ebb48800a5b72d887015eb2cb10e7f7138912bf5e49a9770e2547	ptm-observation:dc5bda3325f1a4d251b243df1f0fcc9dd9a808cbb376de65644fa64ac2e6579c
UniProtKB:P15848	proteintraitsmech:B08	OK	-0.3382739212007505	1	4fdbd892b97ebb48800a5b72d887015eb2cb10e7f7138912bf5e49a9770e2547	ptm-observation:7158beb3bc4890cf59c97d6d791e557b59e101dd526e9773b7c7aafd6f68a577
UniProtKB:P15848	proteintraitsmech:B09	OK		1	4fdbd892b97ebb48800a5b72d887015eb2cb10e7f7138912bf5e49a9770e2547	ptm-observation:d92d866c38f40765aef4ce73293bc7c08c8ceb1b177b914e3dbc989f96cd1d31
UniProtKB:P15848	proteintraitsmech:B10	OK		1	4fdbd892b97ebb48800a5b72d887015eb2cb10e7f7138912bf5e49a9770e2547	ptm-observation:52459aea282114f3fa2f554ae38068cc4487d60c01a74d677eafdc9aa1df98bd
UniProtKB:P15848	proteintraitsmech:B13	OK		1	4fdbd892b97ebb48800a5b72d887015eb2cb10e7f7138912bf5e49a9770e2547	ptm-observation:ad14d4fc0a49d4c96c92c730d960c76025a98b80994ab8875976128972f0c0be
UniProtKB:P15848	proteintraitsmech:B16	OK	4.144984345711188	bit	4fdbd892b97ebb48800a5b72d887015eb2cb10e7f7138912bf5e49a9770e2547	ptm-observation:6fac540a8ede39c81a9671f574b06f1d2b12c717f63fbd1bd4e68d7edcf01cfd
UniProtKB:P15848	proteintraitsmech:B22	OK	0.07879924953095685	1	4fdbd892b97ebb48800a5b72d887015eb2cb10e7f7138912bf5e49a9770e2547	ptm-observation:074c6fba645531115ee671b1c692e4c0c4d4747c8679e51208bd9d0f6bbe09ef
UniProtKB:P17095	proteintraitsmech:B01	OK	11.524727901222107	e	13f70acb079d44143dea4d480888d252d6c538ce040e5a534f0d037a130827cb	ptm-observation:71b5e0e4ad2f231fa5a2032ce586ffc77378dbeac7792500cde4f8a6f568a5b4
UniProtKB:P17095	proteintraitsmech:B02	OK	10.314708292484283	pH	13f70acb079d44143dea4d480888d252d6c538ce040e5a534f0d037a130827cb	ptm-observation:78d9215ae841d2f06d352ab2ecf5cbb122205c350827b8c2e185304f6bc521a7
UniProtKB:P17095	proteintraitsmech:B03	OK	0.2523364485981308	1	13f70acb079d44143dea4d480888d252d6c538ce040e5a534f0d037a130827cb	ptm-observation:1e9986c6f297d7dff0a854e14128dfbdb77b66f1a8899316567a13c07c61015d
UniProtKB:P17095	proteintraitsmech:B04	OK	0.14018691588785046	1	13f70acb079d44143dea4d480888d252d6c538ce040e5a534f0d037a130827cb	ptm-observation:ccdceaf08398a5e931c3fb6d215ab20ec8cc15501e313eb193d96cd63d3b4b44
UniProtKB:P17095	proteintraitsmech:B05	OK	0.3925233644859813	1	13f70acb079d44143dea4d480888d252d6c538ce040e5a534f0d037a130827cb	ptm-observation:d4cd9f0920033c19102205b07d6a5fc35b1c6a44e77fe525b59efdfed7547852
UniProtKB:P17095	proteintraitsmech:B06	OK	0.027195130854313663	1	13f70acb079d44143dea4d480888d252d6c538ce040e5a534f0d037a130827cb	ptm-observation:8604c9111b089c3362033af0cdea07f95e296bef7cc46aadfc43d1db72a76800
UniProtKB:P17095	proteintraitsmech:B08	OK	-1.733644859813084	1	13f70acb079d44143dea4d480888d252d6c538ce040e5a534f0d037a130827cb	ptm-observation:e1042ee4fe03836484bfa6aac792d388acdecc4c1a05c6389f8fbe5564ee6f04
UniProtKB:P17095	proteintraitsmech:B09	OK		1	13f70acb079d44143dea4d480888d252d6c538ce040e5a534f0d037a130827cb	ptm-observation:bcd39412418356a238b262cb1d5ecc9d7832b41466442005ee592ce52fff4bde
UniProtKB:P17095	proteintraitsmech:B10	OK		1	13f70acb079d44143dea4d480888d252d6c538ce040e5a534f0d037a130827cb	ptm-observation:d90d169b873f9d94fde11846d4d2f8489d06d446c120dffba42f9ea51489fdc3
UniProtKB:P17095	proteintraitsmech:B13	OK		1	13f70acb079d44143dea4d480888d252d6c538ce040e5a534f0d037a130827cb	ptm-observation:92c1c3056181abe659755a9bbabfc6bc25fd8a6727b7298444ce6519413166c3
UniProtKB:P17095	proteintraitsmech:B16	OK	3.470702711827379	bit	13f70acb079d44143dea4d480888d252d6c538ce040e5a534f0d037a130827cb	ptm-observation:841a43dd0c09a7e28367cdd9077a4bd97cad637cad09f19fbdda6de075da212a
UniProtKB:P17095	proteintraitsmech:B22	OK	1.0	1	13f70acb079d44143dea4d480888d252d6c538ce040e5a534f0d037a130827cb	ptm-observation:657ad24f1913a2e07472dcdbbd000d21aa3f98321f6bf54e62fd52817da5e2e6
UniProtKB:P17255	proteintraitsmech:B01	OK	-14.690214798173365	e	241e8e4e573f9535d32ccfb93d110554b49e2b8a50c326b167b387da4ec90656	ptm-observation:3de3ab4b527fe5ec33f3e7767b67b40cb740bbde1eb96b79271e34838509df47
UniProtKB:P17255	proteintraitsmech:B02	OK	5.826078355312347	pH	241e8e4e573f9535d32ccfb93d110554b49e2b8a50c326b167b387da4ec90656	ptm-observation:a2a7dfc4a57b0e234454a96b34f9aa98cee159408fc48807a79ad3837ee67df6
UniProtKB:P17255	proteintraitsmech:B03	OK	0.11764705882352941	1	241e8e4e573f9535d32ccfb93d110554b49e2b8a50c326b167b387da4ec90656	ptm-observation:eb5e738cf0cafd8f32883b3bed690b9368b2a8fdb2d8b1607c6dd9542220529d
UniProtKB:P17255	proteintraitsmech:B04	OK	0.13258636788048553	1	241e8e4e573f9535d32ccfb93d110554b49e2b8a50c326b167b387da4ec90656	ptm-observation:107e0fc5533996e0e75906dd572d6079a09096e4e1355f91adb8f0d368a3a1f7
UniProtKB:P17255	proteintraitsmech:B05	OK	0.25023342670401494	1	241e8e4e573f9535d32ccfb93d110554b49e2b8a50c326b167b387da4ec90656	ptm-observation:bba8521b840134d8cae394a2b2387db52758668132da3701574267d45c0024e4
UniProtKB:P17255	proteintraitsmech:B06	OK	1.311826546078443	1	241e8e4e573f9535d32ccfb93d110554b49e2b8a50c326b167b387da4ec90656	ptm-observation:4f3a20be1b73e7b8032f232b2cd166d760b156d5df21cc9aac354bd1e602b8e2
UniProtKB:P17255	proteintraitsmech:B08	OK	-0.2939309056956116	1	241e8e4e573f9535d32ccfb93d110554b49e2b8a50c326b167b387da4ec90656	ptm-observation:32b65655eecbd4ed7ff3230bf2db22c04fe6c8794adaf5fcffd250561b2581e8
UniProtKB:P17255	proteintraitsmech:B09	OK		1	241e8e4e573f9535d32ccfb93d110554b49e2b8a50c326b167b387da4ec90656	ptm-observation:f2c0488dbb753eb2d4b3ed5ff3da135cad98b6ddadd845f24987a7456dfbdce0
UniProtKB:P17255	proteintraitsmech:B10	OK		1	241e8e4e573f9535d32ccfb93d110554b49e2b8a50c326b167b387da4ec90656	ptm-observation:673828124ae94d397fe1f8607d50f504025288f8d42089ef798de53eaef3cd5e
UniProtKB:P17255	proteintraitsmech:B13	OK		1	241e8e4e573f9535d32ccfb93d110554b49e2b8a50c326b167b387da4ec90656	ptm-observation:efcbfb479b1f5eef80ee1b360f434b40175818bdeabdb706efb9a74640bac9e7
UniProtKB:P17255	proteintraitsmech:B16	OK	4.138662315743861	bit	241e8e4e573f9535d32ccfb93d110554b49e2b8a50c326b167b387da4ec90656	ptm-observation:1fb9aa22389988756b5b6249047c360a7fc5232bf4782b18085682faac76c169
UniProtKB:P17255	proteintraitsmech:B22	OK	0.0018674136321195146	1	241e8e4e573f9535d32ccfb93d110554b49e2b8a50c326b167b387da4ec90656	ptm-observation:4a2a2caa95583c4194819591277846ebb397a346f6800d15a08450137a0134eb
UniProtKB:P19080	proteintraitsmech:B01	OK	-3.2274128679244973	e	d9dac11c0df83c0a03265366a417b1a5d9091397e02fbaa710d0d951b0c2f5f2	ptm-observation:db19dca6712a238c9162afdcbe1c733c3cfc8c188ab3ae08b1a2430683600ca5
UniProtKB:P19080	proteintraitsmech:B02	OK	5.619697630405426	pH	d9dac11c0df83c0a03265366a417b1a5d9091397e02fbaa710d0d951b0c2f5f2	ptm-observation:1a9f5da0127f226f00e884718ca1ab25f38d6a2012a175d3b243f6cd59813953
UniProtKB:P19080	proteintraitsmech:B03	OK	0.12598425196850394	1	d9dac11c0df83c0a03265366a417b1a5d9091397e02fbaa710d0d951b0c2f5f2	ptm-observation:b67b5d63a0705a91cee6a5cc9272eb7aaac09ff498e7997fb2e56872bcf74511
UniProtKB:P19080	proteintraitsmech:B04	OK	0.14960629921259844	1	d9dac11c0df83c0a03265366a417b1a5d9091397e02fbaa710d0d951b0c2f5f2	ptm-observation:d54b7283ff780cbd2d4cefcbc399206bf15c36238c43fb7eed9ee8159c5b9218
UniProtKB:P19080	proteintraitsmech:B05	OK	0.2755905511811024	1	d9dac11c0df83c0a03265366a417b1a5d9091397e02fbaa710d0d951b0c2f5f2	ptm-observation:0f93fb77d8c9836309f2554316cc1a2549bd19516430a83d3c85185484d8e4c9
UniProtKB:P19080	proteintraitsmech:B06	OK	-0.3295021099731923	1	d9dac11c0df83c0a03265366a417b1a5d9091397e02fbaa710d0d951b0c2f5f2	ptm-observation:f57f300df4fb23b4325f2275ed7ddc5c25ca683c0b72aaafef983144235f860c
UniProtKB:P19080	proteintraitsmech:B08	OK	-0.2330708661417323	1	d9dac11c0df83c0a03265366a417b1a5d9091397e02fbaa710d0d951b0c2f5f2	ptm-observation:613fa64949c0bd5bcfb04852c690f0d0915d1b94732abd5f6607c77381544fce
UniProtKB:P19080	proteintraitsmech:B09	OK		1	d9dac11c0df83c0a03265366a417b1a5d9091397e02fbaa710d0d951b0c2f5f2	ptm-observation:26a45e01b9aa1f283f36a37c15c48315f3881bac42d7b48696db8c1112b303b6
UniProtKB:P19080	proteintraitsmech:B10	OK		1	d9dac11c0df83c0a03265366a417b1a5d9091397e02fbaa710d0d951b0c2f5f2	ptm-observation:93aafbb9df11817ca5a31eaa4b2c4c5a458c76dea5dabbe3ffa7ad607f735a3a
UniProtKB:P19080	proteintraitsmech:B13	OK		1	d9dac11c0df83c0a03265366a417b1a5d9091397e02fbaa710d0d951b0c2f5f2	ptm-observation:da7cb56d138cd96c84ef0e033b41b51e6a012ee77f7476ce4358773846f72049
UniProtKB:P19080	proteintraitsmech:B16	OK	4.011343985391135	bit	d9dac11c0df83c0a03265366a417b1a5d9091397e02fbaa710d0d951b0c2f5f2	ptm-observation:0847f76c501aee1909aa13739dee908861ed6fd5bb932d678226795235695884
UniProtKB:P19080	proteintraitsmech:B22	OK	0.09448818897637795	1	d9dac11c0df83c0a03265366a417b1a5d9091397e02fbaa710d0d951b0c2f5f2	ptm-observation:cf713ed0bda9056b67bf77d0ea9cc618f7bc3422d8a290182a7c788160667b88
UniProtKB:P19339	proteintraitsmech:B01	OK	12.085807811027975	e	2c1ab9f6ff959df1a2cda8a067a553912b658e26126a8847996c0098895d5d3b	ptm-observation:2d0094df8639ceea1b945a113f37d0e1d2c938787d22ac1960c224736599f6bf
UniProtKB:P19339	proteintraitsmech:B02	OK	9.529553472995758	pH	2c1ab9f6ff959df1a2cda8a067a553912b658e26126a8847996c0098895d5d3b	ptm-observation:141c98a508d524d94cba5f88621a7cb9016455f0829cbd811cc992aee1f59339
UniProtKB:P19339	proteintraitsmech:B03	OK	0.10734463276836158	1	2c1ab9f6ff959df1a2cda8a067a553912b658e26126a8847996c0098895d5d3b	ptm-observation:25685d2d2acca80848f5d3412e0991af8e778ab3c1361defca8ace44ee4a4f7c
UniProtKB:P19339	proteintraitsmech:B04	OK	0.07344632768361582	1	2c1ab9f6ff959df1a2cda8a067a553912b658e26126a8847996c0098895d5d3b	ptm-observation:eae65dee88b35279ddf797828d89866f87d29579f302b26950d0b7061dc27616
UniProtKB:P19339	proteintraitsmech:B05	OK	0.1807909604519774	1	2c1ab9f6ff959df1a2cda8a067a553912b658e26126a8847996c0098895d5d3b	ptm-observation:2afd96b05618cc0ab6436299b390d069f69129e296d612f8dd8b29d3bbd90960
UniProtKB:P19339	proteintraitsmech:B06	OK	1.3114705878965804	1	2c1ab9f6ff959df1a2cda8a067a553912b658e26126a8847996c0098895d5d3b	ptm-observation:2ca849aeb17a940da7406d10de93c5ebcf7173f86987ce579ce639990cd968bd
UniProtKB:P19339	proteintraitsmech:B08	OK	-0.6169491525423729	1	2c1ab9f6ff959df1a2cda8a067a553912b658e26126a8847996c0098895d5d3b	ptm-observation:6af8d3899bd17dfc47bf658fbc53a6f14987e692f1bc367ea594bbb306e29502
UniProtKB:P19339	proteintraitsmech:B09	OK		1	2c1ab9f6ff959df1a2cda8a067a553912b658e26126a8847996c0098895d5d3b	ptm-observation:476cc96cfaee180e4ce3110007eff605583f803cf314c9f58ec75e92e3763a3a
UniProtKB:P19339	proteintraitsmech:B10	OK		1	2c1ab9f6ff959df1a2cda8a067a553912b658e26126a8847996c0098895d5d3b	ptm-observation:5e8c3281ebe595d49cb365ef21164c2ed8e7519c534ecf6c5195d24bb2a95bc9
UniProtKB:P19339	proteintraitsmech:B13	OK		1	2c1ab9f6ff959df1a2cda8a067a553912b658e26126a8847996c0098895d5d3b	ptm-observation:fdd951be94c9dcc2b9e81d04d21b60ca7c6d45f09b4b42c772886f21f33248f5
UniProtKB:P19339	proteintraitsmech:B16	OK	4.0748483108331035	bit	2c1ab9f6ff959df1a2cda8a067a553912b658e26126a8847996c0098895d5d3b	ptm-observation:5608bfa0c4334fb956c191425e45f2124c9ce1f75e4711af0144d5c263602045
UniProtKB:P19339	proteintraitsmech:B22	OK	0.5112994350282486	1	2c1ab9f6ff959df1a2cda8a067a553912b658e26126a8847996c0098895d5d3b	ptm-observation:8a5ea2adc2ea28ddb0583b68d0e6dccf6ff41404a329d77f306896de0989ba4c
UniProtKB:P19582	proteintraitsmech:B01	OK	-17.563611918481378	e	6a183ec6dd13a692bce54b12dc75a7760c49af1da84e4e2c995ada8af39a089c	ptm-observation:bc33793a9301e2113decee55d4c03bbb48a2f150258d32ff4b81e3eb47611727
UniProtKB:P19582	proteintraitsmech:B02	OK	5.07574075460434	pH	6a183ec6dd13a692bce54b12dc75a7760c49af1da84e4e2c995ada8af39a089c	ptm-observation:48c714bd4af1b655d79d574cc8181c0a7f9277de45d853e8e9ba46904027a2c1
UniProtKB:P19582	proteintraitsmech:B03	OK	0.10623556581986143	1	6a183ec6dd13a692bce54b12dc75a7760c49af1da84e4e2c995ada8af39a089c	ptm-observation:6b4cb4ea10bcd4ad59b845be161b0c765fd80296353dd57fd9faf72640dcd933
UniProtKB:P19582	proteintraitsmech:B04	OK	0.14780600461893764	1	6a183ec6dd13a692bce54b12dc75a7760c49af1da84e4e2c995ada8af39a089c	ptm-observation:b16e4ed09706181975832693f7d3e05f73a80d7bbddc1464bc1677637d8a52de
UniProtKB:P19582	proteintraitsmech:B05	OK	0.2540415704387991	1	6a183ec6dd13a692bce54b12dc75a7760c49af1da84e4e2c995ada8af39a089c	ptm-observation:7a09c3529fca0a7cc826bc75dc3579c6713fa2ed6abda05bd2656fe0d3e7e4cc
UniProtKB:P19582	proteintraitsmech:B06	OK	3.0713641861690357	1	6a183ec6dd13a692bce54b12dc75a7760c49af1da84e4e2c995ada8af39a089c	ptm-observation:d2191a494069a31a95563c8dbc448ffab28c19e0b517dec1f549376b010c46ce
UniProtKB:P19582	proteintraitsmech:B08	OK	-0.09260969976905312	1	6a183ec6dd13a692bce54b12dc75a7760c49af1da84e4e2c995ada8af39a089c	ptm-observation:050dcbe9bd5ef114ee28cf49a4f0f84b19f1ce009fb8deb542a5fca8dbd254df
UniProtKB:P19582	proteintraitsmech:B09	OK		1	6a183ec6dd13a692bce54b12dc75a7760c49af1da84e4e2c995ada8af39a089c	ptm-observation:d0ae073a0b9670da664dca9cc903dd32201a135a71ea2c9a474765570a7b08fa
UniProtKB:P19582	proteintraitsmech:B10	OK		1	6a183ec6dd13a692bce54b12dc75a7760c49af1da84e4e2c995ada8af39a089c	ptm-observation:8c476971b9569271f8cc49f6db523bbf8d2a0c53c8180c010b459f848437c211
UniProtKB:P19582	proteintraitsmech:B13	OK		1	6a183ec6dd13a692bce54b12dc75a7760c49af1da84e4e2c995ada8af39a089c	ptm-observation:fe4f0e9e46808337aeddf6bbe69d69f2ad121541b5bb8c9464219337c288b484
UniProtKB:P19582	proteintraitsmech:B16	OK	4.05359336900598	bit	6a183ec6dd13a692bce54b12dc75a7760c49af1da84e4e2c995ada8af39a089c	ptm-observation:be6c41cbfb20f304e8445b33c5d00465537ad642adedb81f784d33fca8c428cc
UniProtKB:P19582	proteintraitsmech:B22	OK	0.0	1	6a183ec6dd13a692bce54b12dc75a7760c49af1da84e4e2c995ada8af39a089c	ptm-observation:7407e4ed25a78c8ef4d9afb3de083f484f911ee5a3a0bdee4888d81767a458a4
UniProtKB:P20193	proteintraitsmech:B01	OK	-19.18472654856444	e	f72a202e733b1f792c641c47bd81aaf80eecf4141e71f671298b65b9e5e1f7d5	ptm-observation:2800efd4a3ebaa7748f9b039173cb72c00157a808b1bc2c3418352c04f8c9ca0
UniProtKB:P20193	proteintraitsmech:B02	OK	6.002803027629852	pH	f72a202e733b1f792c641c47bd81aaf80eecf4141e71f671298b65b9e5e1f7d5	ptm-observation:a9d68bd123496f750224df574b544fdbd48d12bfd847aabf072ffc08c0ab5b01
UniProtKB:P20193	proteintraitsmech:B03	OK	0.1336	1	f72a202e733b1f792c641c47bd81aaf80eecf4141e71f671298b65b9e5e1f7d5	ptm-observation:62f6b6f7f0a1c30c105691e8fcd44ab049577e43c9731d827f2379d54b3332a4
UniProtKB:P20193	proteintraitsmech:B04	OK	0.1512	1	f72a202e733b1f792c641c47bd81aaf80eecf4141e71f671298b65b9e5e1f7d5	ptm-observation:49a240a66800d05a810ffd9718609d4925e3e8dfa95a13784b344896d934e3b8
UniProtKB:P20193	proteintraitsmech:B05	OK	0.2848	1	f72a202e733b1f792c641c47bd81aaf80eecf4141e71f671298b65b9e5e1f7d5	ptm-observation:5bb5c638b8c14d0361c93d781ccbe00881945666a18092b8f7e48d4b3c0bc20e
UniProtKB:P20193	proteintraitsmech:B06	OK	-11.373824269578376	1	f72a202e733b1f792c641c47bd81aaf80eecf4141e71f671298b65b9e5e1f7d5	ptm-observation:a356a2711bd85dbf4e88844daeb3e7ac8b02ff906874e7d4f7d4a386a86af5e7
UniProtKB:P20193	proteintraitsmech:B08	OK	-0.86536	1	f72a202e733b1f792c641c47bd81aaf80eecf4141e71f671298b65b9e5e1f7d5	ptm-observation:ad54e1974778a7d72875b61806ccf7652f1a36ed4413851beb5d6c1bcdebffe8
UniProtKB:P20193	proteintraitsmech:B09	OK		1	f72a202e733b1f792c641c47bd81aaf80eecf4141e71f671298b65b9e5e1f7d5	ptm-observation:274fcfbd6b71e777926b849d3add1ed3db3b28ed824f928f516272c002b0a4bc
UniProtKB:P20193	proteintraitsmech:B10	OK		1	f72a202e733b1f792c641c47bd81aaf80eecf4141e71f671298b65b9e5e1f7d5	ptm-observation:f5052086168aa2a7f95cc0843eb626fc3f96490b4a353344f238f4af7b23eab9
UniProtKB:P20193	proteintraitsmech:B13	OK		1	f72a202e733b1f792c641c47bd81aaf80eecf4141e71f671298b65b9e5e1f7d5	ptm-observation:f3c40ae91f29ca15c3bff8f016467a16556a13706526f37626e19cb37946ffbb
UniProtKB:P20193	proteintraitsmech:B16	OK	4.159338916259362	bit	f72a202e733b1f792c641c47bd81aaf80eecf4141e71f671298b65b9e5e1f7d5	ptm-observation:56be4eb2c37cffcfdc0bea352807996b9909081d9c5d19c573f571cf3b24ee1d
UniProtKB:P20193	proteintraitsmech:B22	OK	0.6112	1	f72a202e733b1f792c641c47bd81aaf80eecf4141e71f671298b65b9e5e1f7d5	ptm-observation:0dc9c282ea4de0839ad0de31afd4381f0eba1062c1823ecffc0307ef73158e46
UniProtKB:P20432	proteintraitsmech:B01	OK	-0.32884617985593667	e	4c1eeff58b69d96048a12c060aacaba624af5278214c8698314ec5ac79e908ac	ptm-observation:d51a21952c6b13baa3f6bb479a35e91d146434c86334ca623b260efd9a962862
UniProtKB:P20432	proteintraitsmech:B02	OK	6.750475347042084	pH	4c1eeff58b69d96048a12c060aacaba624af5278214c8698314ec5ac79e908ac	ptm-observation:85bc060dba304fb47a010717169e1dc73331f128ecf9eae36748a752e9b14f91
UniProtKB:P20432	proteintraitsmech:B03	OK	0.11483253588516747	1	4c1eeff58b69d96048a12c060aacaba624af5278214c8698314ec5ac79e908ac	ptm-observation:c0f43eb39b43df4002023aa6efa84a63a8536e19b7951e352c9480b492b862db
UniProtKB:P20432	proteintraitsmech:B04	OK	0.11483253588516747	1	4c1eeff58b69d96048a12c060aacaba624af5278214c8698314ec5ac79e908ac	ptm-observation:be9a06a833e92aee9c9f1f5d6f1fa6732de01c6feab176cf735bdea438344bff
UniProtKB:P20432	proteintraitsmech:B05	OK	0.22966507177033493	1	4c1eeff58b69d96048a12c060aacaba624af5278214c8698314ec5ac79e908ac	ptm-observation:d0168f77e38a40cfa76d4fbfbfaa8b81de3c1892f178855316dd684d42c69d45
UniProtKB:P20432	proteintraitsmech:B06	OK	-0.8798759740426154	1	4c1eeff58b69d96048a12c060aacaba624af5278214c8698314ec5ac79e908ac	ptm-observation:d1a037dc1ca596b57cece968180953ddc59ab635f5bde0519b4cf30c1a7c549f
UniProtKB:P20432	proteintraitsmech:B08	OK	-0.230622009569378	1	4c1eeff58b69d96048a12c060aacaba624af5278214c8698314ec5ac79e908ac	ptm-observation:42d5cc3bf3835a8c6d0953f34d464dd56f611be840ab360ae9a88ec6a5778da4
UniProtKB:P20432	proteintraitsmech:B09	OK		1	4c1eeff58b69d96048a12c060aacaba624af5278214c8698314ec5ac79e908ac	ptm-observation:df5ab25cae5c2c6eb10f9a0c4c42bce37bf962960de0d34d5ec511c7c9ae4a15
UniProtKB:P20432	proteintraitsmech:B10	OK		1	4c1eeff58b69d96048a12c060aacaba624af5278214c8698314ec5ac79e908ac	ptm-observation:8c90dcba3070fd4ce77ad138038f4fed8675c0c1277fd295f27f59e5f817f50d
UniProtKB:P20432	proteintraitsmech:B13	OK		1	4c1eeff58b69d96048a12c060aacaba624af5278214c8698314ec5ac79e908ac	ptm-observation:a47087d6e1c0ca1e6bb6a07ec762b2d98f0ba8c251916cfab6f256e991e67524
UniProtKB:P20432	proteintraitsmech:B16	OK	4.104812014391569	bit	4c1eeff58b69d96048a12c060aacaba624af5278214c8698314ec5ac79e908ac	ptm-observation:2cf0efcd7be75979339927e618027e937795dfdd2749f29d199931d66cb1836b
UniProtKB:P20432	proteintraitsmech:B22	OK	0.0	1	4c1eeff58b69d96048a12c060aacaba624af5278214c8698314ec5ac79e908ac	ptm-observation:c4e48bf18a67fa130acf48ce616d88219165b22623dad1f5160be029badc9909
UniProtKB:P20486	proteintraitsmech:B01	OK	-4.699295212069179	e	ab8785585a72fbc24dba48181cdd73649ff09a5e76317e7e00e208db183db5f6	ptm-observation:432fde41ec6f02a3d5af0902643b91a6874520e65b40f2510a2548577a1dcf20
UniProtKB:P20486	proteintraitsmech:B02	OK	5.949945509433746	pH	ab8785585a72fbc24dba48181cdd73649ff09a5e76317e7e00e208db183db5f6	ptm-observation:b3d0fd3784db44f19bb660aa3d4710622eebb0f9c5d80cc4de179075b8ec9749
UniProtKB:P20486	proteintraitsmech:B03	OK	0.08666666666666667	1	ab8785585a72fbc24dba48181cdd73649ff09a5e76317e7e00e208db183db5f6	ptm-observation:d980f9045a9f1201f65b8866b38b24444aed91b6823d341fe04862843d206819
UniProtKB:P20486	proteintraitsmech:B04	OK	0.12	1	ab8785585a72fbc24dba48181cdd73649ff09a5e76317e7e00e208db183db5f6	ptm-observation:b9a54da5e6745fc39e844b2635e9494dc1797f05cef3fbe6a4d783d8196cc28d
UniProtKB:P20486	proteintraitsmech:B05	OK	0.20666666666666667	1	ab8785585a72fbc24dba48181cdd73649ff09a5e76317e7e00e208db183db5f6	ptm-observation:871031d93d680d0cf564951405394c7f3c1ed967a175de1fe1532f40af4da8d0
UniProtKB:P20486	proteintraitsmech:B06	OK	0.09332045477377876	1	ab8785585a72fbc24dba48181cdd73649ff09a5e76317e7e00e208db183db5f6	ptm-observation:b99ef06028124684c11dc1018872e0cd9157e268085cba3f9b5734375a99ade8
UniProtKB:P20486	proteintraitsmech:B08	OK	-0.9880000000000001	1	ab8785585a72fbc24dba48181cdd73649ff09a5e76317e7e00e208db183db5f6	ptm-observation:6dd05fdbad14d9c50594f365266254adfb5b8b2bde148bc4b652697de6e49a4a
UniProtKB:P20486	proteintraitsmech:B09	OK		1	ab8785585a72fbc24dba48181cdd73649ff09a5e76317e7e00e208db183db5f6	ptm-observation:7ffb28b6fcdc65e5b526959f0a3458d4f9263abd2662144dddfc0cc5ea3ba80c
UniProtKB:P20486	proteintraitsmech:B10	OK		1	ab8785585a72fbc24dba48181cdd73649ff09a5e76317e7e00e208db183db5f6	ptm-observation:cfe7f7529dca1c3fec72fe3a0d3fcd5526a8056cafd526bfe9fd3f88ae4815fa
UniProtKB:P20486	proteintraitsmech:B13	OK		1	ab8785585a72fbc24dba48181cdd73649ff09a5e76317e7e00e208db183db5f6	ptm-observation:a3aa6e1f37a619bf85400afc345baccf6ca29d95d3257e75139e348c91baa5cf
UniProtKB:P20486	proteintraitsmech:B16	OK	4.065611999204043	bit	ab8785585a72fbc24dba48181cdd73649ff09a5e76317e7e00e208db183db5f6	ptm-observation:871b0ca1753e2c38b4b2c3ee105d987ec04e3eda246590692ed9e84f9bb5503b
UniProtKB:P20486	proteintraitsmech:B22	OK	0.3333333333333333	1	ab8785585a72fbc24dba48181cdd73649ff09a5e76317e7e00e208db183db5f6	ptm-observation:778d5c3f2cdb96917c7caa86fd5936318d986ab9db6e94a40cb3e212905eda9f
UniProtKB:P20810	proteintraitsmech:B01	OK	-32.750456339137195	e	fb4855a58f3f7a9e7c914256739f4170f079af1982028025e0a375bff3a13b6e	ptm-observation:bf12df191aca4f093eddf8518ef4e57274f6edfb0063efcae24d616044f86d5b
UniProtKB:P20810	proteintraitsmech:B02	OK	4.976212441921234	pH	fb4855a58f3f7a9e7c914256739f4170f079af1982028025e0a375bff3a13b6e	ptm-observation:f4d6e5e54de101b4465b5c6f0afef111ee1032d0dc80abf0ce77ba6e5ed321a1
UniProtKB:P20810	proteintraitsmech:B03	OK	0.16666666666666666	1	fb4855a58f3f7a9e7c914256739f4170f079af1982028025e0a375bff3a13b6e	ptm-observation:e338c666bafe2316eef970ef553b9dfc11998b5d5082aa9f9aefc48a2ea2a7e5
UniProtKB:P20810	proteintraitsmech:B04	OK	0.2132768361581921	1	fb4855a58f3f7a9e7c914256739f4170f079af1982028025e0a375bff3a13b6e	ptm-observation:f738ea6a96084f35963dda6b897ba673fe49bd29540c69aa5350565777cf0946
UniProtKB:P20810	proteintraitsmech:B05	OK	0.3799435028248588	1	fb4855a58f3f7a9e7c914256739f4170f079af1982028025e0a375bff3a13b6e	ptm-observation:c8f6851ae4c511013c968a459c867f24a53e9e70e4a31f3862a2d1f908754853
UniProtKB:P20810	proteintraitsmech:B06	OK	4.392483361087265	1	fb4855a58f3f7a9e7c914256739f4170f079af1982028025e0a375bff3a13b6e	ptm-observation:d010e2b2227a18ce76fd9336a4457a2aa5449e821ca5dbc7806f411defd88530
UniProtKB:P20810	proteintraitsmech:B08	OK	-1.1926553672316385	1	fb4855a58f3f7a9e7c914256739f4170f079af1982028025e0a375bff3a13b6e	ptm-observation:affabe7c524d5a1b0df8718e5ea9281241aaeb3d5a2e77626e86cd32d5d5d754
UniProtKB:P20810	proteintraitsmech:B09	OK		1	fb4855a58f3f7a9e7c914256739f4170f079af1982028025e0a375bff3a13b6e	ptm-observation:b753a189a3f8379a41b8049453449614a138cde1a8a6947b741ea0385e24ae7f
UniProtKB:P20810	proteintraitsmech:B10	OK		1	fb4855a58f3f7a9e7c914256739f4170f079af1982028025e0a375bff3a13b6e	ptm-observation:b1a5392a02e6e330a2bb035a2d99433aabb5a0c4593725e36619ccd2f95021a7
UniProtKB:P20810	proteintraitsmech:B13	OK		1	fb4855a58f3f7a9e7c914256739f4170f079af1982028025e0a375bff3a13b6e	ptm-observation:544ece67c16108dce658975ba65abc837b2d52fa4dc082e55c5a11ccea5881a5
UniProtKB:P20810	proteintraitsmech:B16	OK	3.7945412492199546	bit	fb4855a58f3f7a9e7c914256739f4170f079af1982028025e0a375bff3a13b6e	ptm-observation:4cf0c6d31c52a8a7904f9d28c6e7fd315fa1f33b8eb5f7e6a4c6f69d5bf1c2a1
UniProtKB:P20810	proteintraitsmech:B22	OK	1.0	1	fb4855a58f3f7a9e7c914256739f4170f079af1982028025e0a375bff3a13b6e	ptm-observation:72290c0ad4826fa171f8339c6c7c93c4be2179720b8710c9e196c8dc04c94d39
UniProtKB:P21179	proteintraitsmech:B01	OK	-23.932237301874054	e	73d0229f6cf733f82efd11378174c3fcbe50a5adcbadae2a5f0e84eb82e02e3e	ptm-observation:078e0936ba4c94ca1f942a3315b3f08319f4eabaf6df2161dc7c7ad8590b2c55
UniProtKB:P21179	proteintraitsmech:B02	OK	5.540698826313019	pH	73d0229f6cf733f82efd11378174c3fcbe50a5adcbadae2a5f0e84eb82e02e3e	ptm-observation:4e512ca4e089f83b955a462b420dd2662ebca415636185a1f1a340ae06e4f5d7
UniProtKB:P21179	proteintraitsmech:B03	OK	0.10756972111553785	1	73d0229f6cf733f82efd11378174c3fcbe50a5adcbadae2a5f0e84eb82e02e3e	ptm-observation:50b3f4bb783ce9b0f378a2a9dbba9c3a23441799d881bbebc7e07cddd0789830
UniProtKB:P21179	proteintraitsmech:B04	OK	0.14209827357237717	1	73d0229f6cf733f82efd11378174c3fcbe50a5adcbadae2a5f0e84eb82e02e3e	ptm-observation:ac028d5e8ed6f8760401dad083428fe2f331c4a78b55d0fd46c36410d60a072b
UniProtKB:P21179	proteintraitsmech:B05	OK	0.249667994687915	1	73d0229f6cf733f82efd11378174c3fcbe50a5adcbadae2a5f0e84eb82e02e3e	ptm-observation:9b357b72b4d857b796e8936e1e5eb4bbfb5406de36627cb307b0d164f31a4315
UniProtKB:P21179	proteintraitsmech:B06	OK	5.642188084058226	1	73d0229f6cf733f82efd11378174c3fcbe50a5adcbadae2a5f0e84eb82e02e3e	ptm-observation:8e837269291cfabe61dfcb0f3e8c251df9406f7efd25f343c3a1dc12aa5d4be9
UniProtKB:P21179	proteintraitsmech:B08	OK	-0.4976095617529881	1	73d0229f6cf733f82efd11378174c3fcbe50a5adcbadae2a5f0e84eb82e02e3e	ptm-observation:75dc5cae6b30f15acb6ab7760a6aef9bd2d6e1537ea30eb32264ff25bd338147
UniProtKB:P21179	proteintraitsmech:B09	OK		1	73d0229f6cf733f82efd11378174c3fcbe50a5adcbadae2a5f0e84eb82e02e3e	ptm-observation:24df9e4f7c6594a7f8e50c600475fcca78f80b3da43e723fe77b7256e87ba6cf
UniProtKB:P21179	proteintraitsmech:B10	OK		1	73d0229f6cf733f82efd11378174c3fcbe50a5adcbadae2a5f0e84eb82e02e3e	ptm-observation:1f09e0fd01f8681de3969cd911507c86a7d81a3707239f6352cbe6b2d2f9f71c
UniProtKB:P21179	proteintraitsmech:B13	OK		1	73d0229f6cf733f82efd11378174c3fcbe50a5adcbadae2a5f0e84eb82e02e3e	ptm-observation:03ee30d918c608b4895dbca6245813ab80f4b65154493ce995d1aa3ed5cf843e
UniProtKB:P21179	proteintraitsmech:B16	OK	4.139281605614579	bit	73d0229f6cf733f82efd11378174c3fcbe50a5adcbadae2a5f0e84eb82e02e3e	ptm-observation:20785b6caf5580513ffc1ac6210d4d4213346222317500341108d5c85c34decb
UniProtKB:P21179	proteintraitsmech:B22	OK	0.099601593625498	1	73d0229f6cf733f82efd11378174c3fcbe50a5adcbadae2a5f0e84eb82e02e3e	ptm-observation:814d6d1d8ad8f6b7d5c8f2abfe796a50a8a4a3eb33e9817068e0c77a77a3f8eb
UniProtKB:P21513	proteintraitsmech:B01	OK	-29.086728784553014	e	e4a8e5b7b9ef7a58ac2f9dcc3048ff48e1193eb3032baf8995d5f6eba7db17bc	ptm-observation:bd373b2e49d4d703551c9c2c8db7b7d6ed428038b28c99fde4da63903c59b7dd
UniProtKB:P21513	proteintraitsmech:B02	OK	5.476016104221344	pH	e4a8e5b7b9ef7a58ac2f9dcc3048ff48e1193eb3032baf8995d5f6eba7db17bc	ptm-observation:09c5b109ec4826ed477bce198c4937c7cfc0592878241cd551999bce89dc9cd2
UniProtKB:P21513	proteintraitsmech:B03	OK	0.13006597549481622	1	e4a8e5b7b9ef7a58ac2f9dcc3048ff48e1193eb3032baf8995d5f6eba7db17bc	ptm-observation:b6156bad6518ce69828e175367c02b8561250c5a368b9613f06e55f3a13c042f
UniProtKB:P21513	proteintraitsmech:B04	OK	0.15928369462770972	1	e4a8e5b7b9ef7a58ac2f9dcc3048ff48e1193eb3032baf8995d5f6eba7db17bc	ptm-observation:6ae2bcc300de9645b5da1ec183241e12d16976d62582db454a9a8ffd53b19f0c
UniProtKB:P21513	proteintraitsmech:B05	OK	0.28934967012252594	1	e4a8e5b7b9ef7a58ac2f9dcc3048ff48e1193eb3032baf8995d5f6eba7db17bc	ptm-observation:95bd68e0080b6d3d5dff654c14adba38b582e7d306716a4655bee71a50a8344b
UniProtKB:P21513	proteintraitsmech:B06	OK	3.170640203692625	1	e4a8e5b7b9ef7a58ac2f9dcc3048ff48e1193eb3032baf8995d5f6eba7db17bc	ptm-observation:59dbc68096727785020ddaf22b1308adf93ab5935b1981a9fdb95082d7816067
UniProtKB:P21513	proteintraitsmech:B08	OK	-0.6445805843543826	1	e4a8e5b7b9ef7a58ac2f9dcc3048ff48e1193eb3032baf8995d5f6eba7db17bc	ptm-observation:d7cdf3fc61cbfdb86c9e0ff780e4c1ba08f97d01ddd11bac5b5f2837a5f87b95
UniProtKB:P21513	proteintraitsmech:B09	OK		1	e4a8e5b7b9ef7a58ac2f9dcc3048ff48e1193eb3032baf8995d5f6eba7db17bc	ptm-observation:f30aad7cf237477def6ccf23a67caf56bb7052a0921ef29595f3944301c0e1bc
UniProtKB:P21513	proteintraitsmech:B10	OK		1	e4a8e5b7b9ef7a58ac2f9dcc3048ff48e1193eb3032baf8995d5f6eba7db17bc	ptm-observation:8965ce15837cd3b89b4d6315edeace47721b3f17ca0bcdd480eb9c21f3e72cee
UniProtKB:P21513	proteintraitsmech:B13	OK		1	e4a8e5b7b9ef7a58ac2f9dcc3048ff48e1193eb3032baf8995d5f6eba7db17bc	ptm-observation:0fd571f1fd0adde3b9d8000783566a51c9623bfd3609cdf5fcb4411ea4ea628f
UniProtKB:P21513	proteintraitsmech:B16	OK	3.9579732028353636	bit	e4a8e5b7b9ef7a58ac2f9dcc3048ff48e1193eb3032baf8995d5f6eba7db17bc	ptm-observation:5a2a19d28f3384e980a445af87747aa9d5222b9d41234a6adc95ff762206fe96
UniProtKB:P21513	proteintraitsmech:B22	OK	0.5183788878416589	1	e4a8e5b7b9ef7a58ac2f9dcc3048ff48e1193eb3032baf8995d5f6eba7db17bc	ptm-observation:fd77dc62efdfa66d1467b19428dccef09b26586465b1b3897bfb55904e623019
UniProtKB:P21953	proteintraitsmech:B01	OK	-5.771636278980084	e	f5cb3b8e0e3b02ef901952cbb30a49d1625174e5b85eb91cbd2ffdfb3b79497d	ptm-observation:95e3aa2fdb6363066f67223f4ef21c07c9b8ace3e05f64b99158d1db8bbf2d03
UniProtKB:P21953	proteintraitsmech:B02	OK	5.892295658588409	pH	f5cb3b8e0e3b02ef901952cbb30a49d1625174e5b85eb91cbd2ffdfb3b79497d	ptm-observation:621eb05bf1ebb712146987fea6ba9ee07d1af1a03c5d813bba7cde42cb193198
UniProtKB:P21953	proteintraitsmech:B03	OK	0.09438775510204081	1	f5cb3b8e0e3b02ef901952cbb30a49d1625174e5b85eb91cbd2ffdfb3b79497d	ptm-observation:af92d48806ee862736d7e8fa3c03afea4e8c762e8949a64851d636e6c1a98723
UniProtKB:P21953	proteintraitsmech:B04	OK	0.1096938775510204	1	f5cb3b8e0e3b02ef901952cbb30a49d1625174e5b85eb91cbd2ffdfb3b79497d	ptm-observation:f74ae10f6b151eb5831e9d8150d026e1ceeea443d5a0e011c3f994774eddcdee
UniProtKB:P21953	proteintraitsmech:B05	OK	0.20408163265306123	1	f5cb3b8e0e3b02ef901952cbb30a49d1625174e5b85eb91cbd2ffdfb3b79497d	ptm-observation:6ac6860a2bde2dcb224ddf8d87e69ced4b2596c918ceb1513e1e155ddcd9e3ff
UniProtKB:P21953	proteintraitsmech:B06	OK	-0.515054275629796	1	f5cb3b8e0e3b02ef901952cbb30a49d1625174e5b85eb91cbd2ffdfb3b79497d	ptm-observation:4d7aab8b481500e35159983b0332a3b88e126927ff8e84d01cd094fbaeaed22b
UniProtKB:P21953	proteintraitsmech:B08	OK	0.03596938775510203	1	f5cb3b8e0e3b02ef901952cbb30a49d1625174e5b85eb91cbd2ffdfb3b79497d	ptm-observation:228714c34b03e42045c880bc911ffcadc0c791998ba6b7d35948c1fbe2e0f7c2
UniProtKB:P21953	proteintraitsmech:B09	OK		1	f5cb3b8e0e3b02ef901952cbb30a49d1625174e5b85eb91cbd2ffdfb3b79497d	ptm-observation:2387918ef24e1d05392c929be983da44351222c10206dfa285a5474791bab773
UniProtKB:P21953	proteintraitsmech:B10	OK		1	f5cb3b8e0e3b02ef901952cbb30a49d1625174e5b85eb91cbd2ffdfb3b79497d	ptm-observation:fad5d5e79ccea105f214621efb01ec7053345b00fbd440e66746a3972ca82785
UniProtKB:P21953	proteintraitsmech:B13	OK		1	f5cb3b8e0e3b02ef901952cbb30a49d1625174e5b85eb91cbd2ffdfb3b79497d	ptm-observation:6b239c8425f8dddb87361448f4b61b192e368aaa54e2e3d88abf904bf512b4bf
UniProtKB:P21953	proteintraitsmech:B16	OK	4.1487241318664605	bit	f5cb3b8e0e3b02ef901952cbb30a49d1625174e5b85eb91cbd2ffdfb3b79497d	ptm-observation:ac83d23a926ded053a4aee8b38b36d989406154c46e0536d817166c526db252d
UniProtKB:P21953	proteintraitsmech:B22	OK	0.1096938775510204	1	f5cb3b8e0e3b02ef901952cbb30a49d1625174e5b85eb91cbd2ffdfb3b79497d	ptm-observation:c593e1f7be262420446c3a9bf11d935e9323402e4ce0705ec06cd6a0c8400e63
UniProtKB:P22139	proteintraitsmech:B01	OK	0.5655103862536658	e	cc0a2442d1964e4e393383a530ae27ae6964422337c6732675dd1df3f074f837	ptm-observation:998979c1c81a830f3acda0e258c479617511c963adc56c0c95c1d362b973825a
UniProtKB:P22139	proteintraitsmech:B02	OK	7.653197109699249	pH	cc0a2442d1964e4e393383a530ae27ae6964422337c6732675dd1df3f074f837	ptm-observation:c419a3826c378902d309179d897799782c7ad1c256a55f0fdadbb8ec1467ab7b
UniProtKB:P22139	proteintraitsmech:B03	OK	0.17142857142857143	1	cc0a2442d1964e4e393383a530ae27ae6964422337c6732675dd1df3f074f837	ptm-observation:fc21cffb51a109c1cedf9f6e5a6520b1aa876cbd8cab0f173dd44ddeabac4517
UniProtKB:P22139	proteintraitsmech:B04	OK	0.15714285714285714	1	cc0a2442d1964e4e393383a530ae27ae6964422337c6732675dd1df3f074f837	ptm-observation:da7b0f571280ec617cf1a1f999d922a75f2b6c3482eab025d14363e1243cce18
UniProtKB:P22139	proteintraitsmech:B05	OK	0.32857142857142857	1	cc0a2442d1964e4e393383a530ae27ae6964422337c6732675dd1df3f074f837	ptm-observation:afaa36d7226bc72a14b77746e3581610723559d42a0b823dd5aa3300bdc06dd8
UniProtKB:P22139	proteintraitsmech:B06	OK	-0.8467630778270244	1	cc0a2442d1964e4e393383a530ae27ae6964422337c6732675dd1df3f074f837	ptm-observation:17048828f13eefadbc0a6faf7d4a2a5d01ec3466e9408e939e8f3458b5a3e4af
UniProtKB:P22139	proteintraitsmech:B08	OK	-0.27285714285714285	1	cc0a2442d1964e4e393383a530ae27ae6964422337c6732675dd1df3f074f837	ptm-observation:8b9debb3fda0bec3e09960ba18888eff792684961aec278b438a4b168f4e4f76
UniProtKB:P22139	proteintraitsmech:B09	OK		1	cc0a2442d1964e4e393383a530ae27ae6964422337c6732675dd1df3f074f837	ptm-observation:68edb3d5c751fdaa362607943512a32ffed7b9015420a5fa4fc41f46ec53843f
UniProtKB:P22139	proteintraitsmech:B10	OK		1	cc0a2442d1964e4e393383a530ae27ae6964422337c6732675dd1df3f074f837	ptm-observation:a3c79cf703837d91bbf1f5cd896ac0e946b0861fc495da6925183469a6cb1319
UniProtKB:P22139	proteintraitsmech:B13	OK		1	cc0a2442d1964e4e393383a530ae27ae6964422337c6732675dd1df3f074f837	ptm-observation:a7f655369929a470fc2eaaae1d20654703880ef565f29adbfaa8aeedffb6f17c
UniProtKB:P22139	proteintraitsmech:B16	OK	4.0105888570372334	bit	cc0a2442d1964e4e393383a530ae27ae6964422337c6732675dd1df3f074f837	ptm-observation:91f241d005bc839749a8b21b2ce327ee826e3e17c4156ebafc99d6492d08a533
UniProtKB:P22139	proteintraitsmech:B22	OK	0.02857142857142857	1	cc0a2442d1964e4e393383a530ae27ae6964422337c6732675dd1df3f074f837	ptm-observation:2b90d5285cda3909bcd9ea4bf7d7f706aaf17d12c01c3ad1ccdd061457e0333a
UniProtKB:P23381	proteintraitsmech:B01	OK	-7.539124466191341	e	7f953b08cbe3d816e5093183350e3b80e092fe64e78e2880ddaf03c886a485c1	ptm-observation:df68c09772ba2bf773d4f2a7a6ce9ac0f45566b19e0cbb298ca898b21cf91751
UniProtKB:P23381	proteintraitsmech:B02	OK	5.827172338962555	pH	7f953b08cbe3d816e5093183350e3b80e092fe64e78e2880ddaf03c886a485c1	ptm-observation:9a4e1b0aff6644ae2cbebc6417d51e7fbcc9e704e8bff9cec15ec0979ad546bf
UniProtKB:P23381	proteintraitsmech:B03	OK	0.11677282377919321	1	7f953b08cbe3d816e5093183350e3b80e092fe64e78e2880ddaf03c886a485c1	ptm-observation:549eec1287ed9997abe2985dd6d5029a3dc9a1a0b9b2787f2815339b8e924c7e
UniProtKB:P23381	proteintraitsmech:B04	OK	0.1337579617834395	1	7f953b08cbe3d816e5093183350e3b80e092fe64e78e2880ddaf03c886a485c1	ptm-observation:f840cd2174f9ef3a8b4f0dce277d9a2f4b7d5ad2f999b02959cdde991921f29b
UniProtKB:P23381	proteintraitsmech:B05	OK	0.2505307855626327	1	7f953b08cbe3d816e5093183350e3b80e092fe64e78e2880ddaf03c886a485c1	ptm-observation:94cedc973d9e3040ea7183e044f1476725bcaccc4e4e0c809400a7ebb8f3f6e4
UniProtKB:P23381	proteintraitsmech:B06	OK	0.12416922974585745	1	7f953b08cbe3d816e5093183350e3b80e092fe64e78e2880ddaf03c886a485c1	ptm-observation:75ee1ee4dc3ca3fb35e3648efb179b459ad9ccd0813e366dcc1cf63c100cd56f
UniProtKB:P23381	proteintraitsmech:B08	OK	-0.3653927813163482	1	7f953b08cbe3d816e5093183350e3b80e092fe64e78e2880ddaf03c886a485c1	ptm-observation:a75cca359a203ef8e86d287186b43488617ab46ffafc72d3fbb848a4df97a5e6
UniProtKB:P23381	proteintraitsmech:B09	OK		1	7f953b08cbe3d816e5093183350e3b80e092fe64e78e2880ddaf03c886a485c1	ptm-observation:92d91d75747686b7913ed0d2d55c56ea4138fe0cacc1fe8812db01cdf0d45db5
UniProtKB:P23381	proteintraitsmech:B10	OK		1	7f953b08cbe3d816e5093183350e3b80e092fe64e78e2880ddaf03c886a485c1	ptm-observation:02f5a51f9a38c4dced741d8d13d9440a608674cc226a084ef9dba79c22ed8910
UniProtKB:P23381	proteintraitsmech:B13	OK		1	7f953b08cbe3d816e5093183350e3b80e092fe64e78e2880ddaf03c886a485c1	ptm-observation:1e6ad22d9a54ff293d1cb84dc767247b123425d34611b8d46f5d07c6621d328a
UniProtKB:P23381	proteintraitsmech:B16	OK	4.168593604272893	bit	7f953b08cbe3d816e5093183350e3b80e092fe64e78e2880ddaf03c886a485c1	ptm-observation:3b34194e54d0a75ee41a0aa30d76f09d509c0e3209c94413aa5ec126f68b5bf2
UniProtKB:P23381	proteintraitsmech:B22	OK	0.06157112526539278	1	7f953b08cbe3d816e5093183350e3b80e092fe64e78e2880ddaf03c886a485c1	ptm-observation:52adf35d99dece31766d2c082020a325ac90d29fd0a56166d40d7b66a0d0c8e0
UniProtKB:P23434	proteintraitsmech:B01	OK	-7.4002115347950586	e	947efca06e4e36fad3c38c5c8b78ec72d679beedbd2847f65935cbc25ff8ffc8	ptm-observation:fea71f237b8d058acc52b042715e7cd441be21029c8416743d198b898a260ab3
UniProtKB:P23434	proteintraitsmech:B02	OK	4.905872881412506	pH	947efca06e4e36fad3c38c5c8b78ec72d679beedbd2847f65935cbc25ff8ffc8	ptm-observation:7c7900f6cf5d1363c940333beba47344d9f6d55527d973469b7e8fb9a97bcc15
UniProtKB:P23434	proteintraitsmech:B03	OK	0.09826589595375723	1	947efca06e4e36fad3c38c5c8b78ec72d679beedbd2847f65935cbc25ff8ffc8	ptm-observation:d63d6f47433c6335924a4e0ff92e755de2b1ae378a2e1ca06a8c27bd57c69337
UniProtKB:P23434	proteintraitsmech:B04	OK	0.13872832369942195	1	947efca06e4e36fad3c38c5c8b78ec72d679beedbd2847f65935cbc25ff8ffc8	ptm-observation:e7b229880f871c89fdce912c02a4416e810e4436556ef7a200b5c5ff8daa11d4
UniProtKB:P23434	proteintraitsmech:B05	OK	0.23699421965317918	1	947efca06e4e36fad3c38c5c8b78ec72d679beedbd2847f65935cbc25ff8ffc8	ptm-observation:b8a925a4ffb518f63d253c9fd229c1e6de82aad1dd0e87287baf54fcb871bf3a
UniProtKB:P23434	proteintraitsmech:B06	OK	-2.649457744308978	1	947efca06e4e36fad3c38c5c8b78ec72d679beedbd2847f65935cbc25ff8ffc8	ptm-observation:e2c11f040ffe28e6d6c446655bc55f590a64dd34e269a47d03bb278c7f55ec7b
UniProtKB:P23434	proteintraitsmech:B08	OK	-0.15028901734104047	1	947efca06e4e36fad3c38c5c8b78ec72d679beedbd2847f65935cbc25ff8ffc8	ptm-observation:e709e2abfb045babd5815a9a210f70336f2ca4b4717718a533007768f0b9d6e4
UniProtKB:P23434	proteintraitsmech:B09	OK		1	947efca06e4e36fad3c38c5c8b78ec72d679beedbd2847f65935cbc25ff8ffc8	ptm-observation:763d7f817f78ee10d95f5644ee6033f2b599e39c0735d5922897d4b3c0d94e65
UniProtKB:P23434	proteintraitsmech:B10	OK		1	947efca06e4e36fad3c38c5c8b78ec72d679beedbd2847f65935cbc25ff8ffc8	ptm-observation:ec498846088fe50a5209addcf84e59bf222e5a04d46a3d0df29363bcac5ecdcb
UniProtKB:P23434	proteintraitsmech:B13	OK		1	947efca06e4e36fad3c38c5c8b78ec72d679beedbd2847f65935cbc25ff8ffc8	ptm-observation:8eb8429c05e0325a24d51bd6f1fac949db18817a551bb92aa9c8f3323e9adf05
UniProtKB:P23434	proteintraitsmech:B16	OK	4.012667740411892	bit	947efca06e4e36fad3c38c5c8b78ec72d679beedbd2847f65935cbc25ff8ffc8	ptm-observation:fe89e7926b612b608a8476ff3c4ba3b62f1f3ed3cd074dee8b08a83c7e9664fc
UniProtKB:P23434	proteintraitsmech:B22	OK	0.1676300578034682	1	947efca06e4e36fad3c38c5c8b78ec72d679beedbd2847f65935cbc25ff8ffc8	ptm-observation:5ea85d0bbc83ebc08000c9dec0b019af31896f13b8b3bec6039f242aa43a3153
UniProtKB:P24327	proteintraitsmech:B01	OK	4.699817283076184	e	ed467e0b64f412891a2d887b25600ab82179131018b569069bd94eab95262d12	ptm-observation:c462eff1879ae4ff63bb48a16ec1eca981da74b98f4b1d5c83272c5bedea1d79
UniProtKB:P24327	proteintraitsmech:B02	OK	8.774151504039764	pH	ed467e0b64f412891a2d887b25600ab82179131018b569069bd94eab95262d12	ptm-observation:f89cdbb93e5feecd91f81206d2333af2be1a8ffbdbef02251d6ca87785bdb42f
UniProtKB:P24327	proteintraitsmech:B03	OK	0.18835616438356165	1	ed467e0b64f412891a2d887b25600ab82179131018b569069bd94eab95262d12	ptm-observation:e20e4842c70b3a995b0e333b40441cbec92c440c6dcf6c4ab018d7d9b29486c7
UniProtKB:P24327	proteintraitsmech:B04	OK	0.17123287671232876	1	ed467e0b64f412891a2d887b25600ab82179131018b569069bd94eab95262d12	ptm-observation:da1fb4a4038688a460708ea9137e54fbca5a827f7014c33ab285efe40e8d5d87
UniProtKB:P24327	proteintraitsmech:B05	OK	0.3595890410958904	1	ed467e0b64f412891a2d887b25600ab82179131018b569069bd94eab95262d12	ptm-observation:e7f2b6edacb80439f6002a672018e70912f738172dee6f85f983267c17406c67
UniProtKB:P24327	proteintraitsmech:B06	OK	-0.017155330162590014	1	ed467e0b64f412891a2d887b25600ab82179131018b569069bd94eab95262d12	ptm-observation:d24089fb0c4449971bd0478f3d8e2455efac3762cd55c36f3dec294ff8a21a83
UniProtKB:P24327	proteintraitsmech:B08	OK	-0.8222602739726027	1	ed467e0b64f412891a2d887b25600ab82179131018b569069bd94eab95262d12	ptm-observation:6de7af28110f8902bc6fd8a0063536d7a76dd59d51b8a1422170c6d868bd4152
UniProtKB:P24327	proteintraitsmech:B09	OK		1	ed467e0b64f412891a2d887b25600ab82179131018b569069bd94eab95262d12	ptm-observation:78a1a5cbca827f9a7046c9ecde7d0e73b48a1fb3ddd539713ef3f4bb4e728f67
UniProtKB:P24327	proteintraitsmech:B10	OK		1	ed467e0b64f412891a2d887b25600ab82179131018b569069bd94eab95262d12	ptm-observation:2246e844357cbbf5452dfa83fe6b74f92284fd1af092f497aa2eee6ab2491a49
UniProtKB:P24327	proteintraitsmech:B13	OK		1	ed467e0b64f412891a2d887b25600ab82179131018b569069bd94eab95262d12	ptm-observation:71b8e3579d7ded040ad449171aa06e70a7855c0fb89d971de11b901144442958
UniProtKB:P24327	proteintraitsmech:B16	OK	3.808735598053141	bit	ed467e0b64f412891a2d887b25600ab82179131018b569069bd94eab95262d12	ptm-observation:a27cce06efbfd5e2762b3a50d6e9a58a12489908116e6cd17e660484290aec40
UniProtKB:P24327	proteintraitsmech:B22	OK	0.1815068493150685	1	ed467e0b64f412891a2d887b25600ab82179131018b569069bd94eab95262d12	ptm-observation:5ea72185fd6b955cf01da384b37ad93e138c385861fd81c6db79f7e6a292fdd3
UniProtKB:P25531	proteintraitsmech:B01	OK	2.227526466272471	e	c2a423ff4df81aa38de2e0b22fb5feb39ac62640a74e9244132177f7eb321304	ptm-observation:f008e39472d2ea5b5ad5412b049d0606b9d5816ade72be9ec4dd67d757ed4fa6
UniProtKB:P25531	proteintraitsmech:B02	OK	8.5375297665596	pH	c2a423ff4df81aa38de2e0b22fb5feb39ac62640a74e9244132177f7eb321304	ptm-observation:1a615a71e2b49c750ffaa95a582471cb83b5ca29b13d3ca68d0fb7b1ec4b8e14
UniProtKB:P25531	proteintraitsmech:B03	OK	0.13063063063063063	1	c2a423ff4df81aa38de2e0b22fb5feb39ac62640a74e9244132177f7eb321304	ptm-observation:5c8c3a472ad56b6805aff3eea01387ad0c74d24fdca5f7eefadd447ab0046add
UniProtKB:P25531	proteintraitsmech:B04	OK	0.12162162162162163	1	c2a423ff4df81aa38de2e0b22fb5feb39ac62640a74e9244132177f7eb321304	ptm-observation:0b5e842374db0072bbeabf4c6857bea0aa7a23a6c948aa9a546bcc6dec50e5bf
UniProtKB:P25531	proteintraitsmech:B05	OK	0.25225225225225223	1	c2a423ff4df81aa38de2e0b22fb5feb39ac62640a74e9244132177f7eb321304	ptm-observation:ea47cc488c5f38d15c2d52e1903f3b0037e273863eded4a08da59280df036264
UniProtKB:P25531	proteintraitsmech:B06	OK	-0.3118358829997917	1	c2a423ff4df81aa38de2e0b22fb5feb39ac62640a74e9244132177f7eb321304	ptm-observation:943612598988730848a3ee0f1fbea310eddfbefa23221fb5820feabd3a034b52
UniProtKB:P25531	proteintraitsmech:B08	OK	-0.1148648648648649	1	c2a423ff4df81aa38de2e0b22fb5feb39ac62640a74e9244132177f7eb321304	ptm-observation:d40179418a22c25f017fcf5dc092761ae11d81fb9c47ce029ab93e21a95942e6
UniProtKB:P25531	proteintraitsmech:B09	OK		1	c2a423ff4df81aa38de2e0b22fb5feb39ac62640a74e9244132177f7eb321304	ptm-observation:9f949629021e78c54dfce229ec0802f39bf1261c418af0c6977b1b71a39a8838
UniProtKB:P25531	proteintraitsmech:B10	OK		1	c2a423ff4df81aa38de2e0b22fb5feb39ac62640a74e9244132177f7eb321304	ptm-observation:691d00a883002d6b3d0851642cd8c3c8ac315106485929fe67ace505c767688c
UniProtKB:P25531	proteintraitsmech:B13	OK		1	c2a423ff4df81aa38de2e0b22fb5feb39ac62640a74e9244132177f7eb321304	ptm-observation:beaf016c4bf228ca0bf1768345d806134651581295e214cf8a3c824e9dacc16c
UniProtKB:P25531	proteintraitsmech:B16	OK	4.072892016081226	bit	c2a423ff4df81aa38de2e0b22fb5feb39ac62640a74e9244132177f7eb321304	ptm-observation:12bc54133846082c83671bbcfb2a08f5af941a6da23996ec9823325cab0b9dd3
UniProtKB:P25531	proteintraitsmech:B22	OK	0.0045045045045045045	1	c2a423ff4df81aa38de2e0b22fb5feb39ac62640a74e9244132177f7eb321304	ptm-observation:a70730238a757fd82340788b0348d662fdaeffe9414d8e15524b9a4299e3a47a
UniProtKB:P26309	proteintraitsmech:B01	OK	11.68329717777498	e	dc8f18641684a8a6e4df67c03dd8d1549ffae0f0c4a77b578b3d496259ecea6f	ptm-observation:99df6ca83a30328a2bd757ffd5417f21a313c211d1d712542fb6ff5b4dc8d162
UniProtKB:P26309	proteintraitsmech:B02	OK	8.999417006969452	pH	dc8f18641684a8a6e4df67c03dd8d1549ffae0f0c4a77b578b3d496259ecea6f	ptm-observation:fdcdb27e21873f2ae892e4f0a42a3b0f17a3817d292c4f74c4df6d9e378ac65e
UniProtKB:P26309	proteintraitsmech:B03	OK	0.11967213114754098	1	dc8f18641684a8a6e4df67c03dd8d1549ffae0f0c4a77b578b3d496259ecea6f	ptm-observation:ebb35a861c65817dec83db20bd1c0682083191715de347c715cc814114b6c522
UniProtKB:P26309	proteintraitsmech:B04	OK	0.10163934426229508	1	dc8f18641684a8a6e4df67c03dd8d1549ffae0f0c4a77b578b3d496259ecea6f	ptm-observation:b2d34d2793b9fb168ebfec8ae2dfa0ecb1aa87d68ec72342386a94d941b617a8
UniProtKB:P26309	proteintraitsmech:B05	OK	0.22131147540983606	1	dc8f18641684a8a6e4df67c03dd8d1549ffae0f0c4a77b578b3d496259ecea6f	ptm-observation:1009b32b5230f5ed62476363f37824ae5d71db368c9bc74c63dce8d8fb27175f
UniProtKB:P26309	proteintraitsmech:B06	OK	-0.4428230589665238	1	dc8f18641684a8a6e4df67c03dd8d1549ffae0f0c4a77b578b3d496259ecea6f	ptm-observation:a00c607d4999a794c5f7a690378b353ed002970ebc8c05b86a560d338c1f96cf
UniProtKB:P26309	proteintraitsmech:B08	OK	-0.5260655737704919	1	dc8f18641684a8a6e4df67c03dd8d1549ffae0f0c4a77b578b3d496259ecea6f	ptm-observation:55aff28acfa51f839b7ec4b5ffe81693e53ba314314bf6c3e11de3e638136168
UniProtKB:P26309	proteintraitsmech:B09	OK		1	dc8f18641684a8a6e4df67c03dd8d1549ffae0f0c4a77b578b3d496259ecea6f	ptm-observation:b65b4a6a385c20e9af923131442be38be357cc547e6690c91f42892d3c524a33
UniProtKB:P26309	proteintraitsmech:B10	OK		1	dc8f18641684a8a6e4df67c03dd8d1549ffae0f0c4a77b578b3d496259ecea6f	ptm-observation:f1feb2f97cb7c500261291df9363814a45c024b490817e429256f2b5c06cb881
UniProtKB:P26309	proteintraitsmech:B13	OK		1	dc8f18641684a8a6e4df67c03dd8d1549ffae0f0c4a77b578b3d496259ecea6f	ptm-observation:8352b31eb17a7503333c9922bb0f6df6a0f97392fb51abcaad87b4d2b2bd78b2
UniProtKB:P26309	proteintraitsmech:B16	OK	4.1353545788436215	bit	dc8f18641684a8a6e4df67c03dd8d1549ffae0f0c4a77b578b3d496259ecea6f	ptm-observation:626cb9149fe7fe039877cbb0884ac8bb39f7c9b570b012ab0fea4d182c0cc6cd
UniProtKB:P26309	proteintraitsmech:B22	OK	0.3540983606557377	1	dc8f18641684a8a6e4df67c03dd8d1549ffae0f0c4a77b578b3d496259ecea6f	ptm-observation:aae79b080f6062cd23b7150c8fe5cd13dd64b663f564617c8c6bb53972f72c82
UniProtKB:P26358	proteintraitsmech:B01	OK	8.135966019786629	e	fc574e32e4a88543e8f5373b656b0b1999faaac2fec70fcdbe637f375aa2f65a	ptm-observation:8587e398ba5a3c4f927e5db9c7ca45b6fe103ba144864e4b6e97547960e4e2e8
UniProtKB:P26358	proteintraitsmech:B02	OK	7.98885315656662	pH	fc574e32e4a88543e8f5373b656b0b1999faaac2fec70fcdbe637f375aa2f65a	ptm-observation:a4fd03af44f2f95f37ed9bfce91cf8568cbf98d5042c67abbb4e513c4dbae8d4
UniProtKB:P26358	proteintraitsmech:B03	OK	0.15717821782178218	1	fc574e32e4a88543e8f5373b656b0b1999faaac2fec70fcdbe637f375aa2f65a	ptm-observation:3334bbb1947b879638bd8dc4d7a2c2763c46071faad3551d9b51a3d096a0cdba
UniProtKB:P26358	proteintraitsmech:B04	OK	0.15346534653465346	1	fc574e32e4a88543e8f5373b656b0b1999faaac2fec70fcdbe637f375aa2f65a	ptm-observation:fc6b7d6d63190547360982841160e22afed0f919934348567861f405ed1dcc14
UniProtKB:P26358	proteintraitsmech:B05	OK	0.31064356435643564	1	fc574e32e4a88543e8f5373b656b0b1999faaac2fec70fcdbe637f375aa2f65a	ptm-observation:c226edef0fae160b13919db954ed094efb17c05b2fd20c9ca3ba358d1e511883
UniProtKB:P26358	proteintraitsmech:B06	OK	-5.43219179022625	1	fc574e32e4a88543e8f5373b656b0b1999faaac2fec70fcdbe637f375aa2f65a	ptm-observation:2b5c85d77297fc936d2ba7c8fb790ee5ebf9a5376b3f73a0cd20965cf9e651c4
UniProtKB:P26358	proteintraitsmech:B08	OK	-0.7980816831683168	1	fc574e32e4a88543e8f5373b656b0b1999faaac2fec70fcdbe637f375aa2f65a	ptm-observation:e132a23562f57dd32703f0ab5ae30521d8d4ac72efd64a6e5d57dd7b900d0f7b
UniProtKB:P26358	proteintraitsmech:B09	OK		1	fc574e32e4a88543e8f5373b656b0b1999faaac2fec70fcdbe637f375aa2f65a	ptm-observation:4a4b57c139cb53d9cb6e7c965676c98ddafc77c8f0019ce96b4ce550c2148560
UniProtKB:P26358	proteintraitsmech:B10	OK		1	fc574e32e4a88543e8f5373b656b0b1999faaac2fec70fcdbe637f375aa2f65a	ptm-observation:63d9b9a2b9665db33db221c5cb072e0b5297a047e57cc7f79b9badf114fd16ec
UniProtKB:P26358	proteintraitsmech:B13	OK		1	fc574e32e4a88543e8f5373b656b0b1999faaac2fec70fcdbe637f375aa2f65a	ptm-observation:ae406fec43b9e7ed55b7eada32d6e531a7a3a7309e64a49c2b71d253aae2dfde
UniProtKB:P26358	proteintraitsmech:B16	OK	4.1599466814521024	bit	fc574e32e4a88543e8f5373b656b0b1999faaac2fec70fcdbe637f375aa2f65a	ptm-observation:aa194d14b7d09756f014d2c1f94f162cd4da07d3557624455757762eaca671b9
UniProtKB:P26358	proteintraitsmech:B22	OK	0.24504950495049505	1	fc574e32e4a88543e8f5373b656b0b1999faaac2fec70fcdbe637f375aa2f65a	ptm-observation:1691b936cfed22abac6c544b29b318634173bc371ad6ffb6bccbc2d43d8b9bca
UniProtKB:P27623	proteintraitsmech:B01	OK	-4.048640467846942	e	c322778202cf58112af62a9d035205f6900614d8af1c7f247e4d5b6a6c275fb7	ptm-observation:d0733459c4adf32c80fb530116f17df9a13bc078610cf45f708b9d7245d4e730
UniProtKB:P27623	proteintraitsmech:B02	OK	5.725165665149689	pH	c322778202cf58112af62a9d035205f6900614d8af1c7f247e4d5b6a6c275fb7	ptm-observation:114f321b08288e6103c3f514f3e911374f8dd2c4e9511abb7f860e273a61cedb
UniProtKB:P27623	proteintraitsmech:B03	OK	0.14728682170542637	1	c322778202cf58112af62a9d035205f6900614d8af1c7f247e4d5b6a6c275fb7	ptm-observation:f8b1f64d9950cca48c3aa5102c9bebd5d0ca349c11b5c32337111d15b428199c
UniProtKB:P27623	proteintraitsmech:B04	OK	0.17829457364341086	1	c322778202cf58112af62a9d035205f6900614d8af1c7f247e4d5b6a6c275fb7	ptm-observation:5df2429dc26885ab3db5e5699fb0d01634086e4dcf0fced6878dfb5a49407c88
UniProtKB:P27623	proteintraitsmech:B05	OK	0.32558139534883723	1	c322778202cf58112af62a9d035205f6900614d8af1c7f247e4d5b6a6c275fb7	ptm-observation:3dbf524915e4c01cf5080330aa84a42a7886b99710a6a54275caa4cb262e3d7a
UniProtKB:P27623	proteintraitsmech:B06	OK	-0.833607990460019	1	c322778202cf58112af62a9d035205f6900614d8af1c7f247e4d5b6a6c275fb7	ptm-observation:f445b54c1088ef173e06001b9baf62ffc726abfd640126b82d37b25050aeeca0
UniProtKB:P27623	proteintraitsmech:B08	OK	-0.49147286821705427	1	c322778202cf58112af62a9d035205f6900614d8af1c7f247e4d5b6a6c275fb7	ptm-observation:d2ef2f6a24eedd34e6aa1746a27e88d3645420cee65f994cb45af2b9123bff73
UniProtKB:P27623	proteintraitsmech:B09	OK		1	c322778202cf58112af62a9d035205f6900614d8af1c7f247e4d5b6a6c275fb7	ptm-observation:345f77186d53ff150d3b35223612b4f8956ba89f593406b7f24728c01ee4a8c7
UniProtKB:P27623	proteintraitsmech:B10	OK		1	c322778202cf58112af62a9d035205f6900614d8af1c7f247e4d5b6a6c275fb7	ptm-observation:fe85918e9be4c77cf87f35f546a9d193c23c70a2bac0cdb58b97f26973bdc737
UniProtKB:P27623	proteintraitsmech:B13	OK		1	c322778202cf58112af62a9d035205f6900614d8af1c7f247e4d5b6a6c275fb7	ptm-observation:13710812c8ca62fd5f3289f102be043d50ab0c90c038f386a8a85b42007d48b5
UniProtKB:P27623	proteintraitsmech:B16	OK	4.049587378284457	bit	c322778202cf58112af62a9d035205f6900614d8af1c7f247e4d5b6a6c275fb7	ptm-observation:7b046af3fa9f30db5dca73bf99eb8b585373bcc07ba597acbfbcd034942d3db0
UniProtKB:P27623	proteintraitsmech:B22	OK	0.0	1	c322778202cf58112af62a9d035205f6900614d8af1c7f247e4d5b6a6c275fb7	ptm-observation:806eabccfd1396aab018dfb73fedb2d14da7daf28fb94dfa1edf6e1ec8522149
UniProtKB:P27828	proteintraitsmech:B01	OK	-7.333592856080907	e	b43aae9a814ba4adc628251f2ba9b161193091ff906a837818ca0b0ea7681a5e	ptm-observation:52405b1e95d04143066cd92428dccf89cc864ebe3e0a7934cbd8610d7cd61440
UniProtKB:P27828	proteintraitsmech:B02	OK	5.920201003551483	pH	b43aae9a814ba4adc628251f2ba9b161193091ff906a837818ca0b0ea7681a5e	ptm-observation:9674144b27e7cebfbae7d0692061f4c1f33aee2fbe540aab7a00e900dd8eacb0
UniProtKB:P27828	proteintraitsmech:B03	OK	0.10372340425531915	1	b43aae9a814ba4adc628251f2ba9b161193091ff906a837818ca0b0ea7681a5e	ptm-observation:6f241ef0ccf8ed4eb2cd4ca060fd93e6684f988e927c191b116e04dd975f2362
UniProtKB:P27828	proteintraitsmech:B04	OK	0.125	1	b43aae9a814ba4adc628251f2ba9b161193091ff906a837818ca0b0ea7681a5e	ptm-observation:ff899eb39aa21e0dc4e26afd9defea2d85cd67853284bc76fef6ab37994c7f58
UniProtKB:P27828	proteintraitsmech:B05	OK	0.22872340425531915	1	b43aae9a814ba4adc628251f2ba9b161193091ff906a837818ca0b0ea7681a5e	ptm-observation:b68759a051f86bfd8ad915b6db593f5d212a624dc99b0438d518d804fa97c18a
UniProtKB:P27828	proteintraitsmech:B06	OK	0.30093941015359266	1	b43aae9a814ba4adc628251f2ba9b161193091ff906a837818ca0b0ea7681a5e	ptm-observation:68877f3a943ff2857afdf6bfcdadfe3b0e0d29c508d3564cbf3519aa808e24b3
UniProtKB:P27828	proteintraitsmech:B08	OK	-0.15132978723404256	1	b43aae9a814ba4adc628251f2ba9b161193091ff906a837818ca0b0ea7681a5e	ptm-observation:33099a71910c3c1d16f47d938c3c11fdbe3c4cd24e168a803db53cab5846b1cc
UniProtKB:P27828	proteintraitsmech:B09	OK		1	b43aae9a814ba4adc628251f2ba9b161193091ff906a837818ca0b0ea7681a5e	ptm-observation:c5b51b4fc9e47ccb625163d381fa528d1bb42fe63d4a121bd1a034f5e48e2e44
UniProtKB:P27828	proteintraitsmech:B10	OK		1	b43aae9a814ba4adc628251f2ba9b161193091ff906a837818ca0b0ea7681a5e	ptm-observation:307ffdd313f7a1b6c076a1b46cad4fa431ba79fcc1efb4dce318b385ecd81fc1
UniProtKB:P27828	proteintraitsmech:B13	OK		1	b43aae9a814ba4adc628251f2ba9b161193091ff906a837818ca0b0ea7681a5e	ptm-observation:d4116f957bcfc7e18b55eebb1744c3406b5ddd37acf03b6e15335d5306d5d998
UniProtKB:P27828	proteintraitsmech:B16	OK	4.142118116895973	bit	b43aae9a814ba4adc628251f2ba9b161193091ff906a837818ca0b0ea7681a5e	ptm-observation:60a0ef77f9e6366949fe38ad44e6380edca603290fffd53c7e9a40997edf5eca
UniProtKB:P27828	proteintraitsmech:B22	OK	0.0	1	b43aae9a814ba4adc628251f2ba9b161193091ff906a837818ca0b0ea7681a5e	ptm-observation:7499a765e439884d06aeb892aa03eecec83177744f63e77dd5c8330903c9ceab
UniProtKB:P27859	proteintraitsmech:B01	OK	-11.72052490258959	e	e2c60f5c996cf594f50be0fea16fba662ffc4e1fde99f3f69c98c7097abfb83e	ptm-observation:cd75dbefe4bff4588a24e9b3a8c12136a6290b965a40060ec4782898993d7403
UniProtKB:P27859	proteintraitsmech:B02	OK	5.175430119037628	pH	e2c60f5c996cf594f50be0fea16fba662ffc4e1fde99f3f69c98c7097abfb83e	ptm-observation:639548fb0e0b186a22b6f49aa85e8ec8d8e13393a5f59ca31538842d1d7a3d74
UniProtKB:P27859	proteintraitsmech:B03	OK	0.08846153846153847	1	e2c60f5c996cf594f50be0fea16fba662ffc4e1fde99f3f69c98c7097abfb83e	ptm-observation:6130de0d0c40f52a3d34cec1120fd490233e3f2be0a03c7b4b9e838712762f97
UniProtKB:P27859	proteintraitsmech:B04	OK	0.1346153846153846	1	e2c60f5c996cf594f50be0fea16fba662ffc4e1fde99f3f69c98c7097abfb83e	ptm-observation:206e0e6961917288c4936ab9227107f0192106288776d7d92acc0811e9c78a82
UniProtKB:P27859	proteintraitsmech:B05	OK	0.2230769230769231	1	e2c60f5c996cf594f50be0fea16fba662ffc4e1fde99f3f69c98c7097abfb83e	ptm-observation:9c62f07b425f79f7a3814e6a4bde34e6f2f715f06f51c336bb88be6888dfcd96
UniProtKB:P27859	proteintraitsmech:B06	OK	1.5566146783186507	1	e2c60f5c996cf594f50be0fea16fba662ffc4e1fde99f3f69c98c7097abfb83e	ptm-observation:0c99774c22544c9c2d944548a2d2adaa224fec4a1311ace6ac14dc900ec3a155
UniProtKB:P27859	proteintraitsmech:B08	OK	-0.1561538461538462	1	e2c60f5c996cf594f50be0fea16fba662ffc4e1fde99f3f69c98c7097abfb83e	ptm-observation:31db10932b898cbc0f436c53aa9c8f0dbf4c7e3eb4b3acc6a6146501f2237936
UniProtKB:P27859	proteintraitsmech:B09	OK		1	e2c60f5c996cf594f50be0fea16fba662ffc4e1fde99f3f69c98c7097abfb83e	ptm-observation:fb7af8c07867d01723ce66eb9907bde05fbf1b90d9a679f6bf15735b484d31f2
UniProtKB:P27859	proteintraitsmech:B10	OK		1	e2c60f5c996cf594f50be0fea16fba662ffc4e1fde99f3f69c98c7097abfb83e	ptm-observation:25e32f520b9ff3a29d655dda13b7775505fcfb6931c6cf37d94f33013f474a60
UniProtKB:P27859	proteintraitsmech:B13	OK		1	e2c60f5c996cf594f50be0fea16fba662ffc4e1fde99f3f69c98c7097abfb83e	ptm-observation:6fa2dfcd3f40f1831b84cbc94425539f35397ce567927e54c61c0918c60de35b
UniProtKB:P27859	proteintraitsmech:B16	OK	4.1249635143140235	bit	e2c60f5c996cf594f50be0fea16fba662ffc4e1fde99f3f69c98c7097abfb83e	ptm-observation:515498de051846e6b349283d464bcc6d23f39fd72fa23801b535bc81234ec849
UniProtKB:P27859	proteintraitsmech:B22	OK	0.0	1	e2c60f5c996cf594f50be0fea16fba662ffc4e1fde99f3f69c98c7097abfb83e	ptm-observation:e5d72ce7fd0fa9fd3c6f4f5be9c8799fc359109538a9a1bc2da0d6a32b8f0e59
UniProtKB:P29055	proteintraitsmech:B01	OK	7.882275291587687	e	0fa9bee9dca0f30ef3952bc72507f0256e898c3f588f305daea4c2636bc7a0cd	ptm-observation:5f910013430ec9475b6ba5b4ec435fb2f2b2bc8f126339634470ff2988ee32a1
UniProtKB:P29055	proteintraitsmech:B02	OK	8.851923644542694	pH	0fa9bee9dca0f30ef3952bc72507f0256e898c3f588f305daea4c2636bc7a0cd	ptm-observation:a654d2758d6e8d5b6fbff4f68a23eb302a24587fb00637d335a91d913f10931d
UniProtKB:P29055	proteintraitsmech:B03	OK	0.15072463768115943	1	0fa9bee9dca0f30ef3952bc72507f0256e898c3f588f305daea4c2636bc7a0cd	ptm-observation:792385891c6b8d94e02a749d615a304124e49b4f789e3122965111691965b47e
UniProtKB:P29055	proteintraitsmech:B04	OK	0.12753623188405797	1	0fa9bee9dca0f30ef3952bc72507f0256e898c3f588f305daea4c2636bc7a0cd	ptm-observation:f29c7548979c057457814ee2621f307839a586a409d383d1d460365c3158f5ff
UniProtKB:P29055	proteintraitsmech:B05	OK	0.2782608695652174	1	0fa9bee9dca0f30ef3952bc72507f0256e898c3f588f305daea4c2636bc7a0cd	ptm-observation:b9633824a25daecc6445234c118fdb066c0cd70523ec862fe86b545d69e6a591
UniProtKB:P29055	proteintraitsmech:B06	OK	0.11980887651634049	1	0fa9bee9dca0f30ef3952bc72507f0256e898c3f588f305daea4c2636bc7a0cd	ptm-observation:c8d9e60130f7d9604bccb04494178a3db2a1cc2140e8bb626efc531edd4ee9b1
UniProtKB:P29055	proteintraitsmech:B08	OK	-0.31217391304347825	1	0fa9bee9dca0f30ef3952bc72507f0256e898c3f588f305daea4c2636bc7a0cd	ptm-observation:799ed61f3299d4e9d77a853e0bd0d31a97a17ff00626fec0330a3079637a6ccc
UniProtKB:P29055	proteintraitsmech:B09	OK		1	0fa9bee9dca0f30ef3952bc72507f0256e898c3f588f305daea4c2636bc7a0cd	ptm-observation:914b53c6e926cfe9dcc45566a4560bea78562679e0fd899e7f66aeb7dc14b309
UniProtKB:P29055	proteintraitsmech:B10	OK		1	0fa9bee9dca0f30ef3952bc72507f0256e898c3f588f305daea4c2636bc7a0cd	ptm-observation:07de874f223d409f1b4ddfcbfa49e7cf4814d511b6371af7de974bcc6bc7a3d3
UniProtKB:P29055	proteintraitsmech:B13	OK		1	0fa9bee9dca0f30ef3952bc72507f0256e898c3f588f305daea4c2636bc7a0cd	ptm-observation:3f65cf0de99a483534af3b2cb955c1e8ebb279e2d83ffe8d20430fd57876a787
UniProtKB:P29055	proteintraitsmech:B16	OK	4.108098455495703	bit	0fa9bee9dca0f30ef3952bc72507f0256e898c3f588f305daea4c2636bc7a0cd	ptm-observation:42fde44e246c8cecda889ceea8a4b83b3fc6b5ed5b865a67dcd0a2cffec88bd5
UniProtKB:P29055	proteintraitsmech:B22	OK	0.1826086956521739	1	0fa9bee9dca0f30ef3952bc72507f0256e898c3f588f305daea4c2636bc7a0cd	ptm-observation:21ab2ffa7e04046f274c72307daf75085ce885268a1a88150a36919fc9d782b2
UniProtKB:P29208	proteintraitsmech:B01	OK	-12.298918071994942	e	a9b98b5352957cb1671815e1bb12647f982474a40971e847e8bf18d1f4094b6a	ptm-observation:09f693f1b437bd43b45191591c5cca43cb46f3c5600df8d67b47f05e54637b1a
UniProtKB:P29208	proteintraitsmech:B02	OK	4.835726082324982	pH	a9b98b5352957cb1671815e1bb12647f982474a40971e847e8bf18d1f4094b6a	ptm-observation:b14cd5b75a343574d63134d2216ce8929fc60d37fa03f0f57d05b41d76f3517d
UniProtKB:P29208	proteintraitsmech:B03	OK	0.10625	1	a9b98b5352957cb1671815e1bb12647f982474a40971e847e8bf18d1f4094b6a	ptm-observation:d6cf49c758e1da7856954185c824bfd030517cf967231f16f3c7499baec0c4b1
UniProtKB:P29208	proteintraitsmech:B04	OK	0.14375	1	a9b98b5352957cb1671815e1bb12647f982474a40971e847e8bf18d1f4094b6a	ptm-observation:be57a10e204f0ba6d2fe3e40a0bbe61305dbd666813c99ef1b73a3276edc5806
UniProtKB:P29208	proteintraitsmech:B05	OK	0.25	1	a9b98b5352957cb1671815e1bb12647f982474a40971e847e8bf18d1f4094b6a	ptm-observation:47c64f211f9d1aaa93f43f50eb4b01a2245c30716e7f2a10e65ce2421af0f23c
UniProtKB:P29208	proteintraitsmech:B06	OK	1.3226246736202156	1	a9b98b5352957cb1671815e1bb12647f982474a40971e847e8bf18d1f4094b6a	ptm-observation:59850351b47198cd24d637264cbdb4afa76ca3948daef7173ebc8ba4d7d3493b
UniProtKB:P29208	proteintraitsmech:B08	OK	-0.11687500000000002	1	a9b98b5352957cb1671815e1bb12647f982474a40971e847e8bf18d1f4094b6a	ptm-observation:48154d5bb3904de559ded77ad879c5ed0117d53ee453162613afc6a19043c23a
UniProtKB:P29208	proteintraitsmech:B09	OK		1	a9b98b5352957cb1671815e1bb12647f982474a40971e847e8bf18d1f4094b6a	ptm-observation:61b4d2783711a9363210350e03ed9a7789a7e684e2eb4c0886c059c112af08ce
UniProtKB:P29208	proteintraitsmech:B10	OK		1	a9b98b5352957cb1671815e1bb12647f982474a40971e847e8bf18d1f4094b6a	ptm-observation:1ae28ed2146fc3d13addb2b77c7edffa370764a661fe2f818acb909dbc21c0e8
UniProtKB:P29208	proteintraitsmech:B13	OK		1	a9b98b5352957cb1671815e1bb12647f982474a40971e847e8bf18d1f4094b6a	ptm-observation:1c8f23496be504eaff65d2e6dbe215ebe1018efe9d792825ecc7793c1867cd67
UniProtKB:P29208	proteintraitsmech:B16	OK	4.03276169691795	bit	a9b98b5352957cb1671815e1bb12647f982474a40971e847e8bf18d1f4094b6a	ptm-observation:87cda66ead9e721193ecd1b8f3ad8da329675a835759fb08788e54f77313755f
UniProtKB:P29208	proteintraitsmech:B22	OK	0.0	1	a9b98b5352957cb1671815e1bb12647f982474a40971e847e8bf18d1f4094b6a	ptm-observation:db0f9c850fde5f4485d27eb78fe5e8a137c63b59b3c10e21c9ff95c83e4d21dc
UniProtKB:P29352	proteintraitsmech:B01	OK	-0.1039421920181397	e	7705820807d9bb63be87a6c4e51f5e97f17f647a91fae27d6d814f3da25d0859	ptm-observation:b2d86028c3886cc1006900f02550450fe6d512a12a46ed90f417cb62768934ee
UniProtKB:P29352	proteintraitsmech:B02	OK	6.978632271289825	pH	7705820807d9bb63be87a6c4e51f5e97f17f647a91fae27d6d814f3da25d0859	ptm-observation:355682afbe43700c3f3cd3ed332b4fe4da4d80af739c27c7d2d331020f2dd2d4
UniProtKB:P29352	proteintraitsmech:B03	OK	0.11596009975062344	1	7705820807d9bb63be87a6c4e51f5e97f17f647a91fae27d6d814f3da25d0859	ptm-observation:b2cf89702cc6057dbd9b8e0aae5d0b0e90fe82652801814c37ac705f08acf7be
UniProtKB:P29352	proteintraitsmech:B04	OK	0.1172069825436409	1	7705820807d9bb63be87a6c4e51f5e97f17f647a91fae27d6d814f3da25d0859	ptm-observation:c98498d26d4fdfef6e5e0490a584e1c17b7f5543b96a2fc0ed4e3e2e34e243f1
UniProtKB:P29352	proteintraitsmech:B05	OK	0.23316708229426433	1	7705820807d9bb63be87a6c4e51f5e97f17f647a91fae27d6d814f3da25d0859	ptm-observation:6373044f0abdf05406122caa03b23d819eccf0fcde63458ba0a3019d297784eb
UniProtKB:P29352	proteintraitsmech:B06	OK	-2.5944733246708105	1	7705820807d9bb63be87a6c4e51f5e97f17f647a91fae27d6d814f3da25d0859	ptm-observation:b1edfdca63e9cd4d5d5121585b333d2e848e0c1a284e6398b15296f62350e343
UniProtKB:P29352	proteintraitsmech:B08	OK	-0.5745635910224439	1	7705820807d9bb63be87a6c4e51f5e97f17f647a91fae27d6d814f3da25d0859	ptm-observation:9acaf0a81ce68e36c54edadc672b45214166ebc2709c8f8c51b288488f4ec337
UniProtKB:P29352	proteintraitsmech:B09	OK		1	7705820807d9bb63be87a6c4e51f5e97f17f647a91fae27d6d814f3da25d0859	ptm-observation:aa0a5918ea92ba216dc56bd0c68fb0c1e22e766ba658cf6218d3736ccdaa8eba
UniProtKB:P29352	proteintraitsmech:B10	OK		1	7705820807d9bb63be87a6c4e51f5e97f17f647a91fae27d6d814f3da25d0859	ptm-observation:c14cc73d340cba47e60b862a6c67dcb8d4c35499bd85ee2082a8928688bda20d
UniProtKB:P29352	proteintraitsmech:B13	OK		1	7705820807d9bb63be87a6c4e51f5e97f17f647a91fae27d6d814f3da25d0859	ptm-observation:4229ee564abfb32948bc9b4e60381756a7bb90160434898e2e8bbcfc0e8ef69c
UniProtKB:P29352	proteintraitsmech:B16	OK	4.152212420571684	bit	7705820807d9bb63be87a6c4e51f5e97f17f647a91fae27d6d814f3da25d0859	ptm-observation:db8cb77f39f1aa4ee4eb08dbdab238699cb47d10e4cfa2e62f77ec14c00864cd
UniProtKB:P29352	proteintraitsmech:B22	OK	0.6321695760598504	1	7705820807d9bb63be87a6c4e51f5e97f17f647a91fae27d6d814f3da25d0859	ptm-observation:f26b095e9bfbe8f92e3b79946e77bb1570b3a6252099c515b00aed018c56dd7c
UniProtKB:P29401	proteintraitsmech:B01	OK	1.9418657525970375	e	7537635d5a2dfd6b215796dbfdfb18cdd78fe52913a90a3b426ef989f7505019	ptm-observation:dba6d090833fb327996812c1e21a2d0eb727dc59931fb824ef61baccc8bfca12
UniProtKB:P29401	proteintraitsmech:B02	OK	7.578986465930939	pH	7537635d5a2dfd6b215796dbfdfb18cdd78fe52913a90a3b426ef989f7505019	ptm-observation:5a5ad3c14d73f209d0dfc5814a7af1c72e00e5dc9186298fa4acd7bafb5c3f0a
UniProtKB:P29401	proteintraitsmech:B03	OK	0.11396468699839486	1	7537635d5a2dfd6b215796dbfdfb18cdd78fe52913a90a3b426ef989f7505019	ptm-observation:fa36edce76c37dd6f8926537320d081855ec1ac4d7bdbfcaa7e5ebe06d81bb13
UniProtKB:P29401	proteintraitsmech:B04	OK	0.11235955056179775	1	7537635d5a2dfd6b215796dbfdfb18cdd78fe52913a90a3b426ef989f7505019	ptm-observation:87cd0f4ed9c6a933ceb07b36fa265a902a073be503e228ce352b0429adf6a6df
UniProtKB:P29401	proteintraitsmech:B05	OK	0.22632423756019263	1	7537635d5a2dfd6b215796dbfdfb18cdd78fe52913a90a3b426ef989f7505019	ptm-observation:446ad1f5ad76fedb0fb75bacec0bf0445a180c55a731ea8493edefa0f6ece48e
UniProtKB:P29401	proteintraitsmech:B06	OK	-0.6200060056557022	1	7537635d5a2dfd6b215796dbfdfb18cdd78fe52913a90a3b426ef989f7505019	ptm-observation:0ece04f750c80c4c1c8752c969b7944cb16a86c14a5ca16d5b78e8916249d107
UniProtKB:P29401	proteintraitsmech:B08	OK	-0.17399678972712682	1	7537635d5a2dfd6b215796dbfdfb18cdd78fe52913a90a3b426ef989f7505019	ptm-observation:c9f1412930f325ef9294c67de1f35f6a339e5e28716f4711061384deeb550f0d
UniProtKB:P29401	proteintraitsmech:B09	OK		1	7537635d5a2dfd6b215796dbfdfb18cdd78fe52913a90a3b426ef989f7505019	ptm-observation:1c827b3c71c9c23634b66627172269f3804d8374a617b0b2b53679f5e8bd118b
UniProtKB:P29401	proteintraitsmech:B10	OK		1	7537635d5a2dfd6b215796dbfdfb18cdd78fe52913a90a3b426ef989f7505019	ptm-observation:04f462d8d62d7b102e401609f3ca75884cd7618bb488fbf11c36002bf1770e95
UniProtKB:P29401	proteintraitsmech:B13	OK		1	7537635d5a2dfd6b215796dbfdfb18cdd78fe52913a90a3b426ef989f7505019	ptm-observation:41a36fc6a8a3769e2a984cedcf54be4c6d809abc5e7750f718d4521199dcca84
UniProtKB:P29401	proteintraitsmech:B16	OK	4.139368662651497	bit	7537635d5a2dfd6b215796dbfdfb18cdd78fe52913a90a3b426ef989f7505019	ptm-observation:0fc1b953700e6716e9a311905cec382c26d3edc11529fb338139ac632427dfe5
UniProtKB:P29401	proteintraitsmech:B22	OK	0.004815409309791332	1	7537635d5a2dfd6b215796dbfdfb18cdd78fe52913a90a3b426ef989f7505019	ptm-observation:46ce88af53aa6efdb5adab38f7ac9085d385bbaec083baa188b98b4cd923b8f8
UniProtKB:P29525	proteintraitsmech:B01	OK	4.028373859407395	e	695d0d16255be5c53d47eef820bdaef31b05b3eb26cc2ad8d36f347fbdafade6	ptm-observation:b8e2fcbdd2a0e976ab61374dc29f4dc7e9676d2003cb89cb12ba6f68308d0046
UniProtKB:P29525	proteintraitsmech:B02	OK	9.431342780590057	pH	695d0d16255be5c53d47eef820bdaef31b05b3eb26cc2ad8d36f347fbdafade6	ptm-observation:7a5ec8cac9ece806e4376828e3630ee7c83f46fd79f63ea5f005c083cc8b0f2e
UniProtKB:P29525	proteintraitsmech:B03	OK	0.10404624277456648	1	695d0d16255be5c53d47eef820bdaef31b05b3eb26cc2ad8d36f347fbdafade6	ptm-observation:fe48ed9f8dc321e2339242731621ec5dd911f7615360a5a58664a38154ad1152
UniProtKB:P29525	proteintraitsmech:B04	OK	0.08092485549132948	1	695d0d16255be5c53d47eef820bdaef31b05b3eb26cc2ad8d36f347fbdafade6	ptm-observation:6c54105ac18effa43bd4a761b965cf12e16a17e2aead680a6be7bbd2ce96e504
UniProtKB:P29525	proteintraitsmech:B05	OK	0.18497109826589594	1	695d0d16255be5c53d47eef820bdaef31b05b3eb26cc2ad8d36f347fbdafade6	ptm-observation:f0071faf64d2fba2113afdae75496b17d23a60fe0a113575ac894cd39d7994ee
UniProtKB:P29525	proteintraitsmech:B06	OK	0.09246544685779151	1	695d0d16255be5c53d47eef820bdaef31b05b3eb26cc2ad8d36f347fbdafade6	ptm-observation:47f5e04d932e2e4b0bb8894526ca884b688c492709eacae2f6f36d752b3d4475
UniProtKB:P29525	proteintraitsmech:B08	OK	-0.16763005780346824	1	695d0d16255be5c53d47eef820bdaef31b05b3eb26cc2ad8d36f347fbdafade6	ptm-observation:4c56955c5ce37f29e1141f25bb5403546c54b448989fe518e63bec6d34fbca03
UniProtKB:P29525	proteintraitsmech:B09	OK		1	695d0d16255be5c53d47eef820bdaef31b05b3eb26cc2ad8d36f347fbdafade6	ptm-observation:ea426b5bdda90e15af43ea0d9c9db0c2101be167d1a2a8b4bdd9d5723df47960
UniProtKB:P29525	proteintraitsmech:B10	OK		1	695d0d16255be5c53d47eef820bdaef31b05b3eb26cc2ad8d36f347fbdafade6	ptm-observation:e455eab334e40f40b7ced77d57d71923e9863f4b0f0679f5cb58a15c3348ad98
UniProtKB:P29525	proteintraitsmech:B13	OK		1	695d0d16255be5c53d47eef820bdaef31b05b3eb26cc2ad8d36f347fbdafade6	ptm-observation:5ba507e423cca07f339dbc3c95e098a4b4e1c9761a837155448c5a0dcb46b8e0
UniProtKB:P29525	proteintraitsmech:B16	OK	3.9309514903514913	bit	695d0d16255be5c53d47eef820bdaef31b05b3eb26cc2ad8d36f347fbdafade6	ptm-observation:6c2e164b6756e882bb7694eee363fa475bbbd87d33affe82da44eb075b30378e
UniProtKB:P29525	proteintraitsmech:B22	OK	0.5433526011560693	1	695d0d16255be5c53d47eef820bdaef31b05b3eb26cc2ad8d36f347fbdafade6	ptm-observation:870c3fc8176aa0b0fcb5f99a3ba785aa37fbd2be3e1a87c1b1ddf075c6f710bc
UniProtKB:P29747	proteintraitsmech:B01	OK	-11.636968097733737	e	9280ce21ce240e7bf237938ab3ce1fea5887580f8ae15624561830116e6c9076	ptm-observation:d64f90bb714d8b33a1395aaff50a130f44816b85b48d553c6207c15e82c852a2
UniProtKB:P29747	proteintraitsmech:B02	OK	5.894695580005646	pH	9280ce21ce240e7bf237938ab3ce1fea5887580f8ae15624561830116e6c9076	ptm-observation:17d297c9e52d820fa7b4b9a2063adbbd03456ebfc8193911b90531b52c480fea
UniProtKB:P29747	proteintraitsmech:B03	OK	0.10271317829457365	1	9280ce21ce240e7bf237938ab3ce1fea5887580f8ae15624561830116e6c9076	ptm-observation:2b84d68dede614e5a531724bd9435a19356be4698633576872e1c937bca43a88
UniProtKB:P29747	proteintraitsmech:B04	OK	0.12790697674418605	1	9280ce21ce240e7bf237938ab3ce1fea5887580f8ae15624561830116e6c9076	ptm-observation:d272ee7336fa1deba5d85f42cbc2ef146c92306a784a7090eb2d30be81b7b196
UniProtKB:P29747	proteintraitsmech:B05	OK	0.23062015503875968	1	9280ce21ce240e7bf237938ab3ce1fea5887580f8ae15624561830116e6c9076	ptm-observation:e72030de06ec0047a09884a28172de0a84e8a7a11fa9b64362ccf9514c4b1cf4
UniProtKB:P29747	proteintraitsmech:B06	OK	-5.153516467311595	1	9280ce21ce240e7bf237938ab3ce1fea5887580f8ae15624561830116e6c9076	ptm-observation:e812880b6c5b539daad9c97597907b08e60d4731bb7569836bcf2d0ce9b76d71
UniProtKB:P29747	proteintraitsmech:B08	OK	-0.6395348837209303	1	9280ce21ce240e7bf237938ab3ce1fea5887580f8ae15624561830116e6c9076	ptm-observation:c6a12bae8b5eaccec34bb44ad0bf83731ec9f2fee99fc24654ae43cb65596048
UniProtKB:P29747	proteintraitsmech:B09	OK		1	9280ce21ce240e7bf237938ab3ce1fea5887580f8ae15624561830116e6c9076	ptm-observation:3f4dc6bb3afced4df8753724e9dc35f2be1d5998b5742444fdcf9fe4f6604209
UniProtKB:P29747	proteintraitsmech:B10	OK		1	9280ce21ce240e7bf237938ab3ce1fea5887580f8ae15624561830116e6c9076	ptm-observation:362a051a18addb6840a05a2c68f8d345b05f569f365b0de06334fea8f6299d87
UniProtKB:P29747	proteintraitsmech:B13	OK		1	9280ce21ce240e7bf237938ab3ce1fea5887580f8ae15624561830116e6c9076	ptm-observation:a9d15bad7dcbb75a456c039d714f5a04e6b88cce546fa1128f9aa588801a2c4f
UniProtKB:P29747	proteintraitsmech:B16	OK	3.9880509650787928	bit	9280ce21ce240e7bf237938ab3ce1fea5887580f8ae15624561830116e6c9076	ptm-observation:1bda9e619871a3298540bf2a6bc269c4db674de424f95d3e7cb391bf01325135
UniProtKB:P29747	proteintraitsmech:B22	OK	0.810077519379845	1	9280ce21ce240e7bf237938ab3ce1fea5887580f8ae15624561830116e6c9076	ptm-observation:9000c9a83523638a07adbd60b1e4a1db48c5f30608cf74b5316bfe39dbe54c64
UniProtKB:P30273	proteintraitsmech:B01	OK	-0.4241878213721503	e	ea929f5e5df5207820b77f51f63d2eda3c354b4abf9c86920d585726ab87442a	ptm-observation:933e62cabfdd00e7967461c75c71e5a4521eda4ba581019b95f52cd531a3b95b
UniProtKB:P30273	proteintraitsmech:B02	OK	6.543664038181305	pH	ea929f5e5df5207820b77f51f63d2eda3c354b4abf9c86920d585726ab87442a	ptm-observation:86da43bdf4e95e57fb09a202b7d72b645bf7edd9dbf071d95513a74b29c42508
UniProtKB:P30273	proteintraitsmech:B03	OK	0.09302325581395349	1	ea929f5e5df5207820b77f51f63d2eda3c354b4abf9c86920d585726ab87442a	ptm-observation:40e04f89925b044219cc5d411596e2dcb9495e35147b56be33be1745de096abf
UniProtKB:P30273	proteintraitsmech:B04	OK	0.09302325581395349	1	ea929f5e5df5207820b77f51f63d2eda3c354b4abf9c86920d585726ab87442a	ptm-observation:0e17d658e9292a15326ee8e221100a65f75e7d10845b3cfebcdccdd745d1bbd0
UniProtKB:P30273	proteintraitsmech:B05	OK	0.18604651162790697	1	ea929f5e5df5207820b77f51f63d2eda3c354b4abf9c86920d585726ab87442a	ptm-observation:22f8daa5de49c367fc1ab116545497703e13ce22531ec99acf07151f3eb02a7d
UniProtKB:P30273	proteintraitsmech:B06	OK	-0.4820526940577733	1	ea929f5e5df5207820b77f51f63d2eda3c354b4abf9c86920d585726ab87442a	ptm-observation:5c17f391efa1df21ae71fed0d1e94afc743239b5265332dd19894c187e931510
UniProtKB:P30273	proteintraitsmech:B08	OK	0.36627906976744184	1	ea929f5e5df5207820b77f51f63d2eda3c354b4abf9c86920d585726ab87442a	ptm-observation:1f7acc4e98b45c7647c66b315d6eac5c649e6442dfe6e37f987e963998a7f58a
UniProtKB:P30273	proteintraitsmech:B09	OK		1	ea929f5e5df5207820b77f51f63d2eda3c354b4abf9c86920d585726ab87442a	ptm-observation:56d9a1c8188f3b1b926ab9b0b4d8d90551281c9a7b3d399811b7b189d1c1f4c1
UniProtKB:P30273	proteintraitsmech:B10	OK		1	ea929f5e5df5207820b77f51f63d2eda3c354b4abf9c86920d585726ab87442a	ptm-observation:8fd11d24cd2c225426ed9b21c73d2c33cf0340994101fc4333a5f06315182ae1
UniProtKB:P30273	proteintraitsmech:B13	OK		1	ea929f5e5df5207820b77f51f63d2eda3c354b4abf9c86920d585726ab87442a	ptm-observation:159c5dcaed186e3150a63bd4858b137cee48f6c096ffebebb5befd55631fde92
UniProtKB:P30273	proteintraitsmech:B16	OK	3.8749126183010016	bit	ea929f5e5df5207820b77f51f63d2eda3c354b4abf9c86920d585726ab87442a	ptm-observation:e275ff683689abb8c3c3a6e4184915db7ec7aba94825ef8f2ed4dbc2ae741ead
UniProtKB:P30273	proteintraitsmech:B22	OK	0.3488372093023256	1	ea929f5e5df5207820b77f51f63d2eda3c354b4abf9c86920d585726ab87442a	ptm-observation:4aa84eaedc12cd35c8c4172ada6a3b879fa26c5f057d0f4dc01177a239fb3b81
UniProtKB:P30850	proteintraitsmech:B01	OK	-19.01544019943627	e	ca05a9bb2cdf206b37e6d442afddda467c2d25d9d9746d8afba4ac61e7e68cd2	ptm-observation:8898e88463de9647773ac41b89e9105750a5b652bebfa493ecc627df7ba289da
UniProtKB:P30850	proteintraitsmech:B02	OK	5.401766240596771	pH	ca05a9bb2cdf206b37e6d442afddda467c2d25d9d9746d8afba4ac61e7e68cd2	ptm-observation:e658fffd8701a4f5d3492c177d59b1226a3913bc060333ab4eb8eee02b19082d
UniProtKB:P30850	proteintraitsmech:B03	OK	0.12732919254658384	1	ca05a9bb2cdf206b37e6d442afddda467c2d25d9d9746d8afba4ac61e7e68cd2	ptm-observation:9372e7c41c829b8fb62cef3908d8065abb2abf26cc351e8fce15992aa824b484
UniProtKB:P30850	proteintraitsmech:B04	OK	0.15838509316770186	1	ca05a9bb2cdf206b37e6d442afddda467c2d25d9d9746d8afba4ac61e7e68cd2	ptm-observation:5c3c0dadced095f4f3d1738801eb360f7a1091fcaca0a1bb5ab85e762f5a5352
UniProtKB:P30850	proteintraitsmech:B05	OK	0.2857142857142857	1	ca05a9bb2cdf206b37e6d442afddda467c2d25d9d9746d8afba4ac61e7e68cd2	ptm-observation:0ef8a460ae42c06fd22bafee3fa746ce70bd6d1b29cd8baab89dadbc2ae94cd1
UniProtKB:P30850	proteintraitsmech:B06	OK	1.817606852686243	1	ca05a9bb2cdf206b37e6d442afddda467c2d25d9d9746d8afba4ac61e7e68cd2	ptm-observation:d30dd1137ca4e4228ba5363c501005a79f15f73f8644f969be637b8a73347024
UniProtKB:P30850	proteintraitsmech:B08	OK	-0.2768633540372671	1	ca05a9bb2cdf206b37e6d442afddda467c2d25d9d9746d8afba4ac61e7e68cd2	ptm-observation:f1fa198c683f406f5dfd4e9d0a7de08fbf0adc741510e639d36074b0f2ae842b
UniProtKB:P30850	proteintraitsmech:B09	OK		1	ca05a9bb2cdf206b37e6d442afddda467c2d25d9d9746d8afba4ac61e7e68cd2	ptm-observation:e19941adbd6091377c2d7bda67c2ca5169829282f3af20c3b8a7b1de2ea1cc3a
UniProtKB:P30850	proteintraitsmech:B10	OK		1	ca05a9bb2cdf206b37e6d442afddda467c2d25d9d9746d8afba4ac61e7e68cd2	ptm-observation:6b3a0e41ad93f62575c75c83e81a19ffe017dc7b7ec616d988752092b0c0d14c
UniProtKB:P30850	proteintraitsmech:B13	OK		1	ca05a9bb2cdf206b37e6d442afddda467c2d25d9d9746d8afba4ac61e7e68cd2	ptm-observation:c44d449eba2fb78b324e864599fe29ebecbaf3c620919ec2514c9f850bd1ae1d
UniProtKB:P30850	proteintraitsmech:B16	OK	4.1048119752683485	bit	ca05a9bb2cdf206b37e6d442afddda467c2d25d9d9746d8afba4ac61e7e68cd2	ptm-observation:9c9437837bd4a852a205ead69111dca752f69ea86ae774c22c7fd088a6ea2567
UniProtKB:P30850	proteintraitsmech:B22	OK	0.0	1	ca05a9bb2cdf206b37e6d442afddda467c2d25d9d9746d8afba4ac61e7e68cd2	ptm-observation:c819d0f600ba12e7b2c20b188caccc8d580fa4d2b47b468d6a7e0deddeed7f99
UniProtKB:P31939	proteintraitsmech:B01	OK	-4.369742624161548	e	abc3fdb3eb18f826f80d5a613e0b997f91fbbeaf93c6b87b26855e6a3d36ca47	ptm-observation:ced249f369f0bd1a385f7d25962defbac1c7a76c16122116e05bb18504380492
UniProtKB:P31939	proteintraitsmech:B02	OK	6.2670705914497375	pH	abc3fdb3eb18f826f80d5a613e0b997f91fbbeaf93c6b87b26855e6a3d36ca47	ptm-observation:8627eaa27175f943c0253343b3a87a41cd2bab15fdfe16e85ffd89d585833aae
UniProtKB:P31939	proteintraitsmech:B03	OK	0.1097972972972973	1	abc3fdb3eb18f826f80d5a613e0b997f91fbbeaf93c6b87b26855e6a3d36ca47	ptm-observation:567e2263884d3a59c7b4f743aff275153734f22a7b40d0bf133c50827c8c9a28
UniProtKB:P31939	proteintraitsmech:B04	OK	0.11824324324324324	1	abc3fdb3eb18f826f80d5a613e0b997f91fbbeaf93c6b87b26855e6a3d36ca47	ptm-observation:b3b2b30fa3b0c0d56d1ac1491ee5c16366213a64905b3e334edc6978fd26ccc3
UniProtKB:P31939	proteintraitsmech:B05	OK	0.22804054054054054	1	abc3fdb3eb18f826f80d5a613e0b997f91fbbeaf93c6b87b26855e6a3d36ca47	ptm-observation:3c3e680a74ea5a55bef288349bedec0741074597702e0956accada1f29e51a17
UniProtKB:P31939	proteintraitsmech:B06	OK	-0.4545501648697186	1	abc3fdb3eb18f826f80d5a613e0b997f91fbbeaf93c6b87b26855e6a3d36ca47	ptm-observation:a82f5ef3de20b5a9db88b41240fa096766ffd577c86877c404f505ed2336277e
UniProtKB:P31939	proteintraitsmech:B08	OK	-0.10827702702702705	1	abc3fdb3eb18f826f80d5a613e0b997f91fbbeaf93c6b87b26855e6a3d36ca47	ptm-observation:5184eaa23d386ceaf16d0332a8b49da28075e5a9f928a60c444d9e0cc6b6ecae
UniProtKB:P31939	proteintraitsmech:B09	OK		1	abc3fdb3eb18f826f80d5a613e0b997f91fbbeaf93c6b87b26855e6a3d36ca47	ptm-observation:3a65f7d08082f7d10f9bbd3445ea94b14071e6a7866d97ff066dc9f6b667a907
UniProtKB:P31939	proteintraitsmech:B10	OK		1	abc3fdb3eb18f826f80d5a613e0b997f91fbbeaf93c6b87b26855e6a3d36ca47	ptm-observation:3bc7645db823ee852c740c80a133761589f9fd1b33b1bdc3dbe89065d331d03b
UniProtKB:P31939	proteintraitsmech:B13	OK		1	abc3fdb3eb18f826f80d5a613e0b997f91fbbeaf93c6b87b26855e6a3d36ca47	ptm-observation:82da0ba363face5c224f2951d0b6b756b46efe556944bd2faa34a88ebf60cab5
UniProtKB:P31939	proteintraitsmech:B16	OK	4.113230303181235	bit	abc3fdb3eb18f826f80d5a613e0b997f91fbbeaf93c6b87b26855e6a3d36ca47	ptm-observation:689d669473e91df1651328d86ed060c223900040bf869084a96f580fb407d865
UniProtKB:P31939	proteintraitsmech:B22	OK	0.0	1	abc3fdb3eb18f826f80d5a613e0b997f91fbbeaf93c6b87b26855e6a3d36ca47	ptm-observation:67d195e2a5e0f7d09a29bb6b9aa8c581185284e8e3025fc1bf57ef9b5d25de8c
UniProtKB:P32169	proteintraitsmech:B01	OK	-7.707507183799025	e	b81b8b4b1e5a8e8190bfc90705e420bf75095b8c33096050c7f45ea159cbc431	ptm-observation:3c5ae81ae5b03d42c481f0778b25a28dff2b99196bef14230df7718bce730696
UniProtKB:P32169	proteintraitsmech:B02	OK	5.543455064296722	pH	b81b8b4b1e5a8e8190bfc90705e420bf75095b8c33096050c7f45ea159cbc431	ptm-observation:bb78b03fc22cbcbcd4dbd71154e9e7a39c4fa69ca786a3a125628e3a55e9e7b1
UniProtKB:P32169	proteintraitsmech:B03	OK	0.072992700729927	1	b81b8b4b1e5a8e8190bfc90705e420bf75095b8c33096050c7f45ea159cbc431	ptm-observation:e4073592cec8070cde821a0df635bdb999046dd5f747f52ad7b2f63b68b4855a
UniProtKB:P32169	proteintraitsmech:B04	OK	0.10218978102189781	1	b81b8b4b1e5a8e8190bfc90705e420bf75095b8c33096050c7f45ea159cbc431	ptm-observation:6105e3aae92c946c14ad65316725a5910eadeae246f3a467e1e04fa7d4a55357
UniProtKB:P32169	proteintraitsmech:B05	OK	0.17518248175182483	1	b81b8b4b1e5a8e8190bfc90705e420bf75095b8c33096050c7f45ea159cbc431	ptm-observation:ef7e3f3d1d1528b0fc17a4acc7fefc19b303044bb446e85b19129720f6a3ed62
UniProtKB:P32169	proteintraitsmech:B06	OK	0.337311439389366	1	b81b8b4b1e5a8e8190bfc90705e420bf75095b8c33096050c7f45ea159cbc431	ptm-observation:3b77f5f5c3f242c9fdc983f786d7c6c1b687bb6349652a15ae096e0636731c54
UniProtKB:P32169	proteintraitsmech:B08	OK	-0.04489051094890513	1	b81b8b4b1e5a8e8190bfc90705e420bf75095b8c33096050c7f45ea159cbc431	ptm-observation:18fb6a6b85cc47f55b213b0b27fb7b85e80d5104141ceffa21ce088b4c994ec6
UniProtKB:P32169	proteintraitsmech:B09	OK		1	b81b8b4b1e5a8e8190bfc90705e420bf75095b8c33096050c7f45ea159cbc431	ptm-observation:7c725cbb1329a4543c314b617c59b0cd34e31cba2ba57774b25ba5fdad09921d
UniProtKB:P32169	proteintraitsmech:B10	OK		1	b81b8b4b1e5a8e8190bfc90705e420bf75095b8c33096050c7f45ea159cbc431	ptm-observation:77e234e99a3bb6387de55debfbefd1f583c60fab3a5560d146b03205d1eff4f2
UniProtKB:P32169	proteintraitsmech:B13	OK		1	b81b8b4b1e5a8e8190bfc90705e420bf75095b8c33096050c7f45ea159cbc431	ptm-observation:5525f4bf9facb61696f3ea4630868a927c42942f4a27398cae76bd5e35a0ff18
UniProtKB:P32169	proteintraitsmech:B16	OK	4.162607750824266	bit	b81b8b4b1e5a8e8190bfc90705e420bf75095b8c33096050c7f45ea159cbc431	ptm-observation:6309de832a3ebce33cdf44f251d06427d2ab39dc2c4ee8ac563f03ea51ff349e
UniProtKB:P32169	proteintraitsmech:B22	OK	0.0	1	b81b8b4b1e5a8e8190bfc90705e420bf75095b8c33096050c7f45ea159cbc431	ptm-observation:216b17b33a1cf45842b3c5fdb8d7bfa7743b37571b7dd877fc0e64323247e729
UniProtKB:P32233	proteintraitsmech:B01	OK	8.359977476228314	e	e930127ba3af0f88821044ea970962d09208374375808bd17bc51025d88f25de	ptm-observation:83b8930d7530b016c7d89a73cc22325f3071385facc6f9ca134dc5967a470451
UniProtKB:P32233	proteintraitsmech:B02	OK	9.004121720790863	pH	e930127ba3af0f88821044ea970962d09208374375808bd17bc51025d88f25de	ptm-observation:042ca086c87fa86aeb56281b6633d731159cc2ffe3905546a3537eea1e79ee5a
UniProtKB:P32233	proteintraitsmech:B03	OK	0.14168937329700274	1	e930127ba3af0f88821044ea970962d09208374375808bd17bc51025d88f25de	ptm-observation:60a0d2478b5403ed655822a3e8d7f4540c3cd92540129fb30f97afb4c47dbcb6
UniProtKB:P32233	proteintraitsmech:B04	OK	0.11989100817438691	1	e930127ba3af0f88821044ea970962d09208374375808bd17bc51025d88f25de	ptm-observation:9a42c1c7791ed768733773a4d03d8a939717256dc22995c6db806f8c70407e39
UniProtKB:P32233	proteintraitsmech:B05	OK	0.2615803814713896	1	e930127ba3af0f88821044ea970962d09208374375808bd17bc51025d88f25de	ptm-observation:8ebd2ff8ab53834bed2bc911083c3b148d9e6880c2006b970cf019ff9fb7fc63
UniProtKB:P32233	proteintraitsmech:B06	OK	-0.2970209921051397	1	e930127ba3af0f88821044ea970962d09208374375808bd17bc51025d88f25de	ptm-observation:f572d983568d626ae31acb9b3f9b8f7d3e34fbacf678d6b2b5f4fd336b3c38a9
UniProtKB:P32233	proteintraitsmech:B08	OK	-0.1542234332425068	1	e930127ba3af0f88821044ea970962d09208374375808bd17bc51025d88f25de	ptm-observation:2984ff95e373902ec2f5a2e86c6c2e80a5a5c26d9fdf07f180d01c9dcaaeb0ec
UniProtKB:P32233	proteintraitsmech:B09	OK		1	e930127ba3af0f88821044ea970962d09208374375808bd17bc51025d88f25de	ptm-observation:78e0e878c820f20277b66948d20137f2aee34a2834657feccc9b5d09fcd8e534
UniProtKB:P32233	proteintraitsmech:B10	OK		1	e930127ba3af0f88821044ea970962d09208374375808bd17bc51025d88f25de	ptm-observation:188031015c08c2348129c1712eebd4b67d49616cd7da6df48a26acf9505d7b77
UniProtKB:P32233	proteintraitsmech:B13	OK		1	e930127ba3af0f88821044ea970962d09208374375808bd17bc51025d88f25de	ptm-observation:1b257b7c5be0aa0d6e94f9104f0a36778a5b87359cbfcec63b62052ca0551695
UniProtKB:P32233	proteintraitsmech:B16	OK	4.058659387536323	bit	e930127ba3af0f88821044ea970962d09208374375808bd17bc51025d88f25de	ptm-observation:f3ac1da61ebcf9dc005f0b5c50189ecbf3e5c0308a4a48a413649ae6400a29e8
UniProtKB:P32233	proteintraitsmech:B22	OK	0.0	1	e930127ba3af0f88821044ea970962d09208374375808bd17bc51025d88f25de	ptm-observation:aa75ca7aad2cb002326f823d71a9d557cf4b597d5f24027a94c02b73b3396d53
UniProtKB:P32521	proteintraitsmech:B01	OK	-26.394934890995657	e	24b672f3191a5950b3c22cc7838779e17875d49a9c1544d21da98cef64edc6ef	ptm-observation:4c51d6976f401177e7830f8f3f9700a7ca375db4bcb3769f78db2395101e6de1
UniProtKB:P32521	proteintraitsmech:B02	OK	5.167833983898163	pH	24b672f3191a5950b3c22cc7838779e17875d49a9c1544d21da98cef64edc6ef	ptm-observation:5f180b02fd399ef0ff1db8d4a1c3d3d8f14c20cab37a666ea94fd0f8153a73ed
UniProtKB:P32521	proteintraitsmech:B03	OK	0.07972972972972973	1	24b672f3191a5950b3c22cc7838779e17875d49a9c1544d21da98cef64edc6ef	ptm-observation:7a24e5de1ce8f65e4e37414df614f20f35ae53c848cf04aa03e64f9b4acd1d1e
UniProtKB:P32521	proteintraitsmech:B04	OK	0.09797297297297297	1	24b672f3191a5950b3c22cc7838779e17875d49a9c1544d21da98cef64edc6ef	ptm-observation:bf8ebfa07b0ccff6f7bc06812cb3bd2817cac1908a9e1559210d2e6da28957f7
UniProtKB:P32521	proteintraitsmech:B05	OK	0.1777027027027027	1	24b672f3191a5950b3c22cc7838779e17875d49a9c1544d21da98cef64edc6ef	ptm-observation:34c6030718227eb8ba4a1a607fb0d4df38fd47fcbaca1b711c5c1f1808275e12
UniProtKB:P32521	proteintraitsmech:B06	OK	1.9282115682107859	1	24b672f3191a5950b3c22cc7838779e17875d49a9c1544d21da98cef64edc6ef	ptm-observation:36aae2ed0a053971b422ff1283033db3ff2a67c2e85480078e9836cf64e6f0e1
UniProtKB:P32521	proteintraitsmech:B08	OK	-0.7713513513513515	1	24b672f3191a5950b3c22cc7838779e17875d49a9c1544d21da98cef64edc6ef	ptm-observation:5e8274395d967018ad908da722072997c2d1479a477ecacb4991c00267d2dcf3
UniProtKB:P32521	proteintraitsmech:B09	OK		1	24b672f3191a5950b3c22cc7838779e17875d49a9c1544d21da98cef64edc6ef	ptm-observation:a6ccf892915028ba64908f66e4cd48dd18dadc032aef2715e91fa42a18d280b8
UniProtKB:P32521	proteintraitsmech:B10	OK		1	24b672f3191a5950b3c22cc7838779e17875d49a9c1544d21da98cef64edc6ef	ptm-observation:acca493cdfabcb8967f74cf032cd703f501470432f5c812cf372264a2855ee63
UniProtKB:P32521	proteintraitsmech:B13	OK		1	24b672f3191a5950b3c22cc7838779e17875d49a9c1544d21da98cef64edc6ef	ptm-observation:70a9abedd7f2831c4809ec20558bf168c64eef5d64b5a429847e74408f126a5f
UniProtKB:P32521	proteintraitsmech:B16	OK	4.013991294460687	bit	24b672f3191a5950b3c22cc7838779e17875d49a9c1544d21da98cef64edc6ef	ptm-observation:9fe07da4ab315a67e7305182d987123f131ece4d40526171bd81cbebe2dc811a
UniProtKB:P32521	proteintraitsmech:B22	OK	0.7986486486486486	1	24b672f3191a5950b3c22cc7838779e17875d49a9c1544d21da98cef64edc6ef	ptm-observation:19ed149e58a7af9a2b3a909ac9898a11a59e55702f7e078c6c675d7587ab9853
UniProtKB:P32718	proteintraitsmech:B01	OK	-1.672341769134929	e	c00ede2708bf3fdf4f6c55032b65e9c686084f44365f09a5fc8ab4a0f0bedc18	ptm-observation:da5d27097f35e7f7ea737324990a1dd83140b37ee248d9fb81273fa619a2db9c
UniProtKB:P32718	proteintraitsmech:B02	OK	6.546991050243378	pH	c00ede2708bf3fdf4f6c55032b65e9c686084f44365f09a5fc8ab4a0f0bedc18	ptm-observation:79082e5dc6052e810fbfbd3e1248cc956cfe9d35755e96b003133792dbe4ea30
UniProtKB:P32718	proteintraitsmech:B03	OK	0.08737864077669903	1	c00ede2708bf3fdf4f6c55032b65e9c686084f44365f09a5fc8ab4a0f0bedc18	ptm-observation:e2a5ff00e3af4e21e85c497cf37761f7a874dd9c68144a37bfaebfc60f8b1b08
UniProtKB:P32718	proteintraitsmech:B04	OK	0.09385113268608414	1	c00ede2708bf3fdf4f6c55032b65e9c686084f44365f09a5fc8ab4a0f0bedc18	ptm-observation:c5d64428e0d3854dcbef6fcacce292805deda90481b0b88fec82409bace893ba
UniProtKB:P32718	proteintraitsmech:B05	OK	0.18122977346278318	1	c00ede2708bf3fdf4f6c55032b65e9c686084f44365f09a5fc8ab4a0f0bedc18	ptm-observation:36e80e0466a7cfa77ce196d531bbea6ff7164f6c2ac36c9ae47976d1de3a6ba8
UniProtKB:P32718	proteintraitsmech:B06	OK	-0.674472909012362	1	c00ede2708bf3fdf4f6c55032b65e9c686084f44365f09a5fc8ab4a0f0bedc18	ptm-observation:34133471df0a4796a7739865f9cd44389f6ed1387b696ba5c659bbd4fd903b4f
UniProtKB:P32718	proteintraitsmech:B08	OK	-0.04433656957928805	1	c00ede2708bf3fdf4f6c55032b65e9c686084f44365f09a5fc8ab4a0f0bedc18	ptm-observation:c0847e52c94a05b63fca829a2d7bf80fc18ce42ac7150d0c037c63c48dd71bd1
UniProtKB:P32718	proteintraitsmech:B09	OK		1	c00ede2708bf3fdf4f6c55032b65e9c686084f44365f09a5fc8ab4a0f0bedc18	ptm-observation:46f0116ea4abcac49a00cf07f93beb5ce477a8de72398d1485de0c676b51b877
UniProtKB:P32718	proteintraitsmech:B10	OK		1	c00ede2708bf3fdf4f6c55032b65e9c686084f44365f09a5fc8ab4a0f0bedc18	ptm-observation:e71f7cbd09983dfbaa82d448ce826d2ae85aa8fdaee6bc20bd5f72cf59a1a584
UniProtKB:P32718	proteintraitsmech:B13	OK		1	c00ede2708bf3fdf4f6c55032b65e9c686084f44365f09a5fc8ab4a0f0bedc18	ptm-observation:4a2297ec6399621fc091d902f93b9a090ce5856a2136e503ce8030196b005bbf
UniProtKB:P32718	proteintraitsmech:B16	OK	4.142665911276529	bit	c00ede2708bf3fdf4f6c55032b65e9c686084f44365f09a5fc8ab4a0f0bedc18	ptm-observation:4bc36c8606e4e811550ba66893b42bd2b6fb7ef54b9706cc38d4e4d61646d07b
UniProtKB:P32718	proteintraitsmech:B22	OK	0.003236245954692557	1	c00ede2708bf3fdf4f6c55032b65e9c686084f44365f09a5fc8ab4a0f0bedc18	ptm-observation:70aa7eda15627a40250830253b30b646e58b1596aa77b180d04d65eb3874308d
UniProtKB:P32803	proteintraitsmech:B01	OK	-1.9762414939545372	e	a62d846c3065a927de7aac96ce02a78bc1d43ba38981bf677f785d0cd261a8dc	ptm-observation:431030921b6c648a92842ca5242414056162b9ab51e26988cd0b0ca838434b69
UniProtKB:P32803	proteintraitsmech:B02	OK	6.300636947154999	pH	a62d846c3065a927de7aac96ce02a78bc1d43ba38981bf677f785d0cd261a8dc	ptm-observation:c1ceb2de359c8b079a07f6af1941edd9fe6399a7f79040a2e4235079b71e33a8
UniProtKB:P32803	proteintraitsmech:B03	OK	0.10837438423645321	1	a62d846c3065a927de7aac96ce02a78bc1d43ba38981bf677f785d0cd261a8dc	ptm-observation:0017748e1ac121ca1ca3b41842152a7ea78daf0783dcb92a7d31a0ce2c3459cb
UniProtKB:P32803	proteintraitsmech:B04	OK	0.11822660098522167	1	a62d846c3065a927de7aac96ce02a78bc1d43ba38981bf677f785d0cd261a8dc	ptm-observation:8238abb26ecfac117a5e4ff88205daa34a66553e9d1bc08432837b7c21d42344
UniProtKB:P32803	proteintraitsmech:B05	OK	0.22660098522167488	1	a62d846c3065a927de7aac96ce02a78bc1d43ba38981bf677f785d0cd261a8dc	ptm-observation:34c29ace3f7ad2db2457d8faa36a50f53cb6490e78dc9d0c25c9802dea4ea89d
UniProtKB:P32803	proteintraitsmech:B06	OK	-0.5802911075107434	1	a62d846c3065a927de7aac96ce02a78bc1d43ba38981bf677f785d0cd261a8dc	ptm-observation:f36bb1c1bbb113e0306dcb9798158105bccb004709ca974e321d5e21c6e14bb0
UniProtKB:P32803	proteintraitsmech:B08	OK	-0.21970443349753696	1	a62d846c3065a927de7aac96ce02a78bc1d43ba38981bf677f785d0cd261a8dc	ptm-observation:fe7c1aebdad8461009ffd7bf4320149553ad45cca275583c52b2e42e85a826c9
UniProtKB:P32803	proteintraitsmech:B09	OK		1	a62d846c3065a927de7aac96ce02a78bc1d43ba38981bf677f785d0cd261a8dc	ptm-observation:4b69bf8ee456c88e8029f9ca63290611e3955c36f9042dc99dbaaefda014191d
UniProtKB:P32803	proteintraitsmech:B10	OK		1	a62d846c3065a927de7aac96ce02a78bc1d43ba38981bf677f785d0cd261a8dc	ptm-observation:872c08cb16ac5f3789c18d17b597d9cd2b4526b217a652cb51aef1a9a5c2e274
UniProtKB:P32803	proteintraitsmech:B13	OK		1	a62d846c3065a927de7aac96ce02a78bc1d43ba38981bf677f785d0cd261a8dc	ptm-observation:e34668b4cd57caf282083d86a53ff79f378a360c6e105f470e2fb570b45308ec
UniProtKB:P32803	proteintraitsmech:B16	OK	4.120936571277152	bit	a62d846c3065a927de7aac96ce02a78bc1d43ba38981bf677f785d0cd261a8dc	ptm-observation:95c13df20d2510654fcff59e2bd9cd9912e6538e770169d210b439cd140f3daf
UniProtKB:P32803	proteintraitsmech:B22	OK	0.014778325123152709	1	a62d846c3065a927de7aac96ce02a78bc1d43ba38981bf677f785d0cd261a8dc	ptm-observation:c871c8e2ac8fcf136576b07a8eb708275bcfc67728ac72ac5eb01de08fedfaf6
UniProtKB:P32917	proteintraitsmech:B01	OK	-26.756923645071197	e	3866925f03ef5b691d89d7720b25c9b30e53a8677aea49ef9e18c1e359d0af2b	ptm-observation:6588665dcc57f41a4447835a304d89854e1d89183852187cfd9b274372922955
UniProtKB:P32917	proteintraitsmech:B02	OK	5.258809030056	pH	3866925f03ef5b691d89d7720b25c9b30e53a8677aea49ef9e18c1e359d0af2b	ptm-observation:f06083a3062742441e34bd4e0674e2af236c627a67f7e6e1a22b5245bd74edc1
UniProtKB:P32917	proteintraitsmech:B03	OK	0.09923664122137404	1	3866925f03ef5b691d89d7720b25c9b30e53a8677aea49ef9e18c1e359d0af2b	ptm-observation:07d71961bc02af256ee430ccfeaecc2fdd8eeed53fd658bf23090d5432dd8378
UniProtKB:P32917	proteintraitsmech:B04	OK	0.1297709923664122	1	3866925f03ef5b691d89d7720b25c9b30e53a8677aea49ef9e18c1e359d0af2b	ptm-observation:2a13cc77f16eae7c3b13641fae7fbe3c1e101df6ea6fe7390a03109ab0c4553f
UniProtKB:P32917	proteintraitsmech:B05	OK	0.22900763358778625	1	3866925f03ef5b691d89d7720b25c9b30e53a8677aea49ef9e18c1e359d0af2b	ptm-observation:a4cf89ba335850ff367b444433eaed339f129600ec3b00abdda2ba3b14c0a1bd
UniProtKB:P32917	proteintraitsmech:B06	OK	-3.9981967608223563	1	3866925f03ef5b691d89d7720b25c9b30e53a8677aea49ef9e18c1e359d0af2b	ptm-observation:0237ff0dc715ba8effc100798a08e60a3dda19859369ed1449e45e80d06d3908
UniProtKB:P32917	proteintraitsmech:B08	OK	-0.42290076335877863	1	3866925f03ef5b691d89d7720b25c9b30e53a8677aea49ef9e18c1e359d0af2b	ptm-observation:8fe16d0964e0e8eb4079c2a10b9e5e647cb2890f84f1d2484ea90d5330de0f3c
UniProtKB:P32917	proteintraitsmech:B09	OK		1	3866925f03ef5b691d89d7720b25c9b30e53a8677aea49ef9e18c1e359d0af2b	ptm-observation:301c8ef49e88eed43a04bd15d5284d58cd7015401a077642ae3ff51b648a3497
UniProtKB:P32917	proteintraitsmech:B10	OK		1	3866925f03ef5b691d89d7720b25c9b30e53a8677aea49ef9e18c1e359d0af2b	ptm-observation:5df47ccbee68123312d4c2b32cbd458fd4a33d58b9489804e1c84e4282d40f31
UniProtKB:P32917	proteintraitsmech:B13	OK		1	3866925f03ef5b691d89d7720b25c9b30e53a8677aea49ef9e18c1e359d0af2b	ptm-observation:7788fdeb4d8556187a44a7e720e6f8ab5e8f6c148143427cef527a54e3f4b3e4
UniProtKB:P32917	proteintraitsmech:B16	OK	4.074997578052303	bit	3866925f03ef5b691d89d7720b25c9b30e53a8677aea49ef9e18c1e359d0af2b	ptm-observation:d3f8ece5cac63a3cb01fafa79bda74d641ec2e4d75fd6d98e65938cc762bafba
UniProtKB:P32917	proteintraitsmech:B22	OK	0.4623773173391494	1	3866925f03ef5b691d89d7720b25c9b30e53a8677aea49ef9e18c1e359d0af2b	ptm-observation:4e3cd83388967368f19fa2fa14bcc0eb9a7200fc8703b145aa263ff0b00925b8
UniProtKB:P33363	proteintraitsmech:B01	OK	-7.544115925952896	e	4e28f3ee86c8f0c7f54529325c08a78acb6683f40c0cfd45c89de3d070d4487f	ptm-observation:c4e96fffc20e95d54ac6a2afbd7bb6e5185726416f81bbbfd449acfaa298a8af
UniProtKB:P33363	proteintraitsmech:B02	OK	5.854450166225433	pH	4e28f3ee86c8f0c7f54529325c08a78acb6683f40c0cfd45c89de3d070d4487f	ptm-observation:aba07d6cba6a2cb916f8f25a77e4951bb937973e8823aefdd64079d844f35044
UniProtKB:P33363	proteintraitsmech:B03	OK	0.11241830065359477	1	4e28f3ee86c8f0c7f54529325c08a78acb6683f40c0cfd45c89de3d070d4487f	ptm-observation:f9b1cae4e07bdc0fb57d6f0f112e2d4bb815c1c41f493f6eeb348f2de4a2952a
UniProtKB:P33363	proteintraitsmech:B04	OK	0.12287581699346405	1	4e28f3ee86c8f0c7f54529325c08a78acb6683f40c0cfd45c89de3d070d4487f	ptm-observation:1ba7483f10ba09dc4c4910362d2215bda02d53aa0c42c4843b4544869f10ce90
UniProtKB:P33363	proteintraitsmech:B05	OK	0.23529411764705882	1	4e28f3ee86c8f0c7f54529325c08a78acb6683f40c0cfd45c89de3d070d4487f	ptm-observation:d939203af9ddf2508a1e7bf17cc2f4bb0b671e93320c3444a190b101664c5322
UniProtKB:P33363	proteintraitsmech:B06	OK	-0.29873426945783516	1	4e28f3ee86c8f0c7f54529325c08a78acb6683f40c0cfd45c89de3d070d4487f	ptm-observation:3b983f34aaa986cb8978cf677218f4d10ce6e22e615ab76ef249b88ab081d0b5
UniProtKB:P33363	proteintraitsmech:B08	OK	-0.26	1	4e28f3ee86c8f0c7f54529325c08a78acb6683f40c0cfd45c89de3d070d4487f	ptm-observation:d8997e17bf777ea16ea14fe5efb9638ccbab19dcf5506026fa5c7f93f45d42e5
UniProtKB:P33363	proteintraitsmech:B09	OK		1	4e28f3ee86c8f0c7f54529325c08a78acb6683f40c0cfd45c89de3d070d4487f	ptm-observation:b00af0df7d751373d309a81780a0f63fddff70a90922458e964544c2ea1faf52
UniProtKB:P33363	proteintraitsmech:B10	OK		1	4e28f3ee86c8f0c7f54529325c08a78acb6683f40c0cfd45c89de3d070d4487f	ptm-observation:3af82b4501bae3e5af4359770dfe1780ef05f5d67fba8286bbe2cba5b8ff5678
UniProtKB:P33363	proteintraitsmech:B13	OK		1	4e28f3ee86c8f0c7f54529325c08a78acb6683f40c0cfd45c89de3d070d4487f	ptm-observation:db2fda594a6c77a40e28dd7bec505fc59dca64085befd11c02e0c26853469085
UniProtKB:P33363	proteintraitsmech:B16	OK	4.093973221320307	bit	4e28f3ee86c8f0c7f54529325c08a78acb6683f40c0cfd45c89de3d070d4487f	ptm-observation:7909701ca921b5b6d093ccd07ff9d32c746a436e04b40f8786e8a5311598c162
UniProtKB:P33363	proteintraitsmech:B22	OK	0.032679738562091505	1	4e28f3ee86c8f0c7f54529325c08a78acb6683f40c0cfd45c89de3d070d4487f	ptm-observation:52abbe18e1b224736351020a979fa5f274f58a55b794147579565be9de9c9a5c
UniProtKB:P33400	proteintraitsmech:B01	OK	-0.9563168807957411	e	ecf84afa0e156899fb19a2ba8eb94d4fa36a9dbc91663066f2ea77eda4724f29	ptm-observation:e114140c71adbd394d28cb06176679587cba71897088081d6db56b679fa41f08
UniProtKB:P33400	proteintraitsmech:B02	OK	6.825102388858795	pH	ecf84afa0e156899fb19a2ba8eb94d4fa36a9dbc91663066f2ea77eda4724f29	ptm-observation:0548e44cffa35dcde0d27460ca0e75886100100b0c3e272165a608001e98fe75
UniProtKB:P33400	proteintraitsmech:B03	OK	0.0992	1	ecf84afa0e156899fb19a2ba8eb94d4fa36a9dbc91663066f2ea77eda4724f29	ptm-observation:0982702e38aa95fa32c12874d347fa1bcedcdf4588fb499b930de00aedd74ef5
UniProtKB:P33400	proteintraitsmech:B04	OK	0.1024	1	ecf84afa0e156899fb19a2ba8eb94d4fa36a9dbc91663066f2ea77eda4724f29	ptm-observation:70ce92ed142a1867580c13f950095a6d820874a138f3f8f12063193a9180574c
UniProtKB:P33400	proteintraitsmech:B05	OK	0.2016	1	ecf84afa0e156899fb19a2ba8eb94d4fa36a9dbc91663066f2ea77eda4724f29	ptm-observation:426ec80a2c645f2d8e28c7fd725c0c4471bc09525ad428305ddabe39af851de5
UniProtKB:P33400	proteintraitsmech:B06	OK	-5.122540936872355	1	ecf84afa0e156899fb19a2ba8eb94d4fa36a9dbc91663066f2ea77eda4724f29	ptm-observation:16457983dbc75c6eb9c484aa6d8a8482314e539715196f71109873c20e0e723e
UniProtKB:P33400	proteintraitsmech:B08	OK	-0.6187199999999999	1	ecf84afa0e156899fb19a2ba8eb94d4fa36a9dbc91663066f2ea77eda4724f29	ptm-observation:21a40442b2d052c2e1b73b17d323bde9605e7dfb25aa8af845dfb8602edfc212
UniProtKB:P33400	proteintraitsmech:B09	OK		1	ecf84afa0e156899fb19a2ba8eb94d4fa36a9dbc91663066f2ea77eda4724f29	ptm-observation:0d622750684d241d2919ff3612b8b07ee86d8efe1a26e8abdff928524b168137
UniProtKB:P33400	proteintraitsmech:B10	OK		1	ecf84afa0e156899fb19a2ba8eb94d4fa36a9dbc91663066f2ea77eda4724f29	ptm-observation:48b8aceeea50bfc2c9a45ce5ba0f8d61c9b938de46738b0159548c1b27b42ccd
UniProtKB:P33400	proteintraitsmech:B13	OK		1	ecf84afa0e156899fb19a2ba8eb94d4fa36a9dbc91663066f2ea77eda4724f29	ptm-observation:8af31019edca42e4cb0dac9c01a3264c715967a878e2dc47995470a69e00aa6a
UniProtKB:P33400	proteintraitsmech:B16	OK	4.0994932139473095	bit	ecf84afa0e156899fb19a2ba8eb94d4fa36a9dbc91663066f2ea77eda4724f29	ptm-observation:86f4cfe6e1ac423860da117610887c938acc22cd81db79fdbf644a73e1f6e944
UniProtKB:P33400	proteintraitsmech:B22	OK	0.7776	1	ecf84afa0e156899fb19a2ba8eb94d4fa36a9dbc91663066f2ea77eda4724f29	ptm-observation:bb4e53b78f8a274656a1378d71551ac721497fd823e20ac1692831947511daff
UniProtKB:P33421	proteintraitsmech:B01	OK	14.932141140515357	e	30669cb1828e892a16d0bbeef99f387c66b1db33a04c84529adabee9da5e21db	ptm-observation:369267ebf2d89288f77c5077d4392a7feb6bf9c864e64c8b575afe14812300d7
UniProtKB:P33421	proteintraitsmech:B02	OK	10.23033219575882	pH	30669cb1828e892a16d0bbeef99f387c66b1db33a04c84529adabee9da5e21db	ptm-observation:612a50e7d92869c79f5777fc1771e3c470136846bf34285e545fa79473f11a16
UniProtKB:P33421	proteintraitsmech:B03	OK	0.1111111111111111	1	30669cb1828e892a16d0bbeef99f387c66b1db33a04c84529adabee9da5e21db	ptm-observation:a5544c3aaed3bc65e7d68b34f9217e9ad94ec2d6cfc4c597b6a5dca390cd92c6
UniProtKB:P33421	proteintraitsmech:B04	OK	0.03535353535353535	1	30669cb1828e892a16d0bbeef99f387c66b1db33a04c84529adabee9da5e21db	ptm-observation:31ea50041e8ed280aa585c68bdd957482c0d7f54461abd61b126ef2fbe3c6024
UniProtKB:P33421	proteintraitsmech:B05	OK	0.14646464646464646	1	30669cb1828e892a16d0bbeef99f387c66b1db33a04c84529adabee9da5e21db	ptm-observation:b88292da46bc39e5584f2892823022098e5727b6d1ddc438102369bb09c29645
UniProtKB:P33421	proteintraitsmech:B06	OK	3.936127271617622	1	30669cb1828e892a16d0bbeef99f387c66b1db33a04c84529adabee9da5e21db	ptm-observation:cdcfd62618b207dec9f67e3b416022af2fe53411e4d0b6a6fe2dc5da01d4cb98
UniProtKB:P33421	proteintraitsmech:B08	OK	0.25101010101010096	1	30669cb1828e892a16d0bbeef99f387c66b1db33a04c84529adabee9da5e21db	ptm-observation:17043a72a8afa2c9efe97926440962199681345bdbff34155848056aa227a684
UniProtKB:P33421	proteintraitsmech:B09	OK		1	30669cb1828e892a16d0bbeef99f387c66b1db33a04c84529adabee9da5e21db	ptm-observation:c9263dcd3670698c9aa4347b27093da19af3792eb78c16ec3e8fdd223819e113
UniProtKB:P33421	proteintraitsmech:B10	OK		1	30669cb1828e892a16d0bbeef99f387c66b1db33a04c84529adabee9da5e21db	ptm-observation:6a5f42607f1946c495c1ceff93577eefdfdf3f9a21151502869533378a1f037c
UniProtKB:P33421	proteintraitsmech:B13	OK		1	30669cb1828e892a16d0bbeef99f387c66b1db33a04c84529adabee9da5e21db	ptm-observation:92b33ec9a00d3e3bbd5df5465c804c8a0af21f10fae9ee73ac530cdbc763fa27
UniProtKB:P33421	proteintraitsmech:B16	OK	3.941519495032998	bit	30669cb1828e892a16d0bbeef99f387c66b1db33a04c84529adabee9da5e21db	ptm-observation:83d5ebeb6a8c92c0a6797a06c04e630e643cbf6b26159bb64743a5bd790f5979
UniProtKB:P33421	proteintraitsmech:B22	OK	0.35858585858585856	1	30669cb1828e892a16d0bbeef99f387c66b1db33a04c84529adabee9da5e21db	ptm-observation:79f2f04b2376c73bc3f9a8f5e269e4ba8e4e65e07f7374465600c06be2dc9eff
UniProtKB:P33937	proteintraitsmech:B01	OK	4.982306117410429	e	5fad6d1f7520b1e1aa3e21a56ccc2ae4095d1c0921d3121af8525f5ff6edc78f	ptm-observation:8da412475c77e56224bbf75d1f8913f3a0f38e1d4311640deb9cf1c4d73f8f90
UniProtKB:P33937	proteintraitsmech:B02	OK	8.233788669109344	pH	5fad6d1f7520b1e1aa3e21a56ccc2ae4095d1c0921d3121af8525f5ff6edc78f	ptm-observation:7abff03aab4df10e0e9033312e9bfd6fc9c0de743242896d766b60bf1a91ba4a
UniProtKB:P33937	proteintraitsmech:B03	OK	0.12439613526570048	1	5fad6d1f7520b1e1aa3e21a56ccc2ae4095d1c0921d3121af8525f5ff6edc78f	ptm-observation:d5f4391d15340a3a7bc242ca94993394a6bc7c344baa218a8741aa25e108074e
UniProtKB:P33937	proteintraitsmech:B04	OK	0.11956521739130435	1	5fad6d1f7520b1e1aa3e21a56ccc2ae4095d1c0921d3121af8525f5ff6edc78f	ptm-observation:9cb3289c65430e222ee359720271f8e0375c2a042776225714c8a4d0d4667fb5
UniProtKB:P33937	proteintraitsmech:B05	OK	0.24396135265700483	1	5fad6d1f7520b1e1aa3e21a56ccc2ae4095d1c0921d3121af8525f5ff6edc78f	ptm-observation:2835098c3d8070af39c4251e95a71409bc808311083550d86c0753d155a2515b
UniProtKB:P33937	proteintraitsmech:B06	OK	-1.139374519055587	1	5fad6d1f7520b1e1aa3e21a56ccc2ae4095d1c0921d3121af8525f5ff6edc78f	ptm-observation:2b37859a691eaf3129ee8d716b984117cb4a27af7f77e3772f9b2d2cc741c546
UniProtKB:P33937	proteintraitsmech:B08	OK	-0.4381642512077295	1	5fad6d1f7520b1e1aa3e21a56ccc2ae4095d1c0921d3121af8525f5ff6edc78f	ptm-observation:6e983d0110811133b95aeca37952d4443edf59be2ab945c599e2dd6ec4356fb9
UniProtKB:P33937	proteintraitsmech:B09	OK		1	5fad6d1f7520b1e1aa3e21a56ccc2ae4095d1c0921d3121af8525f5ff6edc78f	ptm-observation:8130fb2d468954dd6b564daf911e0359842c53b04a8ac4c4074eddbf52b085a6
UniProtKB:P33937	proteintraitsmech:B10	OK		1	5fad6d1f7520b1e1aa3e21a56ccc2ae4095d1c0921d3121af8525f5ff6edc78f	ptm-observation:0e5bb9c0126ffecec33942897903449a5897e5b0c3fc3bc69186a077b938f7e5
UniProtKB:P33937	proteintraitsmech:B13	OK		1	5fad6d1f7520b1e1aa3e21a56ccc2ae4095d1c0921d3121af8525f5ff6edc78f	ptm-observation:8a29e6eb486d82dc0457370863c65c8708e1ea423c5de888b6360ab9694146f5
UniProtKB:P33937	proteintraitsmech:B16	OK	4.19626384698609	bit	5fad6d1f7520b1e1aa3e21a56ccc2ae4095d1c0921d3121af8525f5ff6edc78f	ptm-observation:0ac295f914a877d5b50f9c6a5fd60daccf050c071bf791f44d2ea79e09a3d4d1
UniProtKB:P33937	proteintraitsmech:B22	OK	0.033816425120772944	1	5fad6d1f7520b1e1aa3e21a56ccc2ae4095d1c0921d3121af8525f5ff6edc78f	ptm-observation:1414ded98ab068f5a303e42e8f06c4a4e39b7b3dc4c60eb24ae69d97ad044edd
UniProtKB:P34223	proteintraitsmech:B01	OK	-18.897386676456826	e	5af6b29b16df402bf35c818ebcf6debdc38e1a63680a80f5ac60b63df9a6ecc2	ptm-observation:ee3db3d47be60430706b592cc5de31b30d5e87f1046e078853b8d5db00d89fa1
UniProtKB:P34223	proteintraitsmech:B02	OK	4.8879435658454895	pH	5af6b29b16df402bf35c818ebcf6debdc38e1a63680a80f5ac60b63df9a6ecc2	ptm-observation:54afd6c8cf76e50d4befc11eee5b27367d9310df60e6a2c1b488ca183f10fee3
UniProtKB:P34223	proteintraitsmech:B03	OK	0.11347517730496454	1	5af6b29b16df402bf35c818ebcf6debdc38e1a63680a80f5ac60b63df9a6ecc2	ptm-observation:887c43820486fdf1817dea976c8f06c6c545a9f84c032460d5a9ba07336c3301
UniProtKB:P34223	proteintraitsmech:B04	OK	0.15839243498817968	1	5af6b29b16df402bf35c818ebcf6debdc38e1a63680a80f5ac60b63df9a6ecc2	ptm-observation:c7c828c9b3dc5f06992ac5047bf55697bdc9c32bf46d4fa063d353dbe376b83e
UniProtKB:P34223	proteintraitsmech:B05	OK	0.2718676122931442	1	5af6b29b16df402bf35c818ebcf6debdc38e1a63680a80f5ac60b63df9a6ecc2	ptm-observation:585bba9dbe8ad1f09a8bdefc23a04f30460458b80a0b2bd882e444f3dbf483f2
UniProtKB:P34223	proteintraitsmech:B06	OK	3.8492227359611375	1	5af6b29b16df402bf35c818ebcf6debdc38e1a63680a80f5ac60b63df9a6ecc2	ptm-observation:6c74b484459005ae0d9ecb036c089e6128aec37cd220f4a3a90250ded3e267cd
UniProtKB:P34223	proteintraitsmech:B08	OK	-0.9609929078014184	1	5af6b29b16df402bf35c818ebcf6debdc38e1a63680a80f5ac60b63df9a6ecc2	ptm-observation:29658acfe6c02f21e5adff35485b0e73d5e6b13d3613eaa72d0b90b477798615
UniProtKB:P34223	proteintraitsmech:B09	OK		1	5af6b29b16df402bf35c818ebcf6debdc38e1a63680a80f5ac60b63df9a6ecc2	ptm-observation:fe550d48cfc21186d611bcbbbab8235c0229348a3d3700b93f7124924906193e
UniProtKB:P34223	proteintraitsmech:B10	OK		1	5af6b29b16df402bf35c818ebcf6debdc38e1a63680a80f5ac60b63df9a6ecc2	ptm-observation:0f331101c31039f5e31c57a72fb8791955c0444e9dff2776f3ab07eb122c342d
UniProtKB:P34223	proteintraitsmech:B13	OK		1	5af6b29b16df402bf35c818ebcf6debdc38e1a63680a80f5ac60b63df9a6ecc2	ptm-observation:f70c9c385deead73d4b231c15c05da85662c0f85db6f7cb5b8a46d4e57cb90c5
UniProtKB:P34223	proteintraitsmech:B16	OK	4.098533721323333	bit	5af6b29b16df402bf35c818ebcf6debdc38e1a63680a80f5ac60b63df9a6ecc2	ptm-observation:ef16c2f6fb31b28fdc7669d41295f387c5a53698983d5e1a72426999c7d9d1de
UniProtKB:P34223	proteintraitsmech:B22	OK	0.5484633569739953	1	5af6b29b16df402bf35c818ebcf6debdc38e1a63680a80f5ac60b63df9a6ecc2	ptm-observation:1f99524904e2febe58e2a1c4f0d0385418729dd785b6a43637bed6235767bcbb
UniProtKB:P35510	proteintraitsmech:B01	OK	-10.891717633843259	e	98f1ec89f46b4fedf1db094397053b22d474e6cb93284ec5d11630491b4a8b9f	ptm-observation:7249490e52930c17c013132185e93ae27df06996128773215eb75a6821614839
UniProtKB:P35510	proteintraitsmech:B02	OK	5.899111568927765	pH	98f1ec89f46b4fedf1db094397053b22d474e6cb93284ec5d11630491b4a8b9f	ptm-observation:7f1284de175f543c825fef472ff0e5750efbfb8290baf67358b62484ffafecf5
UniProtKB:P35510	proteintraitsmech:B03	OK	0.09655172413793103	1	98f1ec89f46b4fedf1db094397053b22d474e6cb93284ec5d11630491b4a8b9f	ptm-observation:cd68768c2be6400ebdaa9a294a1037040e4a2ec4238f71785bc65a911a27864d
UniProtKB:P35510	proteintraitsmech:B04	OK	0.11310344827586206	1	98f1ec89f46b4fedf1db094397053b22d474e6cb93284ec5d11630491b4a8b9f	ptm-observation:b613250081c74b5f5e31dcb0aeba07c3f895713ff1aa00b4a5bf5a16ed62cc9c
UniProtKB:P35510	proteintraitsmech:B05	OK	0.2096551724137931	1	98f1ec89f46b4fedf1db094397053b22d474e6cb93284ec5d11630491b4a8b9f	ptm-observation:022a21dcf6d336116f2627ac3284febd67f45d1d745bbec55e5c029e8fb33de8
UniProtKB:P35510	proteintraitsmech:B06	OK	0.7923356191888168	1	98f1ec89f46b4fedf1db094397053b22d474e6cb93284ec5d11630491b4a8b9f	ptm-observation:a6f32ab2c6e701749e7040e7480e55dc486aca54b9dcfc28e72368163cb7ce5c
UniProtKB:P35510	proteintraitsmech:B08	OK	-0.15627586206896554	1	98f1ec89f46b4fedf1db094397053b22d474e6cb93284ec5d11630491b4a8b9f	ptm-observation:a519e39616f7402dcd5b7e85a0d21756b0d539d1fb89c3b63f7922164df9f5b4
UniProtKB:P35510	proteintraitsmech:B09	OK		1	98f1ec89f46b4fedf1db094397053b22d474e6cb93284ec5d11630491b4a8b9f	ptm-observation:c4799a450fbc5496706b545508959ce5cd7f99732a0b40d489488a772658624a
UniProtKB:P35510	proteintraitsmech:B10	OK		1	98f1ec89f46b4fedf1db094397053b22d474e6cb93284ec5d11630491b4a8b9f	ptm-observation:2834a25055bc94e4315f61010b5e6e59503d1a8cca9ec32e3ff35ec81d82d08a
UniProtKB:P35510	proteintraitsmech:B13	OK		1	98f1ec89f46b4fedf1db094397053b22d474e6cb93284ec5d11630491b4a8b9f	ptm-observation:6f9042e49a77032caf85e70b8f39910d0eefb4176c52a96795fe00407c125ef2
UniProtKB:P35510	proteintraitsmech:B16	OK	4.118550725767746	bit	98f1ec89f46b4fedf1db094397053b22d474e6cb93284ec5d11630491b4a8b9f	ptm-observation:2f487764409eb518f749d1cd60add9d41b3cc45609118244d3e310932c34b18d
UniProtKB:P35510	proteintraitsmech:B22	OK	0.023448275862068966	1	98f1ec89f46b4fedf1db094397053b22d474e6cb93284ec5d11630491b4a8b9f	ptm-observation:8a31a3fb3c61b4a4376c3f30702bfeedd976e55fad466928ec4520ca36da4cb8
UniProtKB:P35802	proteintraitsmech:B01	OK	-8.15505564169729	e	71a9d60a80a4271109440dc40a82d19230a410be316f7396b6923aca5b38718c	ptm-observation:934af2f3cb9bf2c138e19bf9fb61d7cc94e5b2052b2fd0bdca199fd7bc935bbe
UniProtKB:P35802	proteintraitsmech:B02	OK	5.1713287234306335	pH	71a9d60a80a4271109440dc40a82d19230a410be316f7396b6923aca5b38718c	ptm-observation:9b55f23bc1915b9e6ec29747fb62b0080f1164f5c9d107274c8b78ca4a426266
UniProtKB:P35802	proteintraitsmech:B03	OK	0.07194244604316546	1	71a9d60a80a4271109440dc40a82d19230a410be316f7396b6923aca5b38718c	ptm-observation:3522785a451f571e8a19c5e4cb5e8c194893f46e845ed2b0a01637903d23313b
UniProtKB:P35802	proteintraitsmech:B04	OK	0.10071942446043165	1	71a9d60a80a4271109440dc40a82d19230a410be316f7396b6923aca5b38718c	ptm-observation:e1c51d77de6aceff94fd83e75a43d152715c7588c20fa734f0b978ddeff529ce
UniProtKB:P35802	proteintraitsmech:B05	OK	0.17266187050359713	1	71a9d60a80a4271109440dc40a82d19230a410be316f7396b6923aca5b38718c	ptm-observation:1a6c15ea756f13368d6ab8638dd1fb9878cb88f57853baa8c4f680e0bcae26e1
UniProtKB:P35802	proteintraitsmech:B06	OK	0.6906893585087772	1	71a9d60a80a4271109440dc40a82d19230a410be316f7396b6923aca5b38718c	ptm-observation:c975eb95ee50287616f60bf35360417e67693241003106845a3e8d31fbe0c27d
UniProtKB:P35802	proteintraitsmech:B08	OK	0.4381294964028777	1	71a9d60a80a4271109440dc40a82d19230a410be316f7396b6923aca5b38718c	ptm-observation:218d6febed8123b6aa5878e88d336b540bdb6d60c99aa089f6f5eac4339a1db1
UniProtKB:P35802	proteintraitsmech:B09	OK		1	71a9d60a80a4271109440dc40a82d19230a410be316f7396b6923aca5b38718c	ptm-observation:0dd171b6271c8802d78abff70dfbfbd145421777c02e9f17e04ba59d43520fbe
UniProtKB:P35802	proteintraitsmech:B10	OK		1	71a9d60a80a4271109440dc40a82d19230a410be316f7396b6923aca5b38718c	ptm-observation:657d4ccb60876169659fe0309be787f666b0bebab29fee71375326dfd04e17a3
UniProtKB:P35802	proteintraitsmech:B13	OK		1	71a9d60a80a4271109440dc40a82d19230a410be316f7396b6923aca5b38718c	ptm-observation:92240c44805815797486e1cba972406dfa7e6ff83d30a9bcba5df5b46bdc8056
UniProtKB:P35802	proteintraitsmech:B16	OK	4.105583478930054	bit	71a9d60a80a4271109440dc40a82d19230a410be316f7396b6923aca5b38718c	ptm-observation:011fa10345cf3cdbc09f0a8fc1a60cc2027a4b617862c42994b7d79ad97ce28b
UniProtKB:P35802	proteintraitsmech:B22	OK	0.10431654676258993	1	71a9d60a80a4271109440dc40a82d19230a410be316f7396b6923aca5b38718c	ptm-observation:a3dd0ad4031af4a59aae9bbd228ba3d2929b032d1ac75d9b78a208dd9de7f120
UniProtKB:P36655	proteintraitsmech:B01	OK	-0.7607506596926129	e	7ff9fc9e609b613a28930127a69b3b1505536f2ae2cc309067981b72de59ce06	ptm-observation:570b514fb872bc0cebeaeab1fdea486294d1c1269c85a637269a3209ef8adb8a
UniProtKB:P36655	proteintraitsmech:B02	OK	6.7502917647361755	pH	7ff9fc9e609b613a28930127a69b3b1505536f2ae2cc309067981b72de59ce06	ptm-observation:692c49c0760c1f64ae7b67bfca74dc4cd1bb2f1b9a319041e79ac0ad2e38d45b
UniProtKB:P36655	proteintraitsmech:B03	OK	0.061946902654867256	1	7ff9fc9e609b613a28930127a69b3b1505536f2ae2cc309067981b72de59ce06	ptm-observation:d1468a83d4cbce6a25390975b47bcd2ece02e77442a011bb652b33f5e364a034
UniProtKB:P36655	proteintraitsmech:B04	OK	0.06371681415929203	1	7ff9fc9e609b613a28930127a69b3b1505536f2ae2cc309067981b72de59ce06	ptm-observation:41c2f79c0949f90fd7de9e959983369c6bf5f0a0a97962fe307c3da35537e7d1
UniProtKB:P36655	proteintraitsmech:B05	OK	0.1256637168141593	1	7ff9fc9e609b613a28930127a69b3b1505536f2ae2cc309067981b72de59ce06	ptm-observation:7ac567b8883f59bff44bb926db56fead04e185d068a160c50fe56bd5f40603cc
UniProtKB:P36655	proteintraitsmech:B06	OK	-0.6805208819201207	1	7ff9fc9e609b613a28930127a69b3b1505536f2ae2cc309067981b72de59ce06	ptm-observation:239a03a4531eb5f13b0d3989b2be4d5aef4e4a0d993bed63618f41e7660d7927
UniProtKB:P36655	proteintraitsmech:B08	OK	0.36	1	7ff9fc9e609b613a28930127a69b3b1505536f2ae2cc309067981b72de59ce06	ptm-observation:048de540e31e85b7e0acb2ac28285a99a66956f6c44777e4d852f76feb2e09da
UniProtKB:P36655	proteintraitsmech:B09	OK		1	7ff9fc9e609b613a28930127a69b3b1505536f2ae2cc309067981b72de59ce06	ptm-observation:09e603ae7571d3919ca485793bc4c71176458a1a9c7800e8c341b9e4d872f683
UniProtKB:P36655	proteintraitsmech:B10	OK		1	7ff9fc9e609b613a28930127a69b3b1505536f2ae2cc309067981b72de59ce06	ptm-observation:b5a6089a8167642e8c6b1d9b1eb3ad93c4dc99eed4a7c00af986d41c6ee8a448
UniProtKB:P36655	proteintraitsmech:B13	OK		1	7ff9fc9e609b613a28930127a69b3b1505536f2ae2cc309067981b72de59ce06	ptm-observation:3e30c348476c8922384c680a5728ba6b52c9b0e2e8a434ff6ba8d678510975eb
UniProtKB:P36655	proteintraitsmech:B16	OK	4.052273293617819	bit	7ff9fc9e609b613a28930127a69b3b1505536f2ae2cc309067981b72de59ce06	ptm-observation:6d7d5fb6761a3345713f6237d6eafc69c0c728af1dcbf795fef79d15d7b6d99d
UniProtKB:P36655	proteintraitsmech:B22	OK	0.09380530973451327	1	7ff9fc9e609b613a28930127a69b3b1505536f2ae2cc309067981b72de59ce06	ptm-observation:2049225b657eb5fb43ec2247160c60a2dfce7f264e8aae2b90dbf231e44e6efa
UniProtKB:P37268	proteintraitsmech:B01	OK	-4.656541404569845	e	f9537e5da6e5e72a4aba42c80daa21b614f459c5a11e7973bf23377f8918891b	ptm-observation:b9b4bfad6711a83319fe8980490fcee9988e49a172293dc8280957c8f0dce6e1
UniProtKB:P37268	proteintraitsmech:B02	OK	6.097730100154877	pH	f9537e5da6e5e72a4aba42c80daa21b614f459c5a11e7973bf23377f8918891b	ptm-observation:86cdc7a4fbe9a0993c957feb621318f579098c5ac0bc9f3019bd1c5aa2e6dd0d
UniProtKB:P37268	proteintraitsmech:B03	OK	0.1079136690647482	1	f9537e5da6e5e72a4aba42c80daa21b614f459c5a11e7973bf23377f8918891b	ptm-observation:637ae1853b800584460296e3a42dcd03d526bf419d63fdbddbe710ceaadfc729
UniProtKB:P37268	proteintraitsmech:B04	OK	0.11990407673860912	1	f9537e5da6e5e72a4aba42c80daa21b614f459c5a11e7973bf23377f8918891b	ptm-observation:f6f5042786397b2fe9bbc0685527abfd73b06c3bfaecd6d930b85beb1c1bb709
UniProtKB:P37268	proteintraitsmech:B05	OK	0.2278177458033573	1	f9537e5da6e5e72a4aba42c80daa21b614f459c5a11e7973bf23377f8918891b	ptm-observation:965977e20d80e22bb028e4fbe4da6f397f88e22f0f30e1da426827eb00896cb2
UniProtKB:P37268	proteintraitsmech:B06	OK	-0.8363517781352081	1	f9537e5da6e5e72a4aba42c80daa21b614f459c5a11e7973bf23377f8918891b	ptm-observation:bb949041eac8520156bb98d29c0d0d47cdac1f39f53a5aac72306eab27eb08f0
UniProtKB:P37268	proteintraitsmech:B08	OK	-0.2235011990407674	1	f9537e5da6e5e72a4aba42c80daa21b614f459c5a11e7973bf23377f8918891b	ptm-observation:9bdb35aa0f25f6866538029feb4baf1e5fead1c8d8776413c6efec8a8ee401ce
UniProtKB:P37268	proteintraitsmech:B09	OK		1	f9537e5da6e5e72a4aba42c80daa21b614f459c5a11e7973bf23377f8918891b	ptm-observation:73ecce40fb7ab36f327b456631669cc4aa784388bc2bb329ca38a2242d820eb9
UniProtKB:P37268	proteintraitsmech:B10	OK		1	f9537e5da6e5e72a4aba42c80daa21b614f459c5a11e7973bf23377f8918891b	ptm-observation:5691c657f5d3760b7e6792887246ad13ccb9ce5d6ecd970e2aaca54d051c5a2e
UniProtKB:P37268	proteintraitsmech:B13	OK		1	f9537e5da6e5e72a4aba42c80daa21b614f459c5a11e7973bf23377f8918891b	ptm-observation:3971239ec2ca36e5b90a02e03833c3a47c9b529618b8970f1f5451e28a301774
UniProtKB:P37268	proteintraitsmech:B16	OK	4.212164008841572	bit	f9537e5da6e5e72a4aba42c80daa21b614f459c5a11e7973bf23377f8918891b	ptm-observation:828643ebe3407a7855351976bfbcdb94cad84dca56d3b0670eced134965199af
UniProtKB:P37268	proteintraitsmech:B22	OK	0.0	1	f9537e5da6e5e72a4aba42c80daa21b614f459c5a11e7973bf23377f8918891b	ptm-observation:4ab56635502c2bbeaded94589db7efa292b0beea1a108fcf855b791701d8ec53
UniProtKB:P37330	proteintraitsmech:B01	OK	-11.951695828127216	e	b74a870150b7d53d9c14c7d23ba59adc6ee9655025b246a773403b9e2d30b933	ptm-observation:b899fe0b7af3f1e151f5e3ba4a022dd602259ca85ced58a066a0d1befab19f84
UniProtKB:P37330	proteintraitsmech:B02	OK	5.791566550731659	pH	b74a870150b7d53d9c14c7d23ba59adc6ee9655025b246a773403b9e2d30b933	ptm-observation:cfbc732e9d6c2a7ea5f349282a98a37402e895969e81cdad9023f6f5bf150b07
UniProtKB:P37330	proteintraitsmech:B03	OK	0.10511756569847856	1	b74a870150b7d53d9c14c7d23ba59adc6ee9655025b246a773403b9e2d30b933	ptm-observation:7595df8dca0159b359b0a47cd4bc507efcc5c817ea009d6478b9dd0b8e3b1804
UniProtKB:P37330	proteintraitsmech:B04	OK	0.12309820193637622	1	b74a870150b7d53d9c14c7d23ba59adc6ee9655025b246a773403b9e2d30b933	ptm-observation:49fcd5b8bd3d5d72f7a924792f58d4d7f0074c7cdb9ec90ce7f591425cd99fda
UniProtKB:P37330	proteintraitsmech:B05	OK	0.22821576763485477	1	b74a870150b7d53d9c14c7d23ba59adc6ee9655025b246a773403b9e2d30b933	ptm-observation:bcb17e897f11ca51222cf39625f47477da0ca50526dd8f9e8498af4d7a91f82c
UniProtKB:P37330	proteintraitsmech:B06	OK	0.6307452398185464	1	b74a870150b7d53d9c14c7d23ba59adc6ee9655025b246a773403b9e2d30b933	ptm-observation:700d6b0ef8e693ac33c8839e6300047987bd5634b7cddaa9925179a53cbdc467
UniProtKB:P37330	proteintraitsmech:B08	OK	-0.3265560165975104	1	b74a870150b7d53d9c14c7d23ba59adc6ee9655025b246a773403b9e2d30b933	ptm-observation:7f9d96bba07397097fd1c3b7325af5cf2abf00de6dd3b92b0bf2470b14ce25d4
UniProtKB:P37330	proteintraitsmech:B09	OK		1	b74a870150b7d53d9c14c7d23ba59adc6ee9655025b246a773403b9e2d30b933	ptm-observation:34590066b5b1f7d6ae585686ce652cfb35945083277cb09136097eb025d6f944
UniProtKB:P37330	proteintraitsmech:B10	OK		1	b74a870150b7d53d9c14c7d23ba59adc6ee9655025b246a773403b9e2d30b933	ptm-observation:bbde7d6c9303e665c96df97c7e3fdcbbcc77d2b29eb1eb9dca1ff1af57bc41d1
UniProtKB:P37330	proteintraitsmech:B13	OK		1	b74a870150b7d53d9c14c7d23ba59adc6ee9655025b246a773403b9e2d30b933	ptm-observation:3976c660ee19474685a5ebe81fa9abf9d21d22ac7122279d4056b66da9a53ab7
UniProtKB:P37330	proteintraitsmech:B16	OK	4.153964510773105	bit	b74a870150b7d53d9c14c7d23ba59adc6ee9655025b246a773403b9e2d30b933	ptm-observation:9cc5df75f5cab710550b83e820af1f9b87834c23011ded75a59c046ad8b36b0c
UniProtKB:P37330	proteintraitsmech:B22	OK	0.0	1	b74a870150b7d53d9c14c7d23ba59adc6ee9655025b246a773403b9e2d30b933	ptm-observation:20df6209ebc20c14b6eb3940d6c7a82416b16c8ba52ce790da1e805e16c8d5d4
UniProtKB:P37528	proteintraitsmech:B01	OK	-9.864165406921478	e	c94435b2bd776030db46ea24891c464b00df3dc7b6d62ebff609d83eb1772be3	ptm-observation:413a97b64c1ff3a5bc8b93e0185f9c94b86dee0f8cd9fb007af83d36ce11ac75
UniProtKB:P37528	proteintraitsmech:B02	OK	5.14467591047287	pH	c94435b2bd776030db46ea24891c464b00df3dc7b6d62ebff609d83eb1772be3	ptm-observation:8d1fe912f3204192674bc5d109f19a383e3dd10e4b513dfef52ca1d17b0becac
UniProtKB:P37528	proteintraitsmech:B03	OK	0.08673469387755102	1	c94435b2bd776030db46ea24891c464b00df3dc7b6d62ebff609d83eb1772be3	ptm-observation:cd5a64e6db5fab2067acfbbea455d9c5da5614ff9eacba814b9b5736bb15d3d3
UniProtKB:P37528	proteintraitsmech:B04	OK	0.1377551020408163	1	c94435b2bd776030db46ea24891c464b00df3dc7b6d62ebff609d83eb1772be3	ptm-observation:3bbc0139bdd59c557807a71f4d020d513eecd2e3434b0391b88072e248733ea4
UniProtKB:P37528	proteintraitsmech:B05	OK	0.22448979591836735	1	c94435b2bd776030db46ea24891c464b00df3dc7b6d62ebff609d83eb1772be3	ptm-observation:620caabab412dfa8c2bca400c604259ef5c7ba1c032f1b9be432fc0b8270617c
UniProtKB:P37528	proteintraitsmech:B06	OK	1.451297421413792	1	c94435b2bd776030db46ea24891c464b00df3dc7b6d62ebff609d83eb1772be3	ptm-observation:b3c9b34a8ef075fca3222cc535367c93f335cac6917b56c042babea5248ec5c1
UniProtKB:P37528	proteintraitsmech:B08	OK	0.03367346938775508	1	c94435b2bd776030db46ea24891c464b00df3dc7b6d62ebff609d83eb1772be3	ptm-observation:4462eee4393065c0f0ba8f3d4cc9aafe9a0c74279225e6ce004a59be1be70749
UniProtKB:P37528	proteintraitsmech:B09	OK		1	c94435b2bd776030db46ea24891c464b00df3dc7b6d62ebff609d83eb1772be3	ptm-observation:0f453287a66851b453d0738c090e55b052ce62a2cd431edb17c35598a871f6ad
UniProtKB:P37528	proteintraitsmech:B10	OK		1	c94435b2bd776030db46ea24891c464b00df3dc7b6d62ebff609d83eb1772be3	ptm-observation:db0797170a5ca2b2f8bbe9163147f4329493cb9dd9c9b81ea79334db8330f0cb
UniProtKB:P37528	proteintraitsmech:B13	OK		1	c94435b2bd776030db46ea24891c464b00df3dc7b6d62ebff609d83eb1772be3	ptm-observation:270ed1e6d04a33219ab9c03ac7a1677d48d3c477de1d08baabcc27a8744b0102
UniProtKB:P37528	proteintraitsmech:B16	OK	4.026307900300936	bit	c94435b2bd776030db46ea24891c464b00df3dc7b6d62ebff609d83eb1772be3	ptm-observation:7be44fa6e0c4f35fa2e2a301f5398a1c2bfaa0be0017139629bdb15ed22110ce
UniProtKB:P37528	proteintraitsmech:B22	OK	0.0	1	c94435b2bd776030db46ea24891c464b00df3dc7b6d62ebff609d83eb1772be3	ptm-observation:09ebbc94e2518bfbd46a37b2b5fc825845bd43908d899b668780600ab38a535b
UniProtKB:P37544	proteintraitsmech:B01	OK	-7.749711923010269	e	18733344e66ec0fb0e031cff30e03ce04033f570279d6c67b0f9755db95697c0	ptm-observation:36214ca731d7898bd628f2715a23181e0a5749569095b19a21b8e1b1d9720b96
UniProtKB:P37544	proteintraitsmech:B02	OK	5.61912602186203	pH	18733344e66ec0fb0e031cff30e03ce04033f570279d6c67b0f9755db95697c0	ptm-observation:26e9947ae671ee239e56672fbb0d35d75041f23c0e1884a327e7c120ee94773f
UniProtKB:P37544	proteintraitsmech:B03	OK	0.13356164383561644	1	18733344e66ec0fb0e031cff30e03ce04033f570279d6c67b0f9755db95697c0	ptm-observation:0afd4ee7289e25913c3d064aa1b42ef1223236f5ee4d1129de34695b7f5e7c3a
UniProtKB:P37544	proteintraitsmech:B04	OK	0.16095890410958905	1	18733344e66ec0fb0e031cff30e03ce04033f570279d6c67b0f9755db95697c0	ptm-observation:d28232c52d3754cd6c062e1e9955baa4d8f102c600332aeaa9f12f09377b9b9b
UniProtKB:P37544	proteintraitsmech:B05	OK	0.2945205479452055	1	18733344e66ec0fb0e031cff30e03ce04033f570279d6c67b0f9755db95697c0	ptm-observation:f1198683464218a96768a8f27c3a2389ca027fccf7cfc0770692fe50efa34ea7
UniProtKB:P37544	proteintraitsmech:B06	OK	-0.39461753480720946	1	18733344e66ec0fb0e031cff30e03ce04033f570279d6c67b0f9755db95697c0	ptm-observation:a7eb9a2ba276bb3e36e85fed42e18a786b3ddde33725a9952455773c99e8478f
UniProtKB:P37544	proteintraitsmech:B08	OK	-0.4294520547945206	1	18733344e66ec0fb0e031cff30e03ce04033f570279d6c67b0f9755db95697c0	ptm-observation:87774ffbc528232127b99bedf3cc80cf4a89318313ab5fea65b4b1c180f9aa32
UniProtKB:P37544	proteintraitsmech:B09	OK		1	18733344e66ec0fb0e031cff30e03ce04033f570279d6c67b0f9755db95697c0	ptm-observation:f32bc5a6a018a4ff5a847c9c8847820692dc9051d50da24fd40e12b8f3c91975
UniProtKB:P37544	proteintraitsmech:B10	OK		1	18733344e66ec0fb0e031cff30e03ce04033f570279d6c67b0f9755db95697c0	ptm-observation:b159fddc2b7940f8f93d4f5b3decf1dcb631bb2557aea5c1fb3616737b8b3d0d
UniProtKB:P37544	proteintraitsmech:B13	OK		1	18733344e66ec0fb0e031cff30e03ce04033f570279d6c67b0f9755db95697c0	ptm-observation:223f248f57a5b7f3406796055f6c1a73589d64803aee7b2c5abfa5b0775621ac
UniProtKB:P37544	proteintraitsmech:B16	OK	4.10146983999937	bit	18733344e66ec0fb0e031cff30e03ce04033f570279d6c67b0f9755db95697c0	ptm-observation:285aa7b6d776f53c79e67fcc19b5291f04b951000c56253f27c7964122a4edbf
UniProtKB:P37544	proteintraitsmech:B22	OK	0.0	1	18733344e66ec0fb0e031cff30e03ce04033f570279d6c67b0f9755db95697c0	ptm-observation:7be07f5e430cebdbb9df48fe5442f31cc4c47457f10880e47075e1a2c8a1f827
UniProtKB:P37647	proteintraitsmech:B01	OK	-12.137851988995306	e	646080be690d43133b865947d8c54e6263324aa53e50810ab69ac2883e8253c4	ptm-observation:c032f593c139cf902c10c6fb64306a4e03ee455d97784fcea563fa1af4fedec2
UniProtKB:P37647	proteintraitsmech:B02	OK	4.922788321971893	pH	646080be690d43133b865947d8c54e6263324aa53e50810ab69ac2883e8253c4	ptm-observation:2416731b1c8b0e98f00f41a1d03315cc98921cd306e8c25cc15e93033132e12c
UniProtKB:P37647	proteintraitsmech:B03	OK	0.10032362459546926	1	646080be690d43133b865947d8c54e6263324aa53e50810ab69ac2883e8253c4	ptm-observation:40eb0791f37cab58c7768f8fa27a00c5fc7a7deb79a65d0603c8a34dc8e1eb01
UniProtKB:P37647	proteintraitsmech:B04	OK	0.13915857605177995	1	646080be690d43133b865947d8c54e6263324aa53e50810ab69ac2883e8253c4	ptm-observation:6ed43be817f5fa30c2ebfec93fbdaa12f87e367804fdc8ee2d7a166b1f5e6bd2
UniProtKB:P37647	proteintraitsmech:B05	OK	0.23948220064724918	1	646080be690d43133b865947d8c54e6263324aa53e50810ab69ac2883e8253c4	ptm-observation:6a04dd89d051ee4f8c80678449e3956dd24d609134ec4e4ce40c453b0b06b6b4
UniProtKB:P37647	proteintraitsmech:B06	OK	1.01770017788111	1	646080be690d43133b865947d8c54e6263324aa53e50810ab69ac2883e8253c4	ptm-observation:5a19d3c52ae2a4bdf4ff26808042d4b908038305ad58657f8cd34037282096e3
UniProtKB:P37647	proteintraitsmech:B08	OK	-0.19514563106796118	1	646080be690d43133b865947d8c54e6263324aa53e50810ab69ac2883e8253c4	ptm-observation:227eecff884a1237d4faf519f4e5f02ac860884f51b81907131a63c66ddb512b
UniProtKB:P37647	proteintraitsmech:B09	OK		1	646080be690d43133b865947d8c54e6263324aa53e50810ab69ac2883e8253c4	ptm-observation:f95ab1d7aa7f94ad500e1ff9271f45d7c681db3c3ce9e572e3be1a38303f9feb
UniProtKB:P37647	proteintraitsmech:B10	OK		1	646080be690d43133b865947d8c54e6263324aa53e50810ab69ac2883e8253c4	ptm-observation:23487f696930dc859cba5c4c29b7fb072c2de32d5de28884b1eac0618ad9127a
UniProtKB:P37647	proteintraitsmech:B13	OK		1	646080be690d43133b865947d8c54e6263324aa53e50810ab69ac2883e8253c4	ptm-observation:1f02ab836ef92a457c7b3eee6b7c72ee9c3cee5160c78bcd8a87c5d90ec91940
UniProtKB:P37647	proteintraitsmech:B16	OK	4.109494743710484	bit	646080be690d43133b865947d8c54e6263324aa53e50810ab69ac2883e8253c4	ptm-observation:05f8bf5d57a9ae1ff008c12250e4bd5e5b79391f06ee87f422b0dc1098f5c3db
UniProtKB:P37647	proteintraitsmech:B22	OK	0.0	1	646080be690d43133b865947d8c54e6263324aa53e50810ab69ac2883e8253c4	ptm-observation:b7490b18c3d79b7112744285f9bd24b8f7b0e05a2e4a2d77ea293ae5c38f6cc3
UniProtKB:P37957	proteintraitsmech:B01	OK	8.931696840915482	e	8a9ea05c5d2953b5b143b591bea6014aec631be96a4842b274fb3e91ee4907d7	ptm-observation:e639364440d5915826b58e59c72ce4b1e1e4fb5da84e3d3de92113afb6277774
UniProtKB:P37957	proteintraitsmech:B02	OK	9.724159896373749	pH	8a9ea05c5d2953b5b143b591bea6014aec631be96a4842b274fb3e91ee4907d7	ptm-observation:b33d18229903cbcbc30ee34b81e320aea096cc787222bab9bd0e7a9de3789314
UniProtKB:P37957	proteintraitsmech:B03	OK	0.09905660377358491	1	8a9ea05c5d2953b5b143b591bea6014aec631be96a4842b274fb3e91ee4907d7	ptm-observation:1456df2e6b7f354a3155d3c939b6c0b5137b11b7a0dc4e86596f89621b396761
UniProtKB:P37957	proteintraitsmech:B04	OK	0.05660377358490566	1	8a9ea05c5d2953b5b143b591bea6014aec631be96a4842b274fb3e91ee4907d7	ptm-observation:34e99f1d643f7f75c62ef95ff8c29cddde23898a020aeddb530b0e70b97cf72c
UniProtKB:P37957	proteintraitsmech:B05	OK	0.15566037735849056	1	8a9ea05c5d2953b5b143b591bea6014aec631be96a4842b274fb3e91ee4907d7	ptm-observation:cb14bfb87a1b9213363eb7f5c416b47eed261b03cb2fb7c76c43ad2cd5ec70d3
UniProtKB:P37957	proteintraitsmech:B06	OK	1.2334387793871238	1	8a9ea05c5d2953b5b143b591bea6014aec631be96a4842b274fb3e91ee4907d7	ptm-observation:fe0bd931c89dc931842733426204873c6090f29db4d466920103d85747c0ecb8
UniProtKB:P37957	proteintraitsmech:B08	OK	-0.00518867924528303	1	8a9ea05c5d2953b5b143b591bea6014aec631be96a4842b274fb3e91ee4907d7	ptm-observation:31609fda8efbe52ea3853a77abb9939f088c2494af7936a635e967b7e559236f
UniProtKB:P37957	proteintraitsmech:B09	OK		1	8a9ea05c5d2953b5b143b591bea6014aec631be96a4842b274fb3e91ee4907d7	ptm-observation:553422132e220ab67daae975c1a263db0ef12d75a70992c99de69171006ee097
UniProtKB:P37957	proteintraitsmech:B10	OK		1	8a9ea05c5d2953b5b143b591bea6014aec631be96a4842b274fb3e91ee4907d7	ptm-observation:381755dc820cd60f68bd5b8d517a84c1e11882b5dee62145e2a4adc93ccb25ae
UniProtKB:P37957	proteintraitsmech:B13	OK		1	8a9ea05c5d2953b5b143b591bea6014aec631be96a4842b274fb3e91ee4907d7	ptm-observation:5898cbb5e465d4ba854d7097dd8ac4db96fe27e2d1ee2e62abe6a3b4f3cd3f64
UniProtKB:P37957	proteintraitsmech:B16	OK	4.011001734080094	bit	8a9ea05c5d2953b5b143b591bea6014aec631be96a4842b274fb3e91ee4907d7	ptm-observation:74c7434ca07f1978f041c91f387bfcc59c45aac44b43d559c1c8c1931f3c65b0
UniProtKB:P37957	proteintraitsmech:B22	OK	0.0	1	8a9ea05c5d2953b5b143b591bea6014aec631be96a4842b274fb3e91ee4907d7	ptm-observation:41943a6a4b26ed3f1fc2af9f9f8906c94354e2c5a07e33493a2dd168e22ba9e2
UniProtKB:P38912	proteintraitsmech:B01	OK	-12.292287160853698	e	a54c474d4e4e01d52cf0a736340854730374b62035a71c2e6ab8f49790e0189f	ptm-observation:d8bdf551453bfa213010aca13ef6c7a0ae82740616d496ca35a4dfa80b90bc98
UniProtKB:P38912	proteintraitsmech:B02	OK	4.694880902767181	pH	a54c474d4e4e01d52cf0a736340854730374b62035a71c2e6ab8f49790e0189f	ptm-observation:5b6ea3551f0a26eba69907bd136ea246010ef5460eef595e4d68c79e36dab1ff
UniProtKB:P38912	proteintraitsmech:B03	OK	0.16339869281045752	1	a54c474d4e4e01d52cf0a736340854730374b62035a71c2e6ab8f49790e0189f	ptm-observation:71c805e21e31fb8ddb50ff06da6f9e475e387579aa0ed36e211caf18dd872bff
UniProtKB:P38912	proteintraitsmech:B04	OK	0.24183006535947713	1	a54c474d4e4e01d52cf0a736340854730374b62035a71c2e6ab8f49790e0189f	ptm-observation:ab2acc454ef592040878ee44aad8bf263075fd19197400385c35836abc7ea940
UniProtKB:P38912	proteintraitsmech:B05	OK	0.40522875816993464	1	a54c474d4e4e01d52cf0a736340854730374b62035a71c2e6ab8f49790e0189f	ptm-observation:0a1071ecd57a50470e85372ff26a8ab7b63d71af1a7155bb9cb2fe6c1be97717
UniProtKB:P38912	proteintraitsmech:B06	OK	-7.922855571275184	1	a54c474d4e4e01d52cf0a736340854730374b62035a71c2e6ab8f49790e0189f	ptm-observation:2abaf3c9935c3840eece94665c77e89862a9de12ccbec9ef8ecf136906706cb5
UniProtKB:P38912	proteintraitsmech:B08	OK	-1.1993464052287581	1	a54c474d4e4e01d52cf0a736340854730374b62035a71c2e6ab8f49790e0189f	ptm-observation:fc18bec135e9b923444ec4b9fe3a82d50cedf711fe09396c546440a022dae436
UniProtKB:P38912	proteintraitsmech:B09	OK		1	a54c474d4e4e01d52cf0a736340854730374b62035a71c2e6ab8f49790e0189f	ptm-observation:633e315b349e505ea6f2540e2eb78c0b83369ad549e38f696c0151c93359964a
UniProtKB:P38912	proteintraitsmech:B10	OK		1	a54c474d4e4e01d52cf0a736340854730374b62035a71c2e6ab8f49790e0189f	ptm-observation:cc691a12db490204a4631d570d17c05d2fe23209a082299590c9bc4a3ca12457
UniProtKB:P38912	proteintraitsmech:B13	OK		1	a54c474d4e4e01d52cf0a736340854730374b62035a71c2e6ab8f49790e0189f	ptm-observation:88ea75b5031a45a3c0e377606c78b4d31d5bab2dd2434fa208768c490b351ff4
UniProtKB:P38912	proteintraitsmech:B16	OK	3.9556719836528567	bit	a54c474d4e4e01d52cf0a736340854730374b62035a71c2e6ab8f49790e0189f	ptm-observation:f60fad7b5e0302b4c012d8684a8106d463ab8b70babb0111f5a22f307c97478d
UniProtKB:P38912	proteintraitsmech:B22	OK	0.46405228758169936	1	a54c474d4e4e01d52cf0a736340854730374b62035a71c2e6ab8f49790e0189f	ptm-observation:aa4a8cf7cc9715069c10e3c7705f1fc5dc73c09dff07bab121ab7453bdef64c5
UniProtKB:P39285	proteintraitsmech:B01	OK	-2.8783948733302664	e	d82fa384c1ac277777041aa0286d03a36e2c6a0d6c510853007358f119afaaf8	ptm-observation:5c290284fdeae75c45d44e9d7267dbc23fbdf664225862199aacb82d314becd8
UniProtKB:P39285	proteintraitsmech:B02	OK	6.550568401813507	pH	d82fa384c1ac277777041aa0286d03a36e2c6a0d6c510853007358f119afaaf8	ptm-observation:23ba87244795f3bec047cf3ddd5d707f95b6462ddb17fdfec02b592af92ec7bd
UniProtKB:P39285	proteintraitsmech:B03	OK	0.0993676603432701	1	d82fa384c1ac277777041aa0286d03a36e2c6a0d6c510853007358f119afaaf8	ptm-observation:918b9499a5152613b246a1448165bf32d7ea38b359182de8371ffa0ebe6e4574
UniProtKB:P39285	proteintraitsmech:B04	OK	0.10298102981029811	1	d82fa384c1ac277777041aa0286d03a36e2c6a0d6c510853007358f119afaaf8	ptm-observation:4e515fdb11457c45cc845c4fa4725cd0535793b8d00ce35c5a5c9598ab0b4c51
UniProtKB:P39285	proteintraitsmech:B05	OK	0.2023486901535682	1	d82fa384c1ac277777041aa0286d03a36e2c6a0d6c510853007358f119afaaf8	ptm-observation:34f31ab01ef06e3b03011634334f556dce80e3e351763d09a09f51af3a7849e5
UniProtKB:P39285	proteintraitsmech:B06	OK	-0.8591999979759399	1	d82fa384c1ac277777041aa0286d03a36e2c6a0d6c510853007358f119afaaf8	ptm-observation:9a58891e3881dd11af382a632f21e535bea4f98e44b4e51f877992382d81875b
UniProtKB:P39285	proteintraitsmech:B08	OK	0.01770551038843719	1	d82fa384c1ac277777041aa0286d03a36e2c6a0d6c510853007358f119afaaf8	ptm-observation:881afaf39c0269abcb1ca0989b63358af6e1b3182f5b3e2576f496cf47813681
UniProtKB:P39285	proteintraitsmech:B09	OK		1	d82fa384c1ac277777041aa0286d03a36e2c6a0d6c510853007358f119afaaf8	ptm-observation:f40af57447ae421891d82d5568d958c146abe020068d56e482d7bd8ad8d18850
UniProtKB:P39285	proteintraitsmech:B10	OK		1	d82fa384c1ac277777041aa0286d03a36e2c6a0d6c510853007358f119afaaf8	ptm-observation:ecbfd8df93097dd4a925d7cb7f88b1d92c337a65d9e04825dc047b93dfd76902
UniProtKB:P39285	proteintraitsmech:B13	OK		1	d82fa384c1ac277777041aa0286d03a36e2c6a0d6c510853007358f119afaaf8	ptm-observation:cb2306e761494cb162e28d45be7b96ea73c2d1678bd0349fbbd271aa52fdcc83
UniProtKB:P39285	proteintraitsmech:B16	OK	4.029517011484705	bit	d82fa384c1ac277777041aa0286d03a36e2c6a0d6c510853007358f119afaaf8	ptm-observation:fd30c09de34ee96791211a9eb319e4744bae0144b9a2eb395aa076033db6654a
UniProtKB:P39285	proteintraitsmech:B22	OK	0.08852755194218609	1	d82fa384c1ac277777041aa0286d03a36e2c6a0d6c510853007358f119afaaf8	ptm-observation:4e23dd47b0c8ee9bd7ca4222c074f78a2d69f0ab6cca3522ad50a17225a4c605
UniProtKB:P39377	proteintraitsmech:B01	OK	-14.622408665951356	e	7f8ef01869c7f3cbc2b4976b2934ab60f501dfed009062f1c8951c3513447252	ptm-observation:ae4c3aef6ad556c41005046878dfb79f1a483bae4b2581efde43c4cda3278ce5
UniProtKB:P39377	proteintraitsmech:B02	OK	5.08137172460556	pH	7f8ef01869c7f3cbc2b4976b2934ab60f501dfed009062f1c8951c3513447252	ptm-observation:d5537307d39fe6f85769aefa8783171abd7b43eb13c45407e3fb33a18bd63024
UniProtKB:P39377	proteintraitsmech:B03	OK	0.07948717948717948	1	7f8ef01869c7f3cbc2b4976b2934ab60f501dfed009062f1c8951c3513447252	ptm-observation:61d63696a4b318bfbfb0e05455eb3669e19930dd85e7776ebed43c2850fd1829
UniProtKB:P39377	proteintraitsmech:B04	OK	0.11794871794871795	1	7f8ef01869c7f3cbc2b4976b2934ab60f501dfed009062f1c8951c3513447252	ptm-observation:c82fe254308bf0dcfcc8d287303ee3450f93266047f2a52e772a3211283f1392
UniProtKB:P39377	proteintraitsmech:B05	OK	0.19743589743589743	1	7f8ef01869c7f3cbc2b4976b2934ab60f501dfed009062f1c8951c3513447252	ptm-observation:d282910d32320eef418cb1f3eb074e6b25dc44b3bb67fc81b09bc4f9084b4eea
UniProtKB:P39377	proteintraitsmech:B06	OK	2.5955357353403583	1	7f8ef01869c7f3cbc2b4976b2934ab60f501dfed009062f1c8951c3513447252	ptm-observation:4cc1e0f0f6343c58b5b4f5e9e1fb90cf57b4c59c60e57f0c3ce62cc184cf66ab
UniProtKB:P39377	proteintraitsmech:B08	OK	0.12692307692307692	1	7f8ef01869c7f3cbc2b4976b2934ab60f501dfed009062f1c8951c3513447252	ptm-observation:e1eac0604afbe9bc9024443b901656843a7feb5632df5c79cb3d8af3000cffb0
UniProtKB:P39377	proteintraitsmech:B09	OK		1	7f8ef01869c7f3cbc2b4976b2934ab60f501dfed009062f1c8951c3513447252	ptm-observation:52c205b60c841a5b450ef80aa6bfad69d2e5a11ac3ecf6fa7428ea44df6cf0d3
UniProtKB:P39377	proteintraitsmech:B10	OK		1	7f8ef01869c7f3cbc2b4976b2934ab60f501dfed009062f1c8951c3513447252	ptm-observation:c9b81c5657e79f0dc85444e5fba0a32436125cf206d515fa38691488e954db68
UniProtKB:P39377	proteintraitsmech:B13	OK		1	7f8ef01869c7f3cbc2b4976b2934ab60f501dfed009062f1c8951c3513447252	ptm-observation:faa8e725d217c9897aba66e4459d1698648077dbb814fc44dc5e0b655d64b929
UniProtKB:P39377	proteintraitsmech:B16	OK	4.0396668230814985	bit	7f8ef01869c7f3cbc2b4976b2934ab60f501dfed009062f1c8951c3513447252	ptm-observation:a3aed7c21a566107c50dbc63dbaeb28fbfddf463d2ecf968a297014a4479ce20
UniProtKB:P39377	proteintraitsmech:B22	OK	0.0	1	7f8ef01869c7f3cbc2b4976b2934ab60f501dfed009062f1c8951c3513447252	ptm-observation:f7f1ee133c00972baadbd7164303a06db2efbc5d9bd2be472befd8c2ab67e65b
UniProtKB:P39575	proteintraitsmech:B01	OK	-16.51149288643667	e	13e9570c52ad7f0216678ae8a84a16e41c5b3f720cb6b5ee51eaeb27441ccb0f	ptm-observation:72dd493eca99311749c3a5cf5f9028c23cb90cc7848950421ac8ead30abc982f
UniProtKB:P39575	proteintraitsmech:B02	OK	5.682815730571747	pH	13e9570c52ad7f0216678ae8a84a16e41c5b3f720cb6b5ee51eaeb27441ccb0f	ptm-observation:82869ec79099736540ecb43233c51932b06530afa09efb0b6cd1fd493df68e4a
UniProtKB:P39575	proteintraitsmech:B03	OK	0.11306042884990253	1	13e9570c52ad7f0216678ae8a84a16e41c5b3f720cb6b5ee51eaeb27441ccb0f	ptm-observation:1955b9318b6534668146f86781367cee0e1180c612d5c536ac27aefe8abd8abe
UniProtKB:P39575	proteintraitsmech:B04	OK	0.14814814814814814	1	13e9570c52ad7f0216678ae8a84a16e41c5b3f720cb6b5ee51eaeb27441ccb0f	ptm-observation:c38ca0fd887bc5562c81d5241fd6d75fa106640f11514ac96f58366ef2012821
UniProtKB:P39575	proteintraitsmech:B05	OK	0.26120857699805067	1	13e9570c52ad7f0216678ae8a84a16e41c5b3f720cb6b5ee51eaeb27441ccb0f	ptm-observation:e6aa0af4645dae41c76c0ecce24da280a6cadd99e2e29538bfb6c544e9e502ab
UniProtKB:P39575	proteintraitsmech:B06	OK	1.9907876623492544	1	13e9570c52ad7f0216678ae8a84a16e41c5b3f720cb6b5ee51eaeb27441ccb0f	ptm-observation:6be40714947c8cd0744e51d3ffb37c0a921c4c4c6010d15d4a8a3950a55e29b7
UniProtKB:P39575	proteintraitsmech:B08	OK	-0.4933723196881092	1	13e9570c52ad7f0216678ae8a84a16e41c5b3f720cb6b5ee51eaeb27441ccb0f	ptm-observation:3593dd7702b82d3c40f902d2d63b2fdcc02075d82eee2dc6c72080efe85c1968
UniProtKB:P39575	proteintraitsmech:B09	OK		1	13e9570c52ad7f0216678ae8a84a16e41c5b3f720cb6b5ee51eaeb27441ccb0f	ptm-observation:e67ac0b6c0bc184e00e61c8d97f24c6f8ec3ac53a6a3414c10f8236b094c1a85
UniProtKB:P39575	proteintraitsmech:B10	OK		1	13e9570c52ad7f0216678ae8a84a16e41c5b3f720cb6b5ee51eaeb27441ccb0f	ptm-observation:38195b6fbf837667b6ee1c8667b7d9dbb0d26cd2ac243cf7e8bf1a437c4f4a56
UniProtKB:P39575	proteintraitsmech:B13	OK		1	13e9570c52ad7f0216678ae8a84a16e41c5b3f720cb6b5ee51eaeb27441ccb0f	ptm-observation:474b57fd0019227077450e33e6477672d5e45f6d5c8098b9f79ddf5845d4fb34
UniProtKB:P39575	proteintraitsmech:B16	OK	4.16472264897949	bit	13e9570c52ad7f0216678ae8a84a16e41c5b3f720cb6b5ee51eaeb27441ccb0f	ptm-observation:4c99af7fbc0a5a0e8b78f69042577ff7e70d87b0cdf2949817c7cd6afcbaf8e4
UniProtKB:P39575	proteintraitsmech:B22	OK	0.0	1	13e9570c52ad7f0216678ae8a84a16e41c5b3f720cb6b5ee51eaeb27441ccb0f	ptm-observation:a6e4e89e4a4d89507c14ff57d938dde14dcdba7bb1d7e5745ec66a1dc5d53a9e
UniProtKB:P39935	proteintraitsmech:B01	OK	-13.062654060639982	e	44d13927fd9a0c9029a5ccf0490ca51866db046adf849d00ca49366e5f6b583e	ptm-observation:83c53e75532452471764edc694bf3480e3eed8b1bd739af174a0ae3702668e8b
UniProtKB:P39935	proteintraitsmech:B02	OK	5.798887312412262	pH	44d13927fd9a0c9029a5ccf0490ca51866db046adf849d00ca49366e5f6b583e	ptm-observation:5c26465c20ca5d1b05655e12617f124729d97dfe6c3512e2394ae942b27a270d
UniProtKB:P39935	proteintraitsmech:B03	OK	0.15231092436974789	1	44d13927fd9a0c9029a5ccf0490ca51866db046adf849d00ca49366e5f6b583e	ptm-observation:ecc57286b514d637661de5b42c0e1e971ec580e045fd1ad837faa728481f1faa
UniProtKB:P39935	proteintraitsmech:B04	OK	0.16701680672268907	1	44d13927fd9a0c9029a5ccf0490ca51866db046adf849d00ca49366e5f6b583e	ptm-observation:848b380ce2c17f52806d9220b4f4a67fa7810c7d87f38d868b72b84371c1c69e
UniProtKB:P39935	proteintraitsmech:B05	OK	0.31932773109243695	1	44d13927fd9a0c9029a5ccf0490ca51866db046adf849d00ca49366e5f6b583e	ptm-observation:2cc73cfbb65e1a92272acc9d1cb67bf7ef637ed39617067364e7cb768d0bab50
UniProtKB:P39935	proteintraitsmech:B06	OK	-2.298631773714645	1	44d13927fd9a0c9029a5ccf0490ca51866db046adf849d00ca49366e5f6b583e	ptm-observation:1e4cd13966d2ec7c69fd054589c66f17fcd22c054279bee3ebd3205b7a43a817
UniProtKB:P39935	proteintraitsmech:B08	OK	-1.1266806722689076	1	44d13927fd9a0c9029a5ccf0490ca51866db046adf849d00ca49366e5f6b583e	ptm-observation:c59ce1b13411a1b12a619bb878a9f6a5c6694c3ff66aae9e729b7a6659ffffbf
UniProtKB:P39935	proteintraitsmech:B09	OK		1	44d13927fd9a0c9029a5ccf0490ca51866db046adf849d00ca49366e5f6b583e	ptm-observation:43a16f33e854509d45f58fa3af00877bbdfcafd6e9e4cbbe0e9beb831a22334d
UniProtKB:P39935	proteintraitsmech:B10	OK		1	44d13927fd9a0c9029a5ccf0490ca51866db046adf849d00ca49366e5f6b583e	ptm-observation:377623aaffb88e6a3c445f3858ebb5b5cc91dde6d9b57473f4d005111706526a
UniProtKB:P39935	proteintraitsmech:B13	OK		1	44d13927fd9a0c9029a5ccf0490ca51866db046adf849d00ca49366e5f6b583e	ptm-observation:b450f060bf3d9a1cfec6431dcd96fb30ed387761845d96e7db72c61d79dc6973
UniProtKB:P39935	proteintraitsmech:B16	OK	4.058866727274982	bit	44d13927fd9a0c9029a5ccf0490ca51866db046adf849d00ca49366e5f6b583e	ptm-observation:00e3b301283e370f784104191a65e734528d7e6d778a60280e0959ade7c87b47
UniProtKB:P39935	proteintraitsmech:B22	OK	0.6775210084033614	1	44d13927fd9a0c9029a5ccf0490ca51866db046adf849d00ca49366e5f6b583e	ptm-observation:8b57635756d473ff145aad23c498cc39bf8c5d376d76cfa53b2b68f4d13868d8
UniProtKB:P40189	proteintraitsmech:B01	OK	-19.540287367867762	e	d66c1912bd251688088ddc62bba6e8a682a18190b3c3af107173ab6292053980	ptm-observation:51afbd8cf3d32893964c9595cf72c6495d91d29cf2d8c4cabe561785ae5bb8d9
UniProtKB:P40189	proteintraitsmech:B02	OK	5.624635994434357	pH	d66c1912bd251688088ddc62bba6e8a682a18190b3c3af107173ab6292053980	ptm-observation:f68d2dbb222e13da7357d1198c505984e6f9a9f5759ea45eb7875a731dbe36c8
UniProtKB:P40189	proteintraitsmech:B03	OK	0.09803921568627451	1	d66c1912bd251688088ddc62bba6e8a682a18190b3c3af107173ab6292053980	ptm-observation:ef37ace31179fde346d1a0fdb6763ea1d1c2f932686b3e65a2d30cc8bea1c606
UniProtKB:P40189	proteintraitsmech:B04	OK	0.12091503267973856	1	d66c1912bd251688088ddc62bba6e8a682a18190b3c3af107173ab6292053980	ptm-observation:2a29e04486369854f5596afef707a9c5b2a2ed0ee20c9a90f93fce54548af122
UniProtKB:P40189	proteintraitsmech:B05	OK	0.21895424836601307	1	d66c1912bd251688088ddc62bba6e8a682a18190b3c3af107173ab6292053980	ptm-observation:a20be4b98852a661d4182ba5c318342623295f04de1f0d8fcc1e14aba166bccd
UniProtKB:P40189	proteintraitsmech:B06	OK	2.9669436420718935	1	d66c1912bd251688088ddc62bba6e8a682a18190b3c3af107173ab6292053980	ptm-observation:c72ac4ff9c970becb49452c77106b1cf5e646099730810009acc96c66a240212
UniProtKB:P40189	proteintraitsmech:B08	OK	-0.45653594771241834	1	d66c1912bd251688088ddc62bba6e8a682a18190b3c3af107173ab6292053980	ptm-observation:be9ded3ac0b8ca2c3f167644301dd4911ffb733dbd8a3bc0e25e6880ae37970e
UniProtKB:P40189	proteintraitsmech:B09	OK		1	d66c1912bd251688088ddc62bba6e8a682a18190b3c3af107173ab6292053980	ptm-observation:c1e31fabd4dead0bea5a3297e46f8041fc0369c2ca144a76344d7100d8972cb7
UniProtKB:P40189	proteintraitsmech:B10	OK		1	d66c1912bd251688088ddc62bba6e8a682a18190b3c3af107173ab6292053980	ptm-observation:45bf7004640c6e3ff0327f03b2c2592c248697b05d6b1269e9de9a4c079e8ca0
UniProtKB:P40189	proteintraitsmech:B13	OK		1	d66c1912bd251688088ddc62bba6e8a682a18190b3c3af107173ab6292053980	ptm-observation:db5dfad5a74bbe4028a33b5eac8fcf39f68ba54937fc463d3e30227af9b1c7e8
UniProtKB:P40189	proteintraitsmech:B16	OK	4.189744858876897	bit	d66c1912bd251688088ddc62bba6e8a682a18190b3c3af107173ab6292053980	ptm-observation:0d8239b504ed687d4bc4b40fabc9945219a6d1e082566d24245e1fb23ac8dc5b
UniProtKB:P40189	proteintraitsmech:B22	OK	0.3202614379084967	1	d66c1912bd251688088ddc62bba6e8a682a18190b3c3af107173ab6292053980	ptm-observation:10ad41d06900e6e9716851399efa03e669fe83715d7b48ca1fe94f449e8d7918
UniProtKB:P40458	proteintraitsmech:B01	OK	-1.619510393501011	e	f5fe8edde81be015c75e09fce47e240b1f2213d3f194831d4fca0de1b9b27b79	ptm-observation:6ddd8bac506f320360d9b395b6d5f24b694f6be8fa3ddc0208030a608f6ec9c6
UniProtKB:P40458	proteintraitsmech:B02	OK	6.58182829618454	pH	f5fe8edde81be015c75e09fce47e240b1f2213d3f194831d4fca0de1b9b27b79	ptm-observation:da1ed8bf470361de2a3f24ed3a9c58640f5ea19c8e152495bd46637de729cf98
UniProtKB:P40458	proteintraitsmech:B03	OK	0.10775047258979206	1	f5fe8edde81be015c75e09fce47e240b1f2213d3f194831d4fca0de1b9b27b79	ptm-observation:a0afaf6eaaf335619b8df8a2d478937ba23c86b74cdfe0491e3e456459fda09c
UniProtKB:P40458	proteintraitsmech:B04	OK	0.11153119092627599	1	f5fe8edde81be015c75e09fce47e240b1f2213d3f194831d4fca0de1b9b27b79	ptm-observation:5d82ac6f9a81f9cf10d8500725a02ddb0720bf36d13bac889fb7be7eb31a2965
UniProtKB:P40458	proteintraitsmech:B05	OK	0.21928166351606806	1	f5fe8edde81be015c75e09fce47e240b1f2213d3f194831d4fca0de1b9b27b79	ptm-observation:8835bbcfef644475631e10de3a414299b0fb710c255913412b1d982bb00b1f26
UniProtKB:P40458	proteintraitsmech:B06	OK	-4.624255451934095	1	f5fe8edde81be015c75e09fce47e240b1f2213d3f194831d4fca0de1b9b27b79	ptm-observation:e986f7fe0e7e87d71245857069859cb636f54c1f2a0091eded6031ede1ec8b8c
UniProtKB:P40458	proteintraitsmech:B08	OK	-0.39206049149338373	1	f5fe8edde81be015c75e09fce47e240b1f2213d3f194831d4fca0de1b9b27b79	ptm-observation:cd76a27fd217acf8510848326f2e977e825f8da63d12be666abd63fa634dad90
UniProtKB:P40458	proteintraitsmech:B09	OK		1	f5fe8edde81be015c75e09fce47e240b1f2213d3f194831d4fca0de1b9b27b79	ptm-observation:fe8adb4a287ee21e62e47e3594316cd5ca4eba1672a540ebbe0c4d3fb7f7e6bc
UniProtKB:P40458	proteintraitsmech:B10	OK		1	f5fe8edde81be015c75e09fce47e240b1f2213d3f194831d4fca0de1b9b27b79	ptm-observation:0a7f78a627adef03701b0304b00ac2e550ff87f18078fea9fcffb673535f8c9a
UniProtKB:P40458	proteintraitsmech:B13	OK		1	f5fe8edde81be015c75e09fce47e240b1f2213d3f194831d4fca0de1b9b27b79	ptm-observation:d28d439f6534c31a8c0429eb6272be9acd431d1e4aff1885af2841cdbbae24c5
UniProtKB:P40458	proteintraitsmech:B16	OK	4.065092052919545	bit	f5fe8edde81be015c75e09fce47e240b1f2213d3f194831d4fca0de1b9b27b79	ptm-observation:0fa62a0a7acbedec9e46c065ead7a957eeb378dca4bcc7f8f06616c70491f4a4
UniProtKB:P40458	proteintraitsmech:B22	OK	0.667296786389414	1	f5fe8edde81be015c75e09fce47e240b1f2213d3f194831d4fca0de1b9b27b79	ptm-observation:805c5420b6ff87db6194bb80f6a5f0958adb26d38ac507e9ab23815c53ed285c
UniProtKB:P40558	proteintraitsmech:B01	OK	-6.159186009704582	e	7f81fe83a0a0f28e161d5ef0fe95e3abaf390f1843f2d8ebeb25485a26dbd53f	ptm-observation:e36e2723b48b88b457d66d438c470e06fdc83292e128c1c91485daa3a9556ec5
UniProtKB:P40558	proteintraitsmech:B02	OK	5.40398508310318	pH	7f81fe83a0a0f28e161d5ef0fe95e3abaf390f1843f2d8ebeb25485a26dbd53f	ptm-observation:4c6d4b5f876c93d6026f8b4df2a77281e089415eec26cdde2d28c0651b0063d2
UniProtKB:P40558	proteintraitsmech:B03	OK	0.10238907849829351	1	7f81fe83a0a0f28e161d5ef0fe95e3abaf390f1843f2d8ebeb25485a26dbd53f	ptm-observation:f9d6a4bdf59d3c93ebe0d5559f8db1eaad4318bfac14f7d2694b1cf7443387a1
UniProtKB:P40558	proteintraitsmech:B04	OK	0.12286689419795221	1	7f81fe83a0a0f28e161d5ef0fe95e3abaf390f1843f2d8ebeb25485a26dbd53f	ptm-observation:8f4a35088d8577176f6d69d3cd6187e03a8273627e906848672a2c2fea949b8a
UniProtKB:P40558	proteintraitsmech:B05	OK	0.22525597269624573	1	7f81fe83a0a0f28e161d5ef0fe95e3abaf390f1843f2d8ebeb25485a26dbd53f	ptm-observation:09fb05c7b6770f84f6bfc181e7d51161f3a57da67831efe9151e85295f450803
UniProtKB:P40558	proteintraitsmech:B06	OK	0.022865937572679844	1	7f81fe83a0a0f28e161d5ef0fe95e3abaf390f1843f2d8ebeb25485a26dbd53f	ptm-observation:fafbc27dc88e66a764d12e0d8aefaa5be23365840c9ab519879acc2f0d690ed5
UniProtKB:P40558	proteintraitsmech:B08	OK	-0.12150170648464165	1	7f81fe83a0a0f28e161d5ef0fe95e3abaf390f1843f2d8ebeb25485a26dbd53f	ptm-observation:bbbf37c5ee4f018555dd6c3dedf23080650adc1eb11118b15eb6eeefab1edb45
UniProtKB:P40558	proteintraitsmech:B09	OK		1	7f81fe83a0a0f28e161d5ef0fe95e3abaf390f1843f2d8ebeb25485a26dbd53f	ptm-observation:1d4cd3e7267efa7720314c6f530b16f664298c5c23d725fca5b55a2f8c75eb41
UniProtKB:P40558	proteintraitsmech:B10	OK		1	7f81fe83a0a0f28e161d5ef0fe95e3abaf390f1843f2d8ebeb25485a26dbd53f	ptm-observation:3a5db0c7312e66e6e8b2f215aa252c8cc3f0f4f809b00b9572f8e2bc022d8c97
UniProtKB:P40558	proteintraitsmech:B13	OK		1	7f81fe83a0a0f28e161d5ef0fe95e3abaf390f1843f2d8ebeb25485a26dbd53f	ptm-observation:1ac4558f6134323310d3f63d5663e883c8643c14b97694a4d9c57fc30c8e8f4d
UniProtKB:P40558	proteintraitsmech:B16	OK	4.075984370819556	bit	7f81fe83a0a0f28e161d5ef0fe95e3abaf390f1843f2d8ebeb25485a26dbd53f	ptm-observation:6bbbe44a164a48d814e12004adfffbaac73cba4a05590b79f4f78a9cd6eeaeef
UniProtKB:P40558	proteintraitsmech:B22	OK	0.10238907849829351	1	7f81fe83a0a0f28e161d5ef0fe95e3abaf390f1843f2d8ebeb25485a26dbd53f	ptm-observation:6826bbf49c7e139c302d8f7d090ba3f406058258712cfa7ad4cd37480bcd4242
UniProtKB:P41039	proteintraitsmech:B01	OK	-3.4251413652971627	e	be5eb0fd19b5a4d77a6de98fdabd0237543327aac812ef20ffe333d1b480006f	ptm-observation:117c4b1538fcfb88d8b85558632aca242db3532ed274b2d835216852fe3a94d2
UniProtKB:P41039	proteintraitsmech:B02	OK	5.107934415340424	pH	be5eb0fd19b5a4d77a6de98fdabd0237543327aac812ef20ffe333d1b480006f	ptm-observation:dfd28f3f1470cbbc76021933707056bb568e141bad31fc45e4aa30f039289d31
UniProtKB:P41039	proteintraitsmech:B03	OK	0.13636363636363635	1	be5eb0fd19b5a4d77a6de98fdabd0237543327aac812ef20ffe333d1b480006f	ptm-observation:31321e23b84e96dcb0debacd732432cf53a4e106ea835f83d80637f3302d855a
UniProtKB:P41039	proteintraitsmech:B04	OK	0.17045454545454544	1	be5eb0fd19b5a4d77a6de98fdabd0237543327aac812ef20ffe333d1b480006f	ptm-observation:a150c143a7721caf032976668e1a30db65fa22119e4aaa5599490fe3732d8385
UniProtKB:P41039	proteintraitsmech:B05	OK	0.3068181818181818	1	be5eb0fd19b5a4d77a6de98fdabd0237543327aac812ef20ffe333d1b480006f	ptm-observation:41bd8f3928b5dcde35bddb2266160cb4ed37609e9c3ce1a4dc2a0f10848911e0
UniProtKB:P41039	proteintraitsmech:B06	OK	-1.4494855348512712	1	be5eb0fd19b5a4d77a6de98fdabd0237543327aac812ef20ffe333d1b480006f	ptm-observation:681d9d321f68dc00d18adab1465c431d8e8177436a8b50d260c79b053697d43b
UniProtKB:P41039	proteintraitsmech:B08	OK	-0.8818181818181817	1	be5eb0fd19b5a4d77a6de98fdabd0237543327aac812ef20ffe333d1b480006f	ptm-observation:286425398e278c620d19a33b3d2271451bd3889de6fac8386c5f6b59890b6595
UniProtKB:P41039	proteintraitsmech:B09	OK		1	be5eb0fd19b5a4d77a6de98fdabd0237543327aac812ef20ffe333d1b480006f	ptm-observation:532bb19b73b04c646cf032f14d65a1a8899d833ddc2716ce8790597ba35b8b35
UniProtKB:P41039	proteintraitsmech:B10	OK		1	be5eb0fd19b5a4d77a6de98fdabd0237543327aac812ef20ffe333d1b480006f	ptm-observation:57d7f35f43f9525a3630ac3fd80c4f1fbeb1f51cbf1d64c0839ce10aff497906
UniProtKB:P41039	proteintraitsmech:B13	OK		1	be5eb0fd19b5a4d77a6de98fdabd0237543327aac812ef20ffe333d1b480006f	ptm-observation:7e23962b7be7a958ae03172ac26b63ababccc5c51b7c32a3d245635d5d1a188c
UniProtKB:P41039	proteintraitsmech:B16	OK	3.9756291374630623	bit	be5eb0fd19b5a4d77a6de98fdabd0237543327aac812ef20ffe333d1b480006f	ptm-observation:f1f119737b1517b812d2a9f53f33d184e7dd92b2acc2d0eca94536a07d60f78c
UniProtKB:P41039	proteintraitsmech:B22	OK	0.32954545454545453	1	be5eb0fd19b5a4d77a6de98fdabd0237543327aac812ef20ffe333d1b480006f	ptm-observation:b149adc7a3a25270e81ecfd97abe537e7ec8bbb5365de4d7981a9c44ce6df741
UniProtKB:P41441	proteintraitsmech:B01	OK	13.133418693901456	e	c92eb360e81d9fb48c9ea7538797f86d06461025e1c89ade7b71c15381e96fe5	ptm-observation:e1fec82c97ebcf3f3a79c98b9fecabc785b68ec47c66fcbafa41e9995b0da516
UniProtKB:P41441	proteintraitsmech:B02	OK	9.991746127605438	pH	c92eb360e81d9fb48c9ea7538797f86d06461025e1c89ade7b71c15381e96fe5	ptm-observation:b4c25229092ba3520c82c27d038f1e1cd7bb2b81c913218f16deb86def113319
UniProtKB:P41441	proteintraitsmech:B03	OK	0.10552763819095477	1	c92eb360e81d9fb48c9ea7538797f86d06461025e1c89ade7b71c15381e96fe5	ptm-observation:ae0512f89e2f2bc6b1232b02dbad4ae27ba5c4580f9b181253f9d019901b7c3d
UniProtKB:P41441	proteintraitsmech:B04	OK	0.0728643216080402	1	c92eb360e81d9fb48c9ea7538797f86d06461025e1c89ade7b71c15381e96fe5	ptm-observation:25f2fb79bc409d57eee3691ce1e7eaae7fde59575de6727e3404fe5dc2f6401c
UniProtKB:P41441	proteintraitsmech:B05	OK	0.17839195979899497	1	c92eb360e81d9fb48c9ea7538797f86d06461025e1c89ade7b71c15381e96fe5	ptm-observation:c7cfaa12e19aacaf191e209fe3801ba5057a2b4658e791f58674c44efc60b02c
UniProtKB:P41441	proteintraitsmech:B06	OK	1.298128605795437	1	c92eb360e81d9fb48c9ea7538797f86d06461025e1c89ade7b71c15381e96fe5	ptm-observation:b14dee5a0d149e4f8d4f65c030ae7365117fbdea0ff2d475c2ee4e4d13fe17b8
UniProtKB:P41441	proteintraitsmech:B08	OK	0.14396984924623113	1	c92eb360e81d9fb48c9ea7538797f86d06461025e1c89ade7b71c15381e96fe5	ptm-observation:dc478635c40b231251fe83934b580f419f5df5b19d0678c2d6d0b2271d66c6f6
UniProtKB:P41441	proteintraitsmech:B09	OK		1	c92eb360e81d9fb48c9ea7538797f86d06461025e1c89ade7b71c15381e96fe5	ptm-observation:8375da879877caf1b40680416f97c1ca5defbe0560ab4281e3040deceb846a8b
UniProtKB:P41441	proteintraitsmech:B10	OK		1	c92eb360e81d9fb48c9ea7538797f86d06461025e1c89ade7b71c15381e96fe5	ptm-observation:c3aaba1154133704dea3cc188326d8b273270de8f727c602866bb0e75b9931e2
UniProtKB:P41441	proteintraitsmech:B13	OK		1	c92eb360e81d9fb48c9ea7538797f86d06461025e1c89ade7b71c15381e96fe5	ptm-observation:ffe8de27e64eac5bdfa02f2eb5f6ec9b5ae788d112c0122b931d2ef56959df7c
UniProtKB:P41441	proteintraitsmech:B16	OK	3.9908757949042992	bit	c92eb360e81d9fb48c9ea7538797f86d06461025e1c89ade7b71c15381e96fe5	ptm-observation:ace2b7484b8dd445121d9634f25667690b5aa95823e04d8a5abba876d7a50b28
UniProtKB:P41441	proteintraitsmech:B22	OK	0.0	1	c92eb360e81d9fb48c9ea7538797f86d06461025e1c89ade7b71c15381e96fe5	ptm-observation:f83215f262f05a2011d61e6d0ec3ae0f754b13743d39d8e5fdaaa8f01517caaa
UniProtKB:P41743	proteintraitsmech:B01	OK	-19.622966077710004	e	c49843bfec097a5cbd5d104b94d55e735f3600fa4dad371e0192ca139d191983	ptm-observation:b9c7b033973c580ba8b7fd34fab84ffb243d8ac7fe29d696c24bddac68ff4aa1
UniProtKB:P41743	proteintraitsmech:B02	OK	5.535819709300995	pH	c49843bfec097a5cbd5d104b94d55e735f3600fa4dad371e0192ca139d191983	ptm-observation:81c5eca3d1db5f44cfb77470ca170a58a5359a8b02254cab8057c1b8d8d1694a
UniProtKB:P41743	proteintraitsmech:B03	OK	0.11409395973154363	1	c49843bfec097a5cbd5d104b94d55e735f3600fa4dad371e0192ca139d191983	ptm-observation:3ed775b50f16b7d99343fd66d198d56128991a2fc4817c8574a06289f7526dcf
UniProtKB:P41743	proteintraitsmech:B04	OK	0.1493288590604027	1	c49843bfec097a5cbd5d104b94d55e735f3600fa4dad371e0192ca139d191983	ptm-observation:6af9623834de7e52fd98a92b47b75ac523b42b8fa13867d4eb01366efa82ebe1
UniProtKB:P41743	proteintraitsmech:B05	OK	0.2634228187919463	1	c49843bfec097a5cbd5d104b94d55e735f3600fa4dad371e0192ca139d191983	ptm-observation:9e9b7dd419af0aada809ccaa9effa993d9f2b4436cfa4ce5cb7fa47c20af249f
UniProtKB:P41743	proteintraitsmech:B06	OK	2.5334294617078683	1	c49843bfec097a5cbd5d104b94d55e735f3600fa4dad371e0192ca139d191983	ptm-observation:546ab360713cbd5054da491988a4f939f3517e8cecfa39fa7898d408b45e8e8c
UniProtKB:P41743	proteintraitsmech:B08	OK	-0.4936241610738255	1	c49843bfec097a5cbd5d104b94d55e735f3600fa4dad371e0192ca139d191983	ptm-observation:7d99bd1a98e2f234248c65746c2ab719fab7fa732e8ec75fda71103b6231bee5
UniProtKB:P41743	proteintraitsmech:B09	OK		1	c49843bfec097a5cbd5d104b94d55e735f3600fa4dad371e0192ca139d191983	ptm-observation:cdee472b36eb14a74a80e9c99e30c159de0b6fe763da5737a5da3da76284e8ab
UniProtKB:P41743	proteintraitsmech:B10	OK		1	c49843bfec097a5cbd5d104b94d55e735f3600fa4dad371e0192ca139d191983	ptm-observation:75b645dee224d8e9ce7d69b020c1bca0332c12d97fad1763fdd9450d0e61368d
UniProtKB:P41743	proteintraitsmech:B13	OK		1	c49843bfec097a5cbd5d104b94d55e735f3600fa4dad371e0192ca139d191983	ptm-observation:ee7ad1f91739e0f33a3643739b31dbc574dbbfc289bf0c9cf8ee494e0447165e
UniProtKB:P41743	proteintraitsmech:B16	OK	4.220538172798939	bit	c49843bfec097a5cbd5d104b94d55e735f3600fa4dad371e0192ca139d191983	ptm-observation:d0a9ae5dabd5b2526b55d71901edccfe136e5cf223157c7f96c327fcf329a256
UniProtKB:P41743	proteintraitsmech:B22	OK	0.14429530201342283	1	c49843bfec097a5cbd5d104b94d55e735f3600fa4dad371e0192ca139d191983	ptm-observation:7eb9916dfac8d32da566345f5a01e354dbafed7af2e3df7205fb0e2f64b4860b
UniProtKB:P42404	proteintraitsmech:B01	OK	-5.680474020854254	e	c95e8701feaaf3e7d45f960ddcac19a7f44e3e0f9006b5cf70e6998e32616327	ptm-observation:e49434dcc341673b35363e322947e201fa47f20bfeb4ba524522acb79ef015b9
UniProtKB:P42404	proteintraitsmech:B02	OK	5.817616879940033	pH	c95e8701feaaf3e7d45f960ddcac19a7f44e3e0f9006b5cf70e6998e32616327	ptm-observation:3ca1f6c1dc4bf6b1be2d26bb26c45f7a04ad19018908f1ede6901902aaf9f674
UniProtKB:P42404	proteintraitsmech:B03	OK	0.07567567567567568	1	c95e8701feaaf3e7d45f960ddcac19a7f44e3e0f9006b5cf70e6998e32616327	ptm-observation:eaf864b024d7f268d11048d69d5c85e36d55b6eae3d204331bfd6fd4ff96bc88
UniProtKB:P42404	proteintraitsmech:B04	OK	0.10810810810810811	1	c95e8701feaaf3e7d45f960ddcac19a7f44e3e0f9006b5cf70e6998e32616327	ptm-observation:986fdad2d418722429ae0c36f221acf4fc425d23f38f73104d008123577dd2ea
UniProtKB:P42404	proteintraitsmech:B05	OK	0.1837837837837838	1	c95e8701feaaf3e7d45f960ddcac19a7f44e3e0f9006b5cf70e6998e32616327	ptm-observation:9d180c9446e3a379172fb61e45fd932f43f11a3753cbfa2c1db7b740084763b3
UniProtKB:P42404	proteintraitsmech:B06	OK	0.2634107058010113	1	c95e8701feaaf3e7d45f960ddcac19a7f44e3e0f9006b5cf70e6998e32616327	ptm-observation:dd06d36988faaabe3e54d9cc9db28e4d5eced094d02008ee3d5dcac29075e1b4
UniProtKB:P42404	proteintraitsmech:B08	OK	-0.0102702702702703	1	c95e8701feaaf3e7d45f960ddcac19a7f44e3e0f9006b5cf70e6998e32616327	ptm-observation:5d89aa0133cb0e883c7f39277c7b79211a63d0ff75119a022e01c26d2f084f4e
UniProtKB:P42404	proteintraitsmech:B09	OK		1	c95e8701feaaf3e7d45f960ddcac19a7f44e3e0f9006b5cf70e6998e32616327	ptm-observation:25bbdd29ee8359ece47c9848a837913d15025790f68ff8685d9e630ba7831bb5
UniProtKB:P42404	proteintraitsmech:B10	OK		1	c95e8701feaaf3e7d45f960ddcac19a7f44e3e0f9006b5cf70e6998e32616327	ptm-observation:b20d93747b0eb9e82132cba4a7f74a16b6dc699add491de7eae5510fd8a1ac9d
UniProtKB:P42404	proteintraitsmech:B13	OK		1	c95e8701feaaf3e7d45f960ddcac19a7f44e3e0f9006b5cf70e6998e32616327	ptm-observation:bee29f547d3aa5322570225ce0a48bbf27c1de7061a07530f18ad3d3729d9ba9
UniProtKB:P42404	proteintraitsmech:B16	OK	3.9826884889521526	bit	c95e8701feaaf3e7d45f960ddcac19a7f44e3e0f9006b5cf70e6998e32616327	ptm-observation:a802bd819798228f9dcf58aa25e8b4f3ee97e4c671c13f7e77081c5a697a5948
UniProtKB:P42404	proteintraitsmech:B22	OK	0.0	1	c95e8701feaaf3e7d45f960ddcac19a7f44e3e0f9006b5cf70e6998e32616327	ptm-observation:999466660eedc8c3b6a02cb13299a234a393a9fa1ba0c5fb86b2950c149aef2f
UniProtKB:P42593	proteintraitsmech:B01	OK	-7.838316404545553	e	8aefa9c88fc02660e965e7d1a8ced409083f23b5dc5e8f94f2cb45c895dff29e	ptm-observation:8c1b08b62acb3b15d933e33fb53c2feca17cb67b29cbbfb52058a75a785820a7
UniProtKB:P42593	proteintraitsmech:B02	OK	6.112440884113312	pH	8aefa9c88fc02660e965e7d1a8ced409083f23b5dc5e8f94f2cb45c895dff29e	ptm-observation:e9a165d2e3eb42608984452937c1b39abd8837d8a02f690caf51fe3bb138c8cd
UniProtKB:P42593	proteintraitsmech:B03	OK	0.09226190476190477	1	8aefa9c88fc02660e965e7d1a8ced409083f23b5dc5e8f94f2cb45c895dff29e	ptm-observation:b1ce56606c2de427ea7782994dcbbc2832f422f83eb03f40c34e5bf9314335a1
UniProtKB:P42593	proteintraitsmech:B04	OK	0.1056547619047619	1	8aefa9c88fc02660e965e7d1a8ced409083f23b5dc5e8f94f2cb45c895dff29e	ptm-observation:be78b70c7b92e677a65a614a8ab98c9fd7b323fe621849dd36548604998f7890
UniProtKB:P42593	proteintraitsmech:B05	OK	0.19791666666666666	1	8aefa9c88fc02660e965e7d1a8ced409083f23b5dc5e8f94f2cb45c895dff29e	ptm-observation:1f7e4a854b706f4bbf06c510e96c62ecb2b35778c66b95d3e6346896da6051ab
UniProtKB:P42593	proteintraitsmech:B06	OK	-0.1287387945135297	1	8aefa9c88fc02660e965e7d1a8ced409083f23b5dc5e8f94f2cb45c895dff29e	ptm-observation:7eb8f38af531dc4f89122d48ddb415f14db4214f0815c080c97a7b9fff4f36c1
UniProtKB:P42593	proteintraitsmech:B08	OK	-0.06369047619047621	1	8aefa9c88fc02660e965e7d1a8ced409083f23b5dc5e8f94f2cb45c895dff29e	ptm-observation:b69a80375d0175a59f2645d5ff5a9c92df550657d7d7486fafdb1d81859f8efd
UniProtKB:P42593	proteintraitsmech:B09	OK		1	8aefa9c88fc02660e965e7d1a8ced409083f23b5dc5e8f94f2cb45c895dff29e	ptm-observation:e047b26c0f24cb770658c40505290b22a3c4dc5d93882aaa53e8f874b13fab33
UniProtKB:P42593	proteintraitsmech:B10	OK		1	8aefa9c88fc02660e965e7d1a8ced409083f23b5dc5e8f94f2cb45c895dff29e	ptm-observation:b161ac6f754ef8ed6c988e075a673efeb362d3c0ac4b50aeb1af93d79f795d19
UniProtKB:P42593	proteintraitsmech:B13	OK		1	8aefa9c88fc02660e965e7d1a8ced409083f23b5dc5e8f94f2cb45c895dff29e	ptm-observation:c11a925716d1cfd3e0c0fdd4e14a07327daf1b146658bbcdcc6a194157121661
UniProtKB:P42593	proteintraitsmech:B16	OK	4.115972991009243	bit	8aefa9c88fc02660e965e7d1a8ced409083f23b5dc5e8f94f2cb45c895dff29e	ptm-observation:3da4317dca569c1ae05404e0904ea43542f953ad089c2df06c04ec2fa79d7e7d
UniProtKB:P42593	proteintraitsmech:B22	OK	0.0	1	8aefa9c88fc02660e965e7d1a8ced409083f23b5dc5e8f94f2cb45c895dff29e	ptm-observation:53ef0d86dfeaa5e8a3a3b5108eda034671301ac236d19d5db876ae3930047ef1
UniProtKB:P43082	proteintraitsmech:B01	OK	1.5401760040447514	e	d2ddead025534f0ab3e58ceb54bd3c034a335a13860c142847dee778c4e549d1	ptm-observation:1c8ce12d0cdc4190267612a9c71112e1aa5762e487ce85081dc0c49ba28be443
UniProtKB:P43082	proteintraitsmech:B02	OK	7.893081605434418	pH	d2ddead025534f0ab3e58ceb54bd3c034a335a13860c142847dee778c4e549d1	ptm-observation:8ce9273bd1a0f7bfcac3835d41d57c733a408bd9eabcbbb59c82732ec0ac274f
UniProtKB:P43082	proteintraitsmech:B03	OK	0.08018867924528301	1	d2ddead025534f0ab3e58ceb54bd3c034a335a13860c142847dee778c4e549d1	ptm-observation:2f1746319160fc30f324b8ae10cff5f21a60c4ca391422bd61efccd30b2bcdc3
UniProtKB:P43082	proteintraitsmech:B04	OK	0.07075471698113207	1	d2ddead025534f0ab3e58ceb54bd3c034a335a13860c142847dee778c4e549d1	ptm-observation:c3c3a3b9778868ccb6ca3e4cf78511b3cbbdfad502b2d788921369fa14a645ba
UniProtKB:P43082	proteintraitsmech:B05	OK	0.1509433962264151	1	d2ddead025534f0ab3e58ceb54bd3c034a335a13860c142847dee778c4e549d1	ptm-observation:d095b773690b43ee9875de1599ccb3cbc292c01fbd60a13272e8f12893220749
UniProtKB:P43082	proteintraitsmech:B06	OK	-1.121453636450972	1	d2ddead025534f0ab3e58ceb54bd3c034a335a13860c142847dee778c4e549d1	ptm-observation:4436861567ffd2f56e2ae2e0ef92defa1e55340101b399384fbf5c7dda2e6d37
UniProtKB:P43082	proteintraitsmech:B08	OK	-0.3273584905660378	1	d2ddead025534f0ab3e58ceb54bd3c034a335a13860c142847dee778c4e549d1	ptm-observation:c3a9e06a3adb10770bea501d2e8fad61ecbed51457e4b4cd40b9d9231e0b5e44
UniProtKB:P43082	proteintraitsmech:B09	OK		1	d2ddead025534f0ab3e58ceb54bd3c034a335a13860c142847dee778c4e549d1	ptm-observation:d1293691914a737bb6dd1d39cdbdf3cec0b8f42844a96920f7fe08428f2ab154
UniProtKB:P43082	proteintraitsmech:B10	OK		1	d2ddead025534f0ab3e58ceb54bd3c034a335a13860c142847dee778c4e549d1	ptm-observation:3db92af11c36ae77e5a40d4064cc620b0b8b94c862d45efda4dd8c860e644b4c
UniProtKB:P43082	proteintraitsmech:B13	OK		1	d2ddead025534f0ab3e58ceb54bd3c034a335a13860c142847dee778c4e549d1	ptm-observation:43a56c1e8bf46a838e13ea1b94c658c36a78f0592ed75e6d59a159635fa0c4e9
UniProtKB:P43082	proteintraitsmech:B16	OK	4.108217540872862	bit	d2ddead025534f0ab3e58ceb54bd3c034a335a13860c142847dee778c4e549d1	ptm-observation:3095d3b5fc7f50c05e6cc36faec1931c761ba2aa0aed0b133832411a31cc6c9e
UniProtKB:P43082	proteintraitsmech:B22	OK	0.1179245283018868	1	d2ddead025534f0ab3e58ceb54bd3c034a335a13860c142847dee778c4e549d1	ptm-observation:8d47cfea3876dcb0f8a3a66fc94e1661107a1c45d66120d4a5881ec48c297c13
UniProtKB:P43489	proteintraitsmech:B01	OK	7.850235593204298	e	961acc71fe9b1ba77818a9ff4ffc482d025282f51ac07b592ad4ddeadfc2d60e	ptm-observation:a0e445866a4c19eb2a3cbae76f6aed1b58688ddbbea3879367b5530aab598a2f
UniProtKB:P43489	proteintraitsmech:B02	OK	8.680093109607697	pH	961acc71fe9b1ba77818a9ff4ffc482d025282f51ac07b592ad4ddeadfc2d60e	ptm-observation:ae08a93c011e83ec3bc6d400e0ee34a3af4c9b6875e2e7b06a609f7f7a66d2e2
UniProtKB:P43489	proteintraitsmech:B03	OK	0.10469314079422383	1	961acc71fe9b1ba77818a9ff4ffc482d025282f51ac07b592ad4ddeadfc2d60e	ptm-observation:7f482e430c1801c71a943a2226c6f71aecb7216d1482faeb14a55fe090aa67d8
UniProtKB:P43489	proteintraitsmech:B04	OK	0.07581227436823104	1	961acc71fe9b1ba77818a9ff4ffc482d025282f51ac07b592ad4ddeadfc2d60e	ptm-observation:f24e2641a1a020db3a4285cb7eddf7fc4c68cead2cae231f83ca8eb19633447f
UniProtKB:P43489	proteintraitsmech:B05	OK	0.18050541516245489	1	961acc71fe9b1ba77818a9ff4ffc482d025282f51ac07b592ad4ddeadfc2d60e	ptm-observation:fbfddaef9f82aa3897849c6a3a424fa0cf85beea4ce9d727957e6e23789acd73
UniProtKB:P43489	proteintraitsmech:B06	OK	0.44718841801182824	1	961acc71fe9b1ba77818a9ff4ffc482d025282f51ac07b592ad4ddeadfc2d60e	ptm-observation:d995538e1e44e322c2fe4b328e4c0059b8ace07ddd4e4204b608a580291d11cc
UniProtKB:P43489	proteintraitsmech:B08	OK	-0.37509025270758123	1	961acc71fe9b1ba77818a9ff4ffc482d025282f51ac07b592ad4ddeadfc2d60e	ptm-observation:92db3885aded57ce5edaa13a5f6b75f86ee76ba3e5202da0fd71681032ca795e
UniProtKB:P43489	proteintraitsmech:B09	OK		1	961acc71fe9b1ba77818a9ff4ffc482d025282f51ac07b592ad4ddeadfc2d60e	ptm-observation:31e0431ea0d183100059c4f09dfa5b3af943973e93060923dfa011f217b05198
UniProtKB:P43489	proteintraitsmech:B10	OK		1	961acc71fe9b1ba77818a9ff4ffc482d025282f51ac07b592ad4ddeadfc2d60e	ptm-observation:92c3166a0d9ddfc640d55127a3fb76b61ef60e9c2968a60879f9dcfd650625b0
UniProtKB:P43489	proteintraitsmech:B13	OK		1	961acc71fe9b1ba77818a9ff4ffc482d025282f51ac07b592ad4ddeadfc2d60e	ptm-observation:b07ff0b6f763d93418c14e9029b26f39f07b2ac1ffec2eb078b0beddf2ea4073
UniProtKB:P43489	proteintraitsmech:B16	OK	4.003594820012058	bit	961acc71fe9b1ba77818a9ff4ffc482d025282f51ac07b592ad4ddeadfc2d60e	ptm-observation:db76d86e2a3c4886e46c633542710e1490b1b0fd6bc37054351ccce8b4e0feef
UniProtKB:P43489	proteintraitsmech:B22	OK	0.44765342960288806	1	961acc71fe9b1ba77818a9ff4ffc482d025282f51ac07b592ad4ddeadfc2d60e	ptm-observation:5c89e68c1be4760c2db356b9e7108b362285375a65fb2b8da1b8aad97457dc29
UniProtKB:P49166	proteintraitsmech:B01	OK	21.882525655532216	e	359aeab2657b0a92059afca10137cbdc5f9259041575a2b60f67cd4d1d57dbe5	ptm-observation:20d64725f39fbb918ced20d38c30916b02238c155fdffe1107e9c16d3f53a291
UniProtKB:P49166	proteintraitsmech:B02	OK	11.636732041835785	pH	359aeab2657b0a92059afca10137cbdc5f9259041575a2b60f67cd4d1d57dbe5	ptm-observation:867fc9d440b88cbb2fb69a1035d5e828c28649008ca6e703e81625b953a48d0a
UniProtKB:P49166	proteintraitsmech:B03	OK	0.25	1	359aeab2657b0a92059afca10137cbdc5f9259041575a2b60f67cd4d1d57dbe5	ptm-observation:96c8262279c14dfef25318ffae29eddf860c7b679ff66619a8a5bbc2e17bb344
UniProtKB:P49166	proteintraitsmech:B04	OK	0.0	1	359aeab2657b0a92059afca10137cbdc5f9259041575a2b60f67cd4d1d57dbe5	ptm-observation:c80e77dfa9d7b4485abe09d4eb7be93f46fdce0b022d3ddb2a6907a6fb39705e
UniProtKB:P49166	proteintraitsmech:B05	OK	0.25	1	359aeab2657b0a92059afca10137cbdc5f9259041575a2b60f67cd4d1d57dbe5	ptm-observation:af3b2829dc498f919bd4709d59e2a187f1d282adf47b6db686fadb72139e533c
UniProtKB:P49166	proteintraitsmech:B06	OK	13.097379279320853	1	359aeab2657b0a92059afca10137cbdc5f9259041575a2b60f67cd4d1d57dbe5	ptm-observation:c86fa5237a2675960963505f5173c059c2db87a98b73b09d837e816b61207d96
UniProtKB:P49166	proteintraitsmech:B08	OK	-1.1522727272727273	1	359aeab2657b0a92059afca10137cbdc5f9259041575a2b60f67cd4d1d57dbe5	ptm-observation:52ddeec0b6361a1c4ed2e5645d031199b90bcd9ea4b2aca1aaa967c3f41eb4e4
UniProtKB:P49166	proteintraitsmech:B09	OK		1	359aeab2657b0a92059afca10137cbdc5f9259041575a2b60f67cd4d1d57dbe5	ptm-observation:ac7fae8363ba02ab4d00800dacc7545eaf39b6cc81c36b8c6e342bd34d7a7444
UniProtKB:P49166	proteintraitsmech:B10	OK		1	359aeab2657b0a92059afca10137cbdc5f9259041575a2b60f67cd4d1d57dbe5	ptm-observation:d265ca8f7d10a95fd2b59311e060275797e8934253a0ee8b98d329638f5dfd2f
UniProtKB:P49166	proteintraitsmech:B13	OK		1	359aeab2657b0a92059afca10137cbdc5f9259041575a2b60f67cd4d1d57dbe5	ptm-observation:ce8a7141845280c403bcd5ad9a7bfc7db787dfacf61eee3fc604673f515f39e7
UniProtKB:P49166	proteintraitsmech:B16	OK	3.7712262784239874	bit	359aeab2657b0a92059afca10137cbdc5f9259041575a2b60f67cd4d1d57dbe5	ptm-observation:772cc16a89c2e362725e81b01cdedd03dff79435d666261ef8c9daac4796fedb
UniProtKB:P49166	proteintraitsmech:B22	OK	0.4431818181818182	1	359aeab2657b0a92059afca10137cbdc5f9259041575a2b60f67cd4d1d57dbe5	ptm-observation:bb3102e0f14cd1c33544c71ef7996554041d8e875079a25de2d35e64be040ae0
UniProtKB:P51617	proteintraitsmech:B01	OK	-6.154892810418142	e	920d53f2ba8db9ed226d6430fe54f562849c9cd1a5c72a52e854cc4e3bc78348	ptm-observation:2881d71649aaebf8a047583d69ecd11285751c6e9c896c2f47493f50e34f3eab
UniProtKB:P51617	proteintraitsmech:B02	OK	6.181613028049469	pH	920d53f2ba8db9ed226d6430fe54f562849c9cd1a5c72a52e854cc4e3bc78348	ptm-observation:1ac979fe6113060157c44a18eea506fba2a680ebde0fb466e7dea543d2ee0d20
UniProtKB:P51617	proteintraitsmech:B03	OK	0.08707865168539326	1	920d53f2ba8db9ed226d6430fe54f562849c9cd1a5c72a52e854cc4e3bc78348	ptm-observation:36cc6ceb081f0e4ebfb80ce27159db2e2d1031282b5004be415878945fbb2b55
UniProtKB:P51617	proteintraitsmech:B04	OK	0.09691011235955056	1	920d53f2ba8db9ed226d6430fe54f562849c9cd1a5c72a52e854cc4e3bc78348	ptm-observation:e62968a6edac539b5fc91e02cb840a0a3f409c998f3d7ecf7a6c542ecaa077b2
UniProtKB:P51617	proteintraitsmech:B05	OK	0.18398876404494383	1	920d53f2ba8db9ed226d6430fe54f562849c9cd1a5c72a52e854cc4e3bc78348	ptm-observation:68f70462ebdf77eaefe3e58a61b18aad368e1fe48b2996d94de72728c6c21a11
UniProtKB:P51617	proteintraitsmech:B06	OK	-0.5719658789561082	1	920d53f2ba8db9ed226d6430fe54f562849c9cd1a5c72a52e854cc4e3bc78348	ptm-observation:0bed96f2e91c26aa7c2558743f68b148b401d8d38ace00cedfecf6604356b28b
UniProtKB:P51617	proteintraitsmech:B08	OK	-0.28005617977528097	1	920d53f2ba8db9ed226d6430fe54f562849c9cd1a5c72a52e854cc4e3bc78348	ptm-observation:c5e75357d6715f806db61a7f4df4aa45effc017d728f8618f5aa9ad69c076723
UniProtKB:P51617	proteintraitsmech:B09	OK		1	920d53f2ba8db9ed226d6430fe54f562849c9cd1a5c72a52e854cc4e3bc78348	ptm-observation:39252ec58623770b810bb93da149587c1d2d58b9b4e499843187499fd36610de
UniProtKB:P51617	proteintraitsmech:B10	OK		1	920d53f2ba8db9ed226d6430fe54f562849c9cd1a5c72a52e854cc4e3bc78348	ptm-observation:095c5c86ec2fe72acb9adbf31e7a3f4c86e828158808b4865cf6f0e9dd58bb98
UniProtKB:P51617	proteintraitsmech:B13	OK		1	920d53f2ba8db9ed226d6430fe54f562849c9cd1a5c72a52e854cc4e3bc78348	ptm-observation:a72e03569c28f7bf0c89b24b7dbccb1085463560a54b5eb28b31660a3488c961
UniProtKB:P51617	proteintraitsmech:B16	OK	4.035348599170927	bit	920d53f2ba8db9ed226d6430fe54f562849c9cd1a5c72a52e854cc4e3bc78348	ptm-observation:ceddb08926dab79ea2b4b57b684ade600a68ffc47ea1c13ff5690a5d9b40a0a9
UniProtKB:P51617	proteintraitsmech:B22	OK	0.43679775280898875	1	920d53f2ba8db9ed226d6430fe54f562849c9cd1a5c72a52e854cc4e3bc78348	ptm-observation:6a0c29eaa0e56c063e8919709f73156caa40e4421bec6bf310b271ab05823499
UniProtKB:P51659	proteintraitsmech:B01	OK	11.63684223920866	e	fe07ad8dc6b7afa8886d5101e538c0c712caf5416863338094dca3b2110e8ed5	ptm-observation:dac0a65cfa23396d115de638f13a924bec6a25bfddffc316c9b5d2c4f77c8348
UniProtKB:P51659	proteintraitsmech:B02	OK	8.959687292575836	pH	fe07ad8dc6b7afa8886d5101e538c0c712caf5416863338094dca3b2110e8ed5	ptm-observation:ca33c4197324b86ba3b9ae056b37b5f71a79de113431164b2c5e226114cb6130
UniProtKB:P51659	proteintraitsmech:B03	OK	0.12092391304347826	1	fe07ad8dc6b7afa8886d5101e538c0c712caf5416863338094dca3b2110e8ed5	ptm-observation:aff42990caae0308ef157781d66ca72a286db769c255d9235753323fcce4e8e7
UniProtKB:P51659	proteintraitsmech:B04	OK	0.10597826086956522	1	fe07ad8dc6b7afa8886d5101e538c0c712caf5416863338094dca3b2110e8ed5	ptm-observation:9324a2097960ec4b3c361e7aa77a0eacf1abd4ae3f9878f2f30055d5000201de
UniProtKB:P51659	proteintraitsmech:B05	OK	0.2269021739130435	1	fe07ad8dc6b7afa8886d5101e538c0c712caf5416863338094dca3b2110e8ed5	ptm-observation:cd9c79d0c9147ac303d216dc19717f7b018cdc8d182968743a1be8e36c6b7c59
UniProtKB:P51659	proteintraitsmech:B06	OK	0.6741188509236722	1	fe07ad8dc6b7afa8886d5101e538c0c712caf5416863338094dca3b2110e8ed5	ptm-observation:a3b2a07446de4650ca46513ff13a449e9f3771e30eabb08602e7d43547d12ff6
UniProtKB:P51659	proteintraitsmech:B08	OK	-0.13247282608695654	1	fe07ad8dc6b7afa8886d5101e538c0c712caf5416863338094dca3b2110e8ed5	ptm-observation:ea02cb2b1e8fbc2c1df8cb4ffe9564fc206c5cacb8e3ba4d6901ef7c36c8f7f3
UniProtKB:P51659	proteintraitsmech:B09	OK		1	fe07ad8dc6b7afa8886d5101e538c0c712caf5416863338094dca3b2110e8ed5	ptm-observation:cda2db1c0151184dee5a92015c96c8665358bae99c029cf5e73485a4db4ee6ca
UniProtKB:P51659	proteintraitsmech:B10	OK		1	fe07ad8dc6b7afa8886d5101e538c0c712caf5416863338094dca3b2110e8ed5	ptm-observation:b94a5b304de0e18b47a8eb5518b4f993a59598ba66d85bacf07516a8ad040837
UniProtKB:P51659	proteintraitsmech:B13	OK		1	fe07ad8dc6b7afa8886d5101e538c0c712caf5416863338094dca3b2110e8ed5	ptm-observation:7f2a92606ce053b187f993e6838c6f196eb2505252bd8cd42a5ed44f6258d690
UniProtKB:P51659	proteintraitsmech:B16	OK	4.10836823429636	bit	fe07ad8dc6b7afa8886d5101e538c0c712caf5416863338094dca3b2110e8ed5	ptm-observation:b5c3eed5880c2f0be007d222c443a0141dd12aa1637fe3d70277a5cd089ab60d
UniProtKB:P51659	proteintraitsmech:B22	OK	0.020380434782608696	1	fe07ad8dc6b7afa8886d5101e538c0c712caf5416863338094dca3b2110e8ed5	ptm-observation:0d031725b998a55b04981997f09ac0a3cdf054fa1aaa631a7af6a8605d976556
UniProtKB:P53150	proteintraitsmech:B01	OK	-22.992583964840023	e	f52ed9e2288938891cae93f6e512887c13e06b1b7a136fb8864fb3bebb504c25	ptm-observation:69465a9b2cb71094b9e93e7b1f443e7e831782d2c77a0ec0f5bde931d7f6eef8
UniProtKB:P53150	proteintraitsmech:B02	OK	4.862427294254303	pH	f52ed9e2288938891cae93f6e512887c13e06b1b7a136fb8864fb3bebb504c25	ptm-observation:e8d52f0d50910bd56e1105e0c84533fdc3fbbb6eff9e2d808120bededb31eeff
UniProtKB:P53150	proteintraitsmech:B03	OK	0.1496437054631829	1	f52ed9e2288938891cae93f6e512887c13e06b1b7a136fb8864fb3bebb504c25	ptm-observation:1ae79c6c64129bc82196d57f983bb6f94a851cadbbe807a81b0185bbc5718189
UniProtKB:P53150	proteintraitsmech:B04	OK	0.2042755344418052	1	f52ed9e2288938891cae93f6e512887c13e06b1b7a136fb8864fb3bebb504c25	ptm-observation:3eb8b6d05f383d5c0f12b3288b778e80414c7205b72408271db447d607c3d6e7
UniProtKB:P53150	proteintraitsmech:B05	OK	0.35391923990498814	1	f52ed9e2288938891cae93f6e512887c13e06b1b7a136fb8864fb3bebb504c25	ptm-observation:cd83fc5d9fcaa107a846c040e6cc0b74aad8dcac5d7ea9d86a6fad2a5d3fcaa7
UniProtKB:P53150	proteintraitsmech:B06	OK	5.760380179960472	1	f52ed9e2288938891cae93f6e512887c13e06b1b7a136fb8864fb3bebb504c25	ptm-observation:d2d9ae8a520328c4751fb170e55d9b96e5cce7853c4bed2e193512bb40b53790
UniProtKB:P53150	proteintraitsmech:B08	OK	-0.7662707838479811	1	f52ed9e2288938891cae93f6e512887c13e06b1b7a136fb8864fb3bebb504c25	ptm-observation:2b1e0fa0042c99d279608cd9902bed02f91a81d8d2ce023d9bb20e49e4d27d5c
UniProtKB:P53150	proteintraitsmech:B09	OK		1	f52ed9e2288938891cae93f6e512887c13e06b1b7a136fb8864fb3bebb504c25	ptm-observation:f49821b3fb3058b449b68fd8714dff290e60c9d956b39d7d17b1a1aa913ff6a6
UniProtKB:P53150	proteintraitsmech:B10	OK		1	f52ed9e2288938891cae93f6e512887c13e06b1b7a136fb8864fb3bebb504c25	ptm-observation:b0dd4cfc5217e804f7c295acdc78358b43cc0d232a75875b2e3d700acedd1cd4
UniProtKB:P53150	proteintraitsmech:B13	OK		1	f52ed9e2288938891cae93f6e512887c13e06b1b7a136fb8864fb3bebb504c25	ptm-observation:9eafd02f5e5a68b2d5cc9ce27b6284f75439cf088ee1bb8e8a81e9d6130b3224
UniProtKB:P53150	proteintraitsmech:B16	OK	4.015563135870066	bit	f52ed9e2288938891cae93f6e512887c13e06b1b7a136fb8864fb3bebb504c25	ptm-observation:b3f4da136deded8018bc93105923897150ddb54aa1d4083963976ea649950da5
UniProtKB:P53150	proteintraitsmech:B22	OK	0.501187648456057	1	f52ed9e2288938891cae93f6e512887c13e06b1b7a136fb8864fb3bebb504c25	ptm-observation:3b368b5cd26fe702318056054bea143c7a367c101bdd645c2be4b94558a047a4
UniProtKB:P53866	proteintraitsmech:B01	OK	-21.692425592145327	e	d2148888653801919293df70462642734fe36b13d17930e4890fe965717c0b32	ptm-observation:fb495d09d654d9c76b3e4aa600fa4197e0f482b680a340f4968f68ef2f06a12e
UniProtKB:P53866	proteintraitsmech:B02	OK	5.472976982593536	pH	d2148888653801919293df70462642734fe36b13d17930e4890fe965717c0b32	ptm-observation:23cfb9533574e3553fb4833cf57a9429bf8b0ce1a507acc740a6b1cdde26e0a4
UniProtKB:P53866	proteintraitsmech:B03	OK	0.14602346805736635	1	d2148888653801919293df70462642734fe36b13d17930e4890fe965717c0b32	ptm-observation:35d1bd1bcb814480dff6b95b5323c1bd4e6b9794c88458cac3bde8bc1c375335
UniProtKB:P53866	proteintraitsmech:B04	OK	0.1760104302477184	1	d2148888653801919293df70462642734fe36b13d17930e4890fe965717c0b32	ptm-observation:df890d61f85f6fd5f9a44c4adc9e1154dadc509324bcc12414d243475c597874
UniProtKB:P53866	proteintraitsmech:B05	OK	0.3220338983050847	1	d2148888653801919293df70462642734fe36b13d17930e4890fe965717c0b32	ptm-observation:52cbc61af5318ab9c5652c7fa4d5da181419b08a29fad59636f52cbccd595fea
UniProtKB:P53866	proteintraitsmech:B06	OK	-11.310878236535984	1	d2148888653801919293df70462642734fe36b13d17930e4890fe965717c0b32	ptm-observation:8345b70138b70975f5bfa65787b6d6e6e0afed60c4c70f62666c41da232c02b4
UniProtKB:P53866	proteintraitsmech:B08	OK	-0.926857887874837	1	d2148888653801919293df70462642734fe36b13d17930e4890fe965717c0b32	ptm-observation:186ab600d0842e15e3f431c6d2d9c6f72e75a9b9179b71b10b7fbb1bd05b3377
UniProtKB:P53866	proteintraitsmech:B09	OK		1	d2148888653801919293df70462642734fe36b13d17930e4890fe965717c0b32	ptm-observation:b45e49c805ebb13a6e64f4c9c11613a6d6fa7df2d59725be84d4b7bfac4e57b0
UniProtKB:P53866	proteintraitsmech:B10	OK		1	d2148888653801919293df70462642734fe36b13d17930e4890fe965717c0b32	ptm-observation:5abef14a094866e740668a9fa7cc9b57a0a1df541230296731e887d2555615f2
UniProtKB:P53866	proteintraitsmech:B13	OK		1	d2148888653801919293df70462642734fe36b13d17930e4890fe965717c0b32	ptm-observation:992206f8317cfdb7d16ea8d5533e4e5e9059bc5481779b53c73ade1047d43ae8
UniProtKB:P53866	proteintraitsmech:B16	OK	4.087148137082282	bit	d2148888653801919293df70462642734fe36b13d17930e4890fe965717c0b32	ptm-observation:6057312d14292dea6ad7813f8b37f648a3e8002fac52132b2658adc43b6e8602
UniProtKB:P53866	proteintraitsmech:B22	OK	0.6153846153846154	1	d2148888653801919293df70462642734fe36b13d17930e4890fe965717c0b32	ptm-observation:e5fcea6a7e855eada168987b5e97577826eb00d3639f41f675a6e7995f0061ba
UniProtKB:P53954	proteintraitsmech:B01	OK	13.245227215315266	e	fb64c6601f8e72ccc80a96f66f1116ff457394cd0315eefa3edbd57ce4a995c1	ptm-observation:4c5160973c65d3a3f07525489a19223cc57f2306ce662e3b1551eb81bc992ab7
UniProtKB:P53954	proteintraitsmech:B02	OK	9.07579642534256	pH	fb64c6601f8e72ccc80a96f66f1116ff457394cd0315eefa3edbd57ce4a995c1	ptm-observation:e68163f8eef1594ffda11480247d37e23e512a6cb94570c80f88f44e79599fac
UniProtKB:P53954	proteintraitsmech:B03	OK	0.1259124087591241	1	fb64c6601f8e72ccc80a96f66f1116ff457394cd0315eefa3edbd57ce4a995c1	ptm-observation:20c4035cd81cdd676e2300b6bb08cb24bf4eeb1df04bcb91eaaf30fcc2d6fa2d
UniProtKB:P53954	proteintraitsmech:B04	OK	0.10218978102189781	1	fb64c6601f8e72ccc80a96f66f1116ff457394cd0315eefa3edbd57ce4a995c1	ptm-observation:49bfa64e2bc1eac5f62bb755b79eca6bf5bf0c131cba2365c9df6fb1b88e12f2
UniProtKB:P53954	proteintraitsmech:B05	OK	0.2281021897810219	1	fb64c6601f8e72ccc80a96f66f1116ff457394cd0315eefa3edbd57ce4a995c1	ptm-observation:3bbcd8e14d992a9e3f4dbb7cc9862c14000395d7caab2d6eb67c47809636999f
UniProtKB:P53954	proteintraitsmech:B06	OK	-1.2583539984669116	1	fb64c6601f8e72ccc80a96f66f1116ff457394cd0315eefa3edbd57ce4a995c1	ptm-observation:aa5db13982c82fac75a50b3e8fad06d859bebeaccfcf02be78f2466ea1b4d99f
UniProtKB:P53954	proteintraitsmech:B08	OK	-0.17937956204379565	1	fb64c6601f8e72ccc80a96f66f1116ff457394cd0315eefa3edbd57ce4a995c1	ptm-observation:8088703f526510601a8361627020bf4efaf807a05ef58c8f907645932c236871
UniProtKB:P53954	proteintraitsmech:B09	OK		1	fb64c6601f8e72ccc80a96f66f1116ff457394cd0315eefa3edbd57ce4a995c1	ptm-observation:9318f3e23c83feca9b572b9d91afb58fda20a67500b8e27e69b3d04b2a19cb1f
UniProtKB:P53954	proteintraitsmech:B10	OK		1	fb64c6601f8e72ccc80a96f66f1116ff457394cd0315eefa3edbd57ce4a995c1	ptm-observation:bf90eb3e461ae0e4cd905135ccdf281104028a73b900c9b74fdbcba2d9ade528
UniProtKB:P53954	proteintraitsmech:B13	OK		1	fb64c6601f8e72ccc80a96f66f1116ff457394cd0315eefa3edbd57ce4a995c1	ptm-observation:4676ce44c5cd4d269f7a50b4065525e3cf62ec938fe87de04a5616cdee64d72e
UniProtKB:P53954	proteintraitsmech:B16	OK	4.158472819137308	bit	fb64c6601f8e72ccc80a96f66f1116ff457394cd0315eefa3edbd57ce4a995c1	ptm-observation:2bb2f44ccd61d7d587de1652e6faabd0ce632d350d25ca4869231c38959aeb65
UniProtKB:P53954	proteintraitsmech:B22	OK	0.010948905109489052	1	fb64c6601f8e72ccc80a96f66f1116ff457394cd0315eefa3edbd57ce4a995c1	ptm-observation:5aba4df7ea24b1503cd1491c4c0bffa36d2763648cc30f56c274893f71f7638b
UniProtKB:P54199	proteintraitsmech:B01	OK	12.294322500865745	e	1fac00c4d02b68aa466578bab2b327e50570a03a0bfee5197d9c7f396191d1ac	ptm-observation:ba284dd128529a65c5d4f5ad8a17c993379d6664d9cd83e4b7b88746bce3f212
UniProtKB:P54199	proteintraitsmech:B02	OK	9.00642067193985	pH	1fac00c4d02b68aa466578bab2b327e50570a03a0bfee5197d9c7f396191d1ac	ptm-observation:8d5d18644cc432e9361aa2f8afa0ad43acf6a43157fd57bede04140806a276d5
UniProtKB:P54199	proteintraitsmech:B03	OK	0.13743455497382198	1	1fac00c4d02b68aa466578bab2b327e50570a03a0bfee5197d9c7f396191d1ac	ptm-observation:e75a5feb84abcd51e108d485f6fbe18232da6252bec237a9e1ebf280a9232508
UniProtKB:P54199	proteintraitsmech:B04	OK	0.12303664921465969	1	1fac00c4d02b68aa466578bab2b327e50570a03a0bfee5197d9c7f396191d1ac	ptm-observation:5eeac506ee1c878cca7f5a88978cccc63c8b12ea3d6b2a5ccdeb7fee8feb61f0
UniProtKB:P54199	proteintraitsmech:B05	OK	0.2604712041884817	1	1fac00c4d02b68aa466578bab2b327e50570a03a0bfee5197d9c7f396191d1ac	ptm-observation:5a651a5c214c32d2c320a55957f4817e00060ee5d7f6aadc297d1848edc457ca
UniProtKB:P54199	proteintraitsmech:B06	OK	-0.3967866924477824	1	1fac00c4d02b68aa466578bab2b327e50570a03a0bfee5197d9c7f396191d1ac	ptm-observation:de54e9dfdbc8beae7c908f3157bf46102d87137d58adef1fdbcfaa0beda38728
UniProtKB:P54199	proteintraitsmech:B08	OK	-0.724083769633508	1	1fac00c4d02b68aa466578bab2b327e50570a03a0bfee5197d9c7f396191d1ac	ptm-observation:4881740f9a578a94fddbf938b9f75c421fecf916bfa6328e1e71f9368d171ae2
UniProtKB:P54199	proteintraitsmech:B09	OK		1	1fac00c4d02b68aa466578bab2b327e50570a03a0bfee5197d9c7f396191d1ac	ptm-observation:0cf3c645ce7c8daea79854dbc4080261bcbd0e2c5104566cb917a89c12f472a8
UniProtKB:P54199	proteintraitsmech:B10	OK		1	1fac00c4d02b68aa466578bab2b327e50570a03a0bfee5197d9c7f396191d1ac	ptm-observation:225a87171330bccd72f613493bf92e783b37704468e676e56188e036fd1d63fe
UniProtKB:P54199	proteintraitsmech:B13	OK		1	1fac00c4d02b68aa466578bab2b327e50570a03a0bfee5197d9c7f396191d1ac	ptm-observation:35a67634d888d20d067b194209d469d876be0d88c0692bfbc3cd260aa6895516
UniProtKB:P54199	proteintraitsmech:B16	OK	4.097822677734432	bit	1fac00c4d02b68aa466578bab2b327e50570a03a0bfee5197d9c7f396191d1ac	ptm-observation:d71cd18cfd960689d5c98cb41248dc6f8054f5be0aac6f0337214e189a13a504
UniProtKB:P54199	proteintraitsmech:B22	OK	0.5353403141361257	1	1fac00c4d02b68aa466578bab2b327e50570a03a0bfee5197d9c7f396191d1ac	ptm-observation:ec8dd7a830a8e7f6d6a70caa8e7dd04308625356a483537b86f173329f0ed96d
UniProtKB:P54517	proteintraitsmech:B01	OK	-7.855358191517608	e	1d99daa0452556bff59c11c1cddab05fa2b8ad49ff6e9f0b0dc5dfa4ea5e8c7c	ptm-observation:2a895146f04d77b1d1fb45a098429aa28298269f9b896f7daf4c71dcaf58558c
UniProtKB:P54517	proteintraitsmech:B02	OK	5.2466166615486145	pH	1d99daa0452556bff59c11c1cddab05fa2b8ad49ff6e9f0b0dc5dfa4ea5e8c7c	ptm-observation:db3dc04195e00fa87bb2c3a1c0e849ae4bfcd3a1ad94507448483f6742596894
UniProtKB:P54517	proteintraitsmech:B03	OK	0.06756756756756757	1	1d99daa0452556bff59c11c1cddab05fa2b8ad49ff6e9f0b0dc5dfa4ea5e8c7c	ptm-observation:32180cbfa9f37b9342f24dfbe94a3398977b00df9ada2c8f84d2c3de0586d07a
UniProtKB:P54517	proteintraitsmech:B04	OK	0.12162162162162163	1	1d99daa0452556bff59c11c1cddab05fa2b8ad49ff6e9f0b0dc5dfa4ea5e8c7c	ptm-observation:b2b98121c055766aa35a6f9664b61a00698623d59981f5d135247571618eb7c9
UniProtKB:P54517	proteintraitsmech:B05	OK	0.1891891891891892	1	1d99daa0452556bff59c11c1cddab05fa2b8ad49ff6e9f0b0dc5dfa4ea5e8c7c	ptm-observation:80420a8a9eb3c19319c3a065c4413c811e7be56803c69baa57dd81bb8537a8ea
UniProtKB:P54517	proteintraitsmech:B06	OK	0.005240144973168118	1	1d99daa0452556bff59c11c1cddab05fa2b8ad49ff6e9f0b0dc5dfa4ea5e8c7c	ptm-observation:24dfd0f59f9920635e41c21bd50e8fcd496e60105e6cdc2813648625ef66082a
UniProtKB:P54517	proteintraitsmech:B08	OK	-0.1175675675675676	1	1d99daa0452556bff59c11c1cddab05fa2b8ad49ff6e9f0b0dc5dfa4ea5e8c7c	ptm-observation:668cb46977b118066a368f2c1e1480f72be16b3a3e7e23a6255329f9935fc1cd
UniProtKB:P54517	proteintraitsmech:B09	OK		1	1d99daa0452556bff59c11c1cddab05fa2b8ad49ff6e9f0b0dc5dfa4ea5e8c7c	ptm-observation:d6724e9af6308053f6fe3c4abf29e29efe832f4a72c5d52b69b3726c04e1aa61
UniProtKB:P54517	proteintraitsmech:B10	OK		1	1d99daa0452556bff59c11c1cddab05fa2b8ad49ff6e9f0b0dc5dfa4ea5e8c7c	ptm-observation:944bd03b59c2ec29168f46d70664d6c9d2e352ffacbd21e573f6569f39ffd5d0
UniProtKB:P54517	proteintraitsmech:B13	OK		1	1d99daa0452556bff59c11c1cddab05fa2b8ad49ff6e9f0b0dc5dfa4ea5e8c7c	ptm-observation:060b7a4daf12519b4bfbff20ea3454a296c5a47f9afea9feb9ccd80b02d6eab0
UniProtKB:P54517	proteintraitsmech:B16	OK	3.980429562749623	bit	1d99daa0452556bff59c11c1cddab05fa2b8ad49ff6e9f0b0dc5dfa4ea5e8c7c	ptm-observation:afd7c7a48190c73fbe6d08a03c73053921aca58a33fab5853360a8fd33cde3b7
UniProtKB:P54517	proteintraitsmech:B22	OK	0.0	1	1d99daa0452556bff59c11c1cddab05fa2b8ad49ff6e9f0b0dc5dfa4ea5e8c7c	ptm-observation:c9f08a9b7e660c5da7285703cd83cc570fdb9e1d1868b51e79ba2ab1c177eed1
UniProtKB:P59017	proteintraitsmech:B01	OK	-34.60398083427359	e	8d6bdbb434cc1c8480f992a17201fefb2e5103f3af0953ad64caee44cd60c211	ptm-observation:c529edd43d7a692f49c9d996395d1915a5e4333b7735154596194a4737cc2c05
UniProtKB:P59017	proteintraitsmech:B02	OK	4.570613205432892	pH	8d6bdbb434cc1c8480f992a17201fefb2e5103f3af0953ad64caee44cd60c211	ptm-observation:ffd03ed7dc39194aa7cd33179bc98c2434a473a48baecb5540be2bca44e2f2bd
UniProtKB:P59017	proteintraitsmech:B03	OK	0.07142857142857142	1	8d6bdbb434cc1c8480f992a17201fefb2e5103f3af0953ad64caee44cd60c211	ptm-observation:f40cd24832b7dad8fa366e568928d6c4d5c69de73cd63fe998367ac32d19e7d0
UniProtKB:P59017	proteintraitsmech:B04	OK	0.15207373271889402	1	8d6bdbb434cc1c8480f992a17201fefb2e5103f3af0953ad64caee44cd60c211	ptm-observation:9e22c3c72fec7c0317dbf97cd21c7110e51717dab62de490df77463d949f64b0
UniProtKB:P59017	proteintraitsmech:B05	OK	0.22350230414746544	1	8d6bdbb434cc1c8480f992a17201fefb2e5103f3af0953ad64caee44cd60c211	ptm-observation:9e2e33bd1f9f739eca227aa1177e060b4db192c13e8faf7f77d8b871643b1230
UniProtKB:P59017	proteintraitsmech:B06	OK	11.09191414869888	1	8d6bdbb434cc1c8480f992a17201fefb2e5103f3af0953ad64caee44cd60c211	ptm-observation:e63d1fdc591aa6370c6dfcedb57f441276196e34ed4d2dafeeb13172ac0404e3
UniProtKB:P59017	proteintraitsmech:B08	OK	-0.24700460829493087	1	8d6bdbb434cc1c8480f992a17201fefb2e5103f3af0953ad64caee44cd60c211	ptm-observation:e1c13221ace4cea7a9e47bf18f09d03792deab5396311ec2ebc243eaf6da9812
UniProtKB:P59017	proteintraitsmech:B09	OK		1	8d6bdbb434cc1c8480f992a17201fefb2e5103f3af0953ad64caee44cd60c211	ptm-observation:28543cf10b3779df64763416429ac47d8285483126d256eaf81febb84db12f11
UniProtKB:P59017	proteintraitsmech:B10	OK		1	8d6bdbb434cc1c8480f992a17201fefb2e5103f3af0953ad64caee44cd60c211	ptm-observation:74df224d2826f4a4723b6ec6f3b66bc50cc64ab5cfb4899ea1c7d777ca6886c0
UniProtKB:P59017	proteintraitsmech:B13	OK		1	8d6bdbb434cc1c8480f992a17201fefb2e5103f3af0953ad64caee44cd60c211	ptm-observation:8ab5a2a13c16ba0d4526bb7ac8a89da8586c77cf509ad5307d8a2f51d9a2b5ae
UniProtKB:P59017	proteintraitsmech:B16	OK	3.9426381201729663	bit	8d6bdbb434cc1c8480f992a17201fefb2e5103f3af0953ad64caee44cd60c211	ptm-observation:06c0c0d3c53fa9dcc1e4ec7ef36ce75c19516a136a43a2c65cc1a4eeee01ef4f
UniProtKB:P59017	proteintraitsmech:B22	OK	0.5645161290322581	1	8d6bdbb434cc1c8480f992a17201fefb2e5103f3af0953ad64caee44cd60c211	ptm-observation:630a07a75cd9370925424d8c1e0f8d016ef3cf010f63adb601c77f2e9add01bc
UniProtKB:P60059	proteintraitsmech:B01	OK	4.580577086868867	e	aa4e8041b0ab048cdb6b10d362b84643077540f1889e95814ca56db9d96b614c	ptm-observation:a5a3f09be5da2c07425210251ff6689fba9df7dae8493c9ff8d5e6339514a604
UniProtKB:P60059	proteintraitsmech:B02	OK	10.014029681682587	pH	aa4e8041b0ab048cdb6b10d362b84643077540f1889e95814ca56db9d96b614c	ptm-observation:60e499db72e4a6e8452a5c57f420df565a0af784e3e3fc66a9c247d4271f7b7c
UniProtKB:P60059	proteintraitsmech:B03	OK	0.14705882352941177	1	aa4e8041b0ab048cdb6b10d362b84643077540f1889e95814ca56db9d96b614c	ptm-observation:c729adefa04bbeb0389466e0ab75ffb8bb23953fcc13c4e6d45707661207d3ed
UniProtKB:P60059	proteintraitsmech:B04	OK	0.07352941176470588	1	aa4e8041b0ab048cdb6b10d362b84643077540f1889e95814ca56db9d96b614c	ptm-observation:7a1746bf9e49a003108bc548210834e2a61366f6e57fce98dcf2b581c794e4b3
UniProtKB:P60059	proteintraitsmech:B05	OK	0.22058823529411764	1	aa4e8041b0ab048cdb6b10d362b84643077540f1889e95814ca56db9d96b614c	ptm-observation:6a2193373c2a06127fed8cf8c8dc4a073a811161c9a6d62d4e75da94d7d19aaf
UniProtKB:P60059	proteintraitsmech:B06	OK	0.20110059727621185	1	aa4e8041b0ab048cdb6b10d362b84643077540f1889e95814ca56db9d96b614c	ptm-observation:1bc39c0476f349e29564a9a457c50088fec26d7dcd15d6ce00740282890587ce
UniProtKB:P60059	proteintraitsmech:B08	OK	0.3205882352941177	1	aa4e8041b0ab048cdb6b10d362b84643077540f1889e95814ca56db9d96b614c	ptm-observation:f66cd7ead170f8d2e822cdfb7d560424d4de6a796a9a04fbb38ae734c0c7d6ad
UniProtKB:P60059	proteintraitsmech:B09	OK		1	aa4e8041b0ab048cdb6b10d362b84643077540f1889e95814ca56db9d96b614c	ptm-observation:b0485a35b2bfdd6f7254f88b49a7e7ede323260796fed3a063499c6dedb5d5fa
UniProtKB:P60059	proteintraitsmech:B10	OK		1	aa4e8041b0ab048cdb6b10d362b84643077540f1889e95814ca56db9d96b614c	ptm-observation:56d480c06b052291d199841862ff8ceb7184f6c67e0527b3f9960483c05ef936
UniProtKB:P60059	proteintraitsmech:B13	OK		1	aa4e8041b0ab048cdb6b10d362b84643077540f1889e95814ca56db9d96b614c	ptm-observation:f94fcd83ced0ce3261a7d0ad55e9bdaab8175f9da839cd21533149a28ec5cc90
UniProtKB:P60059	proteintraitsmech:B16	OK	3.925555034034244	bit	aa4e8041b0ab048cdb6b10d362b84643077540f1889e95814ca56db9d96b614c	ptm-observation:8ac87f3dcda2a3d68c48127debb8b6f17e83b3a1b3ae9df66a8f6c8575820efe
UniProtKB:P60059	proteintraitsmech:B22	OK	0.07352941176470588	1	aa4e8041b0ab048cdb6b10d362b84643077540f1889e95814ca56db9d96b614c	ptm-observation:4f1a5ac1f4e1f191ad65315db2cf77e62da5d438ee19950fba48ab2e73bf5c69
UniProtKB:P60955	proteintraitsmech:B01	OK	4.951511397934684	e	09490c9249804b70a23b365cac9563794c62be89c9a43dbfdc8759747fe24da1	ptm-observation:857ba7915c400044015240a8af4da4a4f5981f7ff99b84a1da0cd5cb8cd1fa14
UniProtKB:P60955	proteintraitsmech:B02	OK	9.515007078647614	pH	09490c9249804b70a23b365cac9563794c62be89c9a43dbfdc8759747fe24da1	ptm-observation:f6839ebe88163419a86f6539968f4d9160147ef57b3114ba097781d01d2fca3b
UniProtKB:P60955	proteintraitsmech:B03	OK	0.07216494845360824	1	09490c9249804b70a23b365cac9563794c62be89c9a43dbfdc8759747fe24da1	ptm-observation:f4b8804633a3cfe6a36a21eb8aa596eb86ac9a44d106951ab32b40ea131dae42
UniProtKB:P60955	proteintraitsmech:B04	OK	0.054982817869415807	1	09490c9249804b70a23b365cac9563794c62be89c9a43dbfdc8759747fe24da1	ptm-observation:70314e42571b27e4ef9ca174ed879b3114346a673b0a89dedc87d74a2a3b5997
UniProtKB:P60955	proteintraitsmech:B05	OK	0.12714776632302405	1	09490c9249804b70a23b365cac9563794c62be89c9a43dbfdc8759747fe24da1	ptm-observation:83a5cafef9787dc49edb18339a887e759bf87009d5dc65b4b0446bf290587be9
UniProtKB:P60955	proteintraitsmech:B06	OK	-0.010697210203143253	1	09490c9249804b70a23b365cac9563794c62be89c9a43dbfdc8759747fe24da1	ptm-observation:e777ac5c33aeedfe660c77a76d34f8a7c6368f78a0df89558c5f641c494db30f
UniProtKB:P60955	proteintraitsmech:B08	OK	0.4443298969072164	1	09490c9249804b70a23b365cac9563794c62be89c9a43dbfdc8759747fe24da1	ptm-observation:57e637e88ed86aaec29337d7da1a6e0d116388211099c362d27f91a0208c3b21
UniProtKB:P60955	proteintraitsmech:B09	OK		1	09490c9249804b70a23b365cac9563794c62be89c9a43dbfdc8759747fe24da1	ptm-observation:6ab1a67f08f54ecb30a0174bd3ac7cf6b79d69ae443812ef316624295f201417
UniProtKB:P60955	proteintraitsmech:B10	OK		1	09490c9249804b70a23b365cac9563794c62be89c9a43dbfdc8759747fe24da1	ptm-observation:2ada2278e6df13ccd3170c30f8eb5d34c1e5cdc2985acfe0f899f0745109cc56
UniProtKB:P60955	proteintraitsmech:B13	OK		1	09490c9249804b70a23b365cac9563794c62be89c9a43dbfdc8759747fe24da1	ptm-observation:0818a5f72a43aaa4132a75f7120e1a067473b0f18591fc6f232fde8b2f624e1c
UniProtKB:P60955	proteintraitsmech:B16	OK	4.027679741103559	bit	09490c9249804b70a23b365cac9563794c62be89c9a43dbfdc8759747fe24da1	ptm-observation:da18d4ad48b999f409c4e21c53712bf6e277da53ce40e8d28bd4f84b3f4eb49a
UniProtKB:P60955	proteintraitsmech:B22	OK	0.0	1	09490c9249804b70a23b365cac9563794c62be89c9a43dbfdc8759747fe24da1	ptm-observation:69be6af91c35271f3968559ffffa0c230886955b3d96a5791dc3f4db09392696
UniProtKB:P61925	proteintraitsmech:B01	OK	-7.385609165341963	e	46f00db07b4490c273ee4b26b5062acc3b6cbe47f5e3efe33536cbf4f466d0ea	ptm-observation:0cc0faeca7185bffe68b755e1c446a20be50fc0b08a01401ade3861ec6cb2bcf
UniProtKB:P61925	proteintraitsmech:B02	OK	4.450519502162933	pH	46f00db07b4490c273ee4b26b5062acc3b6cbe47f5e3efe33536cbf4f466d0ea	ptm-observation:2c455025a4a7089dc54996820d2d4c7c9cb26b0f68652d1d5036129b90d6b08c
UniProtKB:P61925	proteintraitsmech:B03	OK	0.09210526315789473	1	46f00db07b4490c273ee4b26b5062acc3b6cbe47f5e3efe33536cbf4f466d0ea	ptm-observation:5363d0fa3e3c565c424a2dee11e7683be6d72b242bca03c3d05bc38697d6dc37
UniProtKB:P61925	proteintraitsmech:B04	OK	0.18421052631578946	1	46f00db07b4490c273ee4b26b5062acc3b6cbe47f5e3efe33536cbf4f466d0ea	ptm-observation:f3f8dc4691fc2f885eaf3fbb2787b8c5164111192759d7f3f2333b544992f9e9
UniProtKB:P61925	proteintraitsmech:B05	OK	0.27631578947368424	1	46f00db07b4490c273ee4b26b5062acc3b6cbe47f5e3efe33536cbf4f466d0ea	ptm-observation:d7d2f197803704ae72c7b8d0c6b97ec705c87ef70459a84658f0497bf9546f18
UniProtKB:P61925	proteintraitsmech:B06	OK	1.0466607977191984	1	46f00db07b4490c273ee4b26b5062acc3b6cbe47f5e3efe33536cbf4f466d0ea	ptm-observation:81960fe83bf541f3163b152992805e4cc3e0376f78c0572a26f028886bc40e00
UniProtKB:P61925	proteintraitsmech:B08	OK	-0.718421052631579	1	46f00db07b4490c273ee4b26b5062acc3b6cbe47f5e3efe33536cbf4f466d0ea	ptm-observation:46cdd3ca9d0715c6e35926ea50ecf88bd71328ab7369e28fe219beed630d728d
UniProtKB:P61925	proteintraitsmech:B09	OK		1	46f00db07b4490c273ee4b26b5062acc3b6cbe47f5e3efe33536cbf4f466d0ea	ptm-observation:8592ec3484d8480c4fd7f5218e0842396e99b0f518c4b59e73d44c420af993d7
UniProtKB:P61925	proteintraitsmech:B10	OK		1	46f00db07b4490c273ee4b26b5062acc3b6cbe47f5e3efe33536cbf4f466d0ea	ptm-observation:f993de8328224acdf07aee161456b816b36805b30ec1d6a81f28db4f27081dee
UniProtKB:P61925	proteintraitsmech:B13	OK		1	46f00db07b4490c273ee4b26b5062acc3b6cbe47f5e3efe33536cbf4f466d0ea	ptm-observation:70b443993e09da294b2d93e89a07a1d97e36b993ceb57a0f1cbcb38737f89b65
UniProtKB:P61925	proteintraitsmech:B16	OK	3.7629511670928117	bit	46f00db07b4490c273ee4b26b5062acc3b6cbe47f5e3efe33536cbf4f466d0ea	ptm-observation:a94033c2f0bcb4d2406d01f8e3266688bfd0af7d88566ddb1facd5d568d714c7
UniProtKB:P61925	proteintraitsmech:B22	OK	0.6447368421052632	1	46f00db07b4490c273ee4b26b5062acc3b6cbe47f5e3efe33536cbf4f466d0ea	ptm-observation:1fbd69942e3ada2dc6f758d74b6d2fab43a89836aa5e221e63a98846aedc2e8b
UniProtKB:P62500	proteintraitsmech:B01	OK	-23.869405767856648	e	ffbf50210655aef8033f4e97c4e617498688a266b37da0b751124d1d8868e5dd	ptm-observation:d8f6918d531e6abb1821dbf77c8e4b2cc64ff4f3af63d9895e9840652299f0d7
UniProtKB:P62500	proteintraitsmech:B02	OK	5.491471230983734	pH	ffbf50210655aef8033f4e97c4e617498688a266b37da0b751124d1d8868e5dd	ptm-observation:ecb9c6176bfbef44837074b8a25db58857660391b8fdfb16e9a00923d1923498
UniProtKB:P62500	proteintraitsmech:B03	OK	0.031569173630454965	1	ffbf50210655aef8033f4e97c4e617498688a266b37da0b751124d1d8868e5dd	ptm-observation:3599fa5dc962ca317b8e930bb37305a9c1b4f3c74a41e180e7275231d74ce453
UniProtKB:P62500	proteintraitsmech:B04	OK	0.055710306406685235	1	ffbf50210655aef8033f4e97c4e617498688a266b37da0b751124d1d8868e5dd	ptm-observation:48053a893c9461b058a2c20b54a19fda9c7c9d69128002e5f10c2d44dc0cac93
UniProtKB:P62500	proteintraitsmech:B05	OK	0.0872794800371402	1	ffbf50210655aef8033f4e97c4e617498688a266b37da0b751124d1d8868e5dd	ptm-observation:02fb9d4c61b65e49cac9014b94fe9bcfd64facf527891b1f401ff620eedb622b
UniProtKB:P62500	proteintraitsmech:B06	OK	5.056808159267875	1	ffbf50210655aef8033f4e97c4e617498688a266b37da0b751124d1d8868e5dd	ptm-observation:e2473f1c02983a0aa0a3f7f7ec36f8f75307e9813960da9076217f8c7779ab65
UniProtKB:P62500	proteintraitsmech:B08	OK	-0.31337047353760444	1	ffbf50210655aef8033f4e97c4e617498688a266b37da0b751124d1d8868e5dd	ptm-observation:b3f1cef1784ba958d6d69bb6b4f0caaa14042c7facade291aa62dd2994e86df8
UniProtKB:P62500	proteintraitsmech:B09	OK		1	ffbf50210655aef8033f4e97c4e617498688a266b37da0b751124d1d8868e5dd	ptm-observation:c2cca362c3f0f635a8c4d576fcb37c5f21a35bbe1a5721ab9fde233cbf0a9c9e
UniProtKB:P62500	proteintraitsmech:B10	OK		1	ffbf50210655aef8033f4e97c4e617498688a266b37da0b751124d1d8868e5dd	ptm-observation:99a695a7f72242a17b78dd6b566306661becf1191214590b348652e6247de148
UniProtKB:P62500	proteintraitsmech:B13	OK		1	ffbf50210655aef8033f4e97c4e617498688a266b37da0b751124d1d8868e5dd	ptm-observation:f3f58a7ec9c36b4e39bbefd7958dc417bc49d2eefba4c354b4dde32e583434a6
UniProtKB:P62500	proteintraitsmech:B16	OK	3.7846719127768265	bit	ffbf50210655aef8033f4e97c4e617498688a266b37da0b751124d1d8868e5dd	ptm-observation:c63e7d60ae8ea1db0d8fc36b232f37db69eb1ac2489dc297f8151468c380a2c7
UniProtKB:P62500	proteintraitsmech:B22	OK	0.9461467038068709	1	ffbf50210655aef8033f4e97c4e617498688a266b37da0b751124d1d8868e5dd	ptm-observation:5cacb4bb6eafdc948a150b6cb2dec4a2d8d903a884da523d2d72a79f3031e135
UniProtKB:P62942	proteintraitsmech:B01	OK	0.7725623310361077	e	7c2c9a4005a08f9f8ed2ce2e3b7d9432dd39547abafef80ffab6adbb89753b2c	ptm-observation:2a0aec9ae545607b00383ff63dd00033c50acea11f9ff062f347bcf37b47b620
UniProtKB:P62942	proteintraitsmech:B02	OK	7.886267364025116	pH	7c2c9a4005a08f9f8ed2ce2e3b7d9432dd39547abafef80ffab6adbb89753b2c	ptm-observation:cb8f67ff1425766be11fa21a06f705579287acf8e5f2e4de1ab5e8f92880a968
UniProtKB:P62942	proteintraitsmech:B03	OK	0.12962962962962962	1	7c2c9a4005a08f9f8ed2ce2e3b7d9432dd39547abafef80ffab6adbb89753b2c	ptm-observation:a94317a7e7813275c92fc67c2a0838c0790b118684112cc310bd27376032ca20
UniProtKB:P62942	proteintraitsmech:B04	OK	0.12037037037037036	1	7c2c9a4005a08f9f8ed2ce2e3b7d9432dd39547abafef80ffab6adbb89753b2c	ptm-observation:5e864f0fb95bb14e1f9b523a5b9dc418a0e3b3c6c3d69993a9810b65676a06e2
UniProtKB:P62942	proteintraitsmech:B05	OK	0.25	1	7c2c9a4005a08f9f8ed2ce2e3b7d9432dd39547abafef80ffab6adbb89753b2c	ptm-observation:febc05e197a7f19b2e2c42b3766f02bfbef56640bd5d929e1b3a0b15d21ef7bd
UniProtKB:P62942	proteintraitsmech:B06	OK	-0.5854325897036833	1	7c2c9a4005a08f9f8ed2ce2e3b7d9432dd39547abafef80ffab6adbb89753b2c	ptm-observation:e7f9c6272c2e153ea9de4215e5520ba234e04ee0267489b7bcfb30e9e5f93a0b
UniProtKB:P62942	proteintraitsmech:B08	OK	-0.4111111111111111	1	7c2c9a4005a08f9f8ed2ce2e3b7d9432dd39547abafef80ffab6adbb89753b2c	ptm-observation:8d88de2aa615eaa449ac45239f764bdff656514850e9363b7aefc89895ff99e5
UniProtKB:P62942	proteintraitsmech:B09	OK		1	7c2c9a4005a08f9f8ed2ce2e3b7d9432dd39547abafef80ffab6adbb89753b2c	ptm-observation:208bc8f372997cd379d450c88d15b53f0f5d1b8850f1630ded8d061310b29eb3
UniProtKB:P62942	proteintraitsmech:B10	OK		1	7c2c9a4005a08f9f8ed2ce2e3b7d9432dd39547abafef80ffab6adbb89753b2c	ptm-observation:4490190e2a09c237d3a56c6d9afad31087ff1aa9c0b0c35adbc5583cbeedcf64
UniProtKB:P62942	proteintraitsmech:B13	OK		1	7c2c9a4005a08f9f8ed2ce2e3b7d9432dd39547abafef80ffab6adbb89753b2c	ptm-observation:ed30c6dc48a4508052144d3080bd435a304b40352c5cf470e2e1e73ee0425c59
UniProtKB:P62942	proteintraitsmech:B16	OK	4.108419848907979	bit	7c2c9a4005a08f9f8ed2ce2e3b7d9432dd39547abafef80ffab6adbb89753b2c	ptm-observation:eb515eaddb4894c1bbdb44fb9b06fce78ba727e010c993b055a29c70ad140763
UniProtKB:P62942	proteintraitsmech:B22	OK	0.08333333333333333	1	7c2c9a4005a08f9f8ed2ce2e3b7d9432dd39547abafef80ffab6adbb89753b2c	ptm-observation:f7b4b1d05928f24a026aea181a41d74ff7b2b7f7b331fc9410ff2c54f3ad02c7
UniProtKB:P68688	proteintraitsmech:B01	OK	-4.416474254634084	e	f1008c09621c58de99aaaccf0bad0c23742bdbb22093e5c8b36b0d4a30bfd86f	ptm-observation:e651962c63d46a36c5dc7e7de6b7f1660e3913942067c045b574b1e7226cd5b8
UniProtKB:P68688	proteintraitsmech:B02	OK	4.808150351047516	pH	f1008c09621c58de99aaaccf0bad0c23742bdbb22093e5c8b36b0d4a30bfd86f	ptm-observation:1a3d5675a28c07c4243662065c15fab2e8d77982e4d866024babe4deaa48c03a
UniProtKB:P68688	proteintraitsmech:B03	OK	0.11764705882352941	1	f1008c09621c58de99aaaccf0bad0c23742bdbb22093e5c8b36b0d4a30bfd86f	ptm-observation:e7c7f370d0b4304eac23be0fc863512c7c662f78dd324f79f03fc5b8ae93f976
UniProtKB:P68688	proteintraitsmech:B04	OK	0.16470588235294117	1	f1008c09621c58de99aaaccf0bad0c23742bdbb22093e5c8b36b0d4a30bfd86f	ptm-observation:443ee2a2c93300e4c307fb2fbb47641cab5b88d8eadb14a484aed540811638fa
UniProtKB:P68688	proteintraitsmech:B05	OK	0.2823529411764706	1	f1008c09621c58de99aaaccf0bad0c23742bdbb22093e5c8b36b0d4a30bfd86f	ptm-observation:11ecdbedda6874bf74072b39e14050a14aafae4a289a188bd57b280cd7d1e88f
UniProtKB:P68688	proteintraitsmech:B06	OK	-0.0565723603454008	1	f1008c09621c58de99aaaccf0bad0c23742bdbb22093e5c8b36b0d4a30bfd86f	ptm-observation:935e14c309294ae38fca8d6cf8116029d3a690f6e61250a4ea88bbcbd47d1c13
UniProtKB:P68688	proteintraitsmech:B08	OK	-0.5705882352941176	1	f1008c09621c58de99aaaccf0bad0c23742bdbb22093e5c8b36b0d4a30bfd86f	ptm-observation:f9924b2fc0b4956ffc41b8d2ce0869ad8599f40a1b77d6bd6c829d3065bb62e7
UniProtKB:P68688	proteintraitsmech:B09	OK		1	f1008c09621c58de99aaaccf0bad0c23742bdbb22093e5c8b36b0d4a30bfd86f	ptm-observation:57d6d76b642818ea7728b12400736e590d57c3b9436dcd16255c7311a024e3f3
UniProtKB:P68688	proteintraitsmech:B10	OK		1	f1008c09621c58de99aaaccf0bad0c23742bdbb22093e5c8b36b0d4a30bfd86f	ptm-observation:f5f1b727d2a4602ef9a016d33d9b81bb5dba60262ee5843ee9c04d4a1a032272
UniProtKB:P68688	proteintraitsmech:B13	OK		1	f1008c09621c58de99aaaccf0bad0c23742bdbb22093e5c8b36b0d4a30bfd86f	ptm-observation:19492e6489b1218847e1b5d22b768a432280ebdd84c6d8f6902d2edc5873efa1
UniProtKB:P68688	proteintraitsmech:B16	OK	4.101193031450789	bit	f1008c09621c58de99aaaccf0bad0c23742bdbb22093e5c8b36b0d4a30bfd86f	ptm-observation:aac807fecc86798d327b24d777cbed51aff493c465367b2d58f23ed257329b42
UniProtKB:P68688	proteintraitsmech:B22	OK	0.0	1	f1008c09621c58de99aaaccf0bad0c23742bdbb22093e5c8b36b0d4a30bfd86f	ptm-observation:32baa36e76bb3325f1889d878e25cfcfc95fdd3c132c35f94e38aefa1c8dc1c9
UniProtKB:P75783	proteintraitsmech:B01	OK	10.56605540190258	e	aa577e6c83e730bbdab58fb915623f9556db417bf3cb9a3bcbad070b0376d0de	ptm-observation:c6c6ef4199cfddc9b7b9a7b2c6853ad0d84e5a02b262d9e34131bc6df1cffbb6
UniProtKB:P75783	proteintraitsmech:B02	OK	9.284156501293182	pH	aa577e6c83e730bbdab58fb915623f9556db417bf3cb9a3bcbad070b0376d0de	ptm-observation:a8f91c1d1311b16849b94143f36de45bf28c494ddeda229c6174a0707464b5b7
UniProtKB:P75783	proteintraitsmech:B03	OK	0.08232118758434548	1	aa577e6c83e730bbdab58fb915623f9556db417bf3cb9a3bcbad070b0376d0de	ptm-observation:db5dae47d8cc4080ffd96718ccf1d1e8966730557c702b191f6602db91f05141
UniProtKB:P75783	proteintraitsmech:B04	OK	0.06882591093117409	1	aa577e6c83e730bbdab58fb915623f9556db417bf3cb9a3bcbad070b0376d0de	ptm-observation:8b1b0572c40c7766320a9c5dd7a367297e00ed5c891a64940eb0cc93e8ef4b34
UniProtKB:P75783	proteintraitsmech:B05	OK	0.15114709851551958	1	aa577e6c83e730bbdab58fb915623f9556db417bf3cb9a3bcbad070b0376d0de	ptm-observation:85007c591ae0a3159599513172e9dd7429110d812c2ea60b9e076d4bb8ca825e
UniProtKB:P75783	proteintraitsmech:B06	OK	-0.7922684464183177	1	aa577e6c83e730bbdab58fb915623f9556db417bf3cb9a3bcbad070b0376d0de	ptm-observation:27a0e1dadbb6ad0e22c4dba1a7b9e7a25ee8ecc8e434525e39df07280a6e405a
UniProtKB:P75783	proteintraitsmech:B08	OK	0.39284750337381913	1	aa577e6c83e730bbdab58fb915623f9556db417bf3cb9a3bcbad070b0376d0de	ptm-observation:852f7f35b94482ff6c2b1474c192362c6c6a02b38ae403cd53b877d87dcbdde4
UniProtKB:P75783	proteintraitsmech:B09	OK		1	aa577e6c83e730bbdab58fb915623f9556db417bf3cb9a3bcbad070b0376d0de	ptm-observation:bd746894ebda1cdd26bcef67a5bcc41a0dc324e7ff15c03f9a1d919a452e0c9d
UniProtKB:P75783	proteintraitsmech:B10	OK		1	aa577e6c83e730bbdab58fb915623f9556db417bf3cb9a3bcbad070b0376d0de	ptm-observation:c94a349ad2cacbd517b33446c0657071a29e6c4041ec21b4c895957a5e981f7e
UniProtKB:P75783	proteintraitsmech:B13	OK		1	aa577e6c83e730bbdab58fb915623f9556db417bf3cb9a3bcbad070b0376d0de	ptm-observation:05c4f2263962cd695c77e9e449dc9eb320d8e1536cabb749944559765b558050
UniProtKB:P75783	proteintraitsmech:B16	OK	4.065347686373029	bit	aa577e6c83e730bbdab58fb915623f9556db417bf3cb9a3bcbad070b0376d0de	ptm-observation:b6bc53c79330caf067b8ab7eb1394b3038f74b63c4b00336c467c333a584cd8d
UniProtKB:P75783	proteintraitsmech:B22	OK	0.13360323886639677	1	aa577e6c83e730bbdab58fb915623f9556db417bf3cb9a3bcbad070b0376d0de	ptm-observation:5deb9f04f39c0fc605f4edd769dc6fe4010b9e978296709e9339e802ead08324
UniProtKB:P77444	proteintraitsmech:B01	OK	-9.908205943919247	e	55567a3085f9073ebfe3b04ffff7fdcae6307f3ef6e9e30cf847113333435277	ptm-observation:b3314ef2630c0bc9bf740f9241bb757ca000ca17d73ce39d38923c56ddeab27e
UniProtKB:P77444	proteintraitsmech:B02	OK	5.885826051235199	pH	55567a3085f9073ebfe3b04ffff7fdcae6307f3ef6e9e30cf847113333435277	ptm-observation:4d04ab71a0a3cb6781b5bc4f286678d43d54e27f31a5088c01445f1c4f1c675c
UniProtKB:P77444	proteintraitsmech:B03	OK	0.07142857142857142	1	55567a3085f9073ebfe3b04ffff7fdcae6307f3ef6e9e30cf847113333435277	ptm-observation:aaa40ad99b0c77d21a27061dc8b6dae7e0d5c6bc33bf0b4744ed4d2dd1501bc7
UniProtKB:P77444	proteintraitsmech:B04	OK	0.09852216748768473	1	55567a3085f9073ebfe3b04ffff7fdcae6307f3ef6e9e30cf847113333435277	ptm-observation:3bcf2c866dc5bce9aabc61467b97ebc3c9e459c3cea72bbaf2c177e5331a7d2d
UniProtKB:P77444	proteintraitsmech:B05	OK	0.16995073891625614	1	55567a3085f9073ebfe3b04ffff7fdcae6307f3ef6e9e30cf847113333435277	ptm-observation:0afa3c49e24952e9a01c56465931a322562725e3f6d4b7463a3b556de88fb507
UniProtKB:P77444	proteintraitsmech:B06	OK	0.7596897983896433	1	55567a3085f9073ebfe3b04ffff7fdcae6307f3ef6e9e30cf847113333435277	ptm-observation:b01e78c3726aba9a5fe8795c1a5a64fcbd8d7f68d3a8ae53b8606dff359a98c5
UniProtKB:P77444	proteintraitsmech:B08	OK	-0.0009852216748768691	1	55567a3085f9073ebfe3b04ffff7fdcae6307f3ef6e9e30cf847113333435277	ptm-observation:3ff285d0bfe67a5acff51e2046707fb40379fd5d3a0da54afb00b2bd2f9bad06
UniProtKB:P77444	proteintraitsmech:B09	OK		1	55567a3085f9073ebfe3b04ffff7fdcae6307f3ef6e9e30cf847113333435277	ptm-observation:f2f57660293215278f25870c8177e3649b1c78d7d91225e2a9f30df209627bb6
UniProtKB:P77444	proteintraitsmech:B10	OK		1	55567a3085f9073ebfe3b04ffff7fdcae6307f3ef6e9e30cf847113333435277	ptm-observation:6bf44de300daec5df9ed86fd79c41c2b32a3a0150cb4cc6143e1ef0ec71b474b
UniProtKB:P77444	proteintraitsmech:B13	OK		1	55567a3085f9073ebfe3b04ffff7fdcae6307f3ef6e9e30cf847113333435277	ptm-observation:04cc7a2bc7c809c0827feb35a83966584bc1424c511cf8f3892697b3b3eb185f
UniProtKB:P77444	proteintraitsmech:B16	OK	4.121783199137009	bit	55567a3085f9073ebfe3b04ffff7fdcae6307f3ef6e9e30cf847113333435277	ptm-observation:532449b38fb795127362e82179d6dede8b1e5af86c5368d88f0e2338ba2db998
UniProtKB:P77444	proteintraitsmech:B22	OK	0.0	1	55567a3085f9073ebfe3b04ffff7fdcae6307f3ef6e9e30cf847113333435277	ptm-observation:e588f0d9fbcd2f2d0415e64892033f7353c89ea61ac895840660e6f9647c8b9b
UniProtKB:P90838	proteintraitsmech:B01	OK	-8.321473211165726	e	927eb03c01d47633d8074b02fe835320c6888e69533bce96b900194c47a76f0c	ptm-observation:95e4bef5085ee4ae0684b7e1b76d2db78f5b1e5eede2d934bdb1d8236832d7cf
UniProtKB:P90838	proteintraitsmech:B02	OK	5.907654821872711	pH	927eb03c01d47633d8074b02fe835320c6888e69533bce96b900194c47a76f0c	ptm-observation:767ac38faef424455d0b61e524f3d87e00ae1134043300ec97261d1ba428ac72
UniProtKB:P90838	proteintraitsmech:B03	OK	0.10693069306930693	1	927eb03c01d47633d8074b02fe835320c6888e69533bce96b900194c47a76f0c	ptm-observation:d3fc1e0538e5b656d44478c07553157e66cc9bca37cccb84e36fde4c3dd8fc6a
UniProtKB:P90838	proteintraitsmech:B04	OK	0.12475247524752475	1	927eb03c01d47633d8074b02fe835320c6888e69533bce96b900194c47a76f0c	ptm-observation:98bb079da2e17ead889b268148db97ba712e83f13a269980800a7a1d069d3a5f
UniProtKB:P90838	proteintraitsmech:B05	OK	0.2316831683168317	1	927eb03c01d47633d8074b02fe835320c6888e69533bce96b900194c47a76f0c	ptm-observation:a5e93c1f227423fc1bbfc2bd7b4b76f59ade556b2c4bfd8f59cd60ea65ee6d88
UniProtKB:P90838	proteintraitsmech:B06	OK	-1.0995910568381166	1	927eb03c01d47633d8074b02fe835320c6888e69533bce96b900194c47a76f0c	ptm-observation:d41c2f44c77554d243b8d58725e9a518be3ac9136c5d18c0b028fc859a280260
UniProtKB:P90838	proteintraitsmech:B08	OK	-0.14396039603960398	1	927eb03c01d47633d8074b02fe835320c6888e69533bce96b900194c47a76f0c	ptm-observation:e0bb3f9dc4e037dabdb9f9aa2c656eadcae6c97dc5b362e564de0e4b558f555a
UniProtKB:P90838	proteintraitsmech:B09	OK		1	927eb03c01d47633d8074b02fe835320c6888e69533bce96b900194c47a76f0c	ptm-observation:f754dbe733686833f782dde125e777562c710fba549ec70e09745414e63f738c
UniProtKB:P90838	proteintraitsmech:B10	OK		1	927eb03c01d47633d8074b02fe835320c6888e69533bce96b900194c47a76f0c	ptm-observation:3918228795554ea04dc0a18f139c510770c7df7cfb0365ae451f156dfb309295
UniProtKB:P90838	proteintraitsmech:B13	OK		1	927eb03c01d47633d8074b02fe835320c6888e69533bce96b900194c47a76f0c	ptm-observation:0197bbf9bd7c130fbab087cbb3c8698f1cebbdd9d225a2aa572035e2c922f5d8
UniProtKB:P90838	proteintraitsmech:B16	OK	4.171078191957932	bit	927eb03c01d47633d8074b02fe835320c6888e69533bce96b900194c47a76f0c	ptm-observation:8ebee946742026352764461daab8ae829d3d0c19e9880f47af202e62c09ba533
UniProtKB:P90838	proteintraitsmech:B22	OK	0.0	1	927eb03c01d47633d8074b02fe835320c6888e69533bce96b900194c47a76f0c	ptm-observation:a0f6707a1d3b40fc52ca2249ff2dd9d0a26d2bc149bdd70cd26494fdb5565e4e
UniProtKB:P94388	proteintraitsmech:B01	OK	-8.675710738791127	e	4cd47ab556d5becda39a5bf0e6bce1805465bde6c24227e0fa1ef8491af4b8c7	ptm-observation:97677ec67f3caa2b5773d6ec8e79ec467cb322df1c7f3278db3ec9b75d4c8a82
UniProtKB:P94388	proteintraitsmech:B02	OK	5.515861809253693	pH	4cd47ab556d5becda39a5bf0e6bce1805465bde6c24227e0fa1ef8491af4b8c7	ptm-observation:8a9e2d8bbc3656af2e2c962d9c518add9ed3a02febf41510c60744813a9aacbb
UniProtKB:P94388	proteintraitsmech:B03	OK	0.10062893081761007	1	4cd47ab556d5becda39a5bf0e6bce1805465bde6c24227e0fa1ef8491af4b8c7	ptm-observation:74502dfa6adc84cfc9768171748afe6a8496d04ce62514683ac0adbff24d6b30
UniProtKB:P94388	proteintraitsmech:B04	OK	0.1289308176100629	1	4cd47ab556d5becda39a5bf0e6bce1805465bde6c24227e0fa1ef8491af4b8c7	ptm-observation:18beaa179fc73f2e34a3ec05aa42232a1e54aaf19b445b2cfac1504e22b895c7
UniProtKB:P94388	proteintraitsmech:B05	OK	0.22955974842767296	1	4cd47ab556d5becda39a5bf0e6bce1805465bde6c24227e0fa1ef8491af4b8c7	ptm-observation:0f1e7017a1c088579602d51b19cfccb07f48818fb0931b474d39669a6002e64a
UniProtKB:P94388	proteintraitsmech:B06	OK	0.09323578152643716	1	4cd47ab556d5becda39a5bf0e6bce1805465bde6c24227e0fa1ef8491af4b8c7	ptm-observation:9097dbee7f06057e169333b436ddd53ba2ee6b57c5283a3611684d30fe552d12
UniProtKB:P94388	proteintraitsmech:B08	OK	-0.3047169811320755	1	4cd47ab556d5becda39a5bf0e6bce1805465bde6c24227e0fa1ef8491af4b8c7	ptm-observation:9a244b773f37f729e196ca547551de4f0dd03427797241b9af9ace12b5a28592
UniProtKB:P94388	proteintraitsmech:B09	OK		1	4cd47ab556d5becda39a5bf0e6bce1805465bde6c24227e0fa1ef8491af4b8c7	ptm-observation:7791646d4462e9aff87f408aa314d2dcdb392dcf95dc4cdf32207bc2b02d2cb8
UniProtKB:P94388	proteintraitsmech:B10	OK		1	4cd47ab556d5becda39a5bf0e6bce1805465bde6c24227e0fa1ef8491af4b8c7	ptm-observation:de9a3c49f08922272671a267ca7ae860c974b40bacb11eff633c1948f2e100ce
UniProtKB:P94388	proteintraitsmech:B13	OK		1	4cd47ab556d5becda39a5bf0e6bce1805465bde6c24227e0fa1ef8491af4b8c7	ptm-observation:6a6f86b5ee7db904227dc417dade78b10739e3ef2583ff2820eb9bc3d31f0ee1
UniProtKB:P94388	proteintraitsmech:B16	OK	4.1223771399703635	bit	4cd47ab556d5becda39a5bf0e6bce1805465bde6c24227e0fa1ef8491af4b8c7	ptm-observation:958ea764df67098f1e6c4142fe522df7f7a991e3cc3caeada4220769c17909f1
UniProtKB:P94388	proteintraitsmech:B22	OK	0.0	1	4cd47ab556d5becda39a5bf0e6bce1805465bde6c24227e0fa1ef8491af4b8c7	ptm-observation:4b90b386e71186ec3d5ff6aff5bc28f26185bf50d0b066f5b96b45f6dc3a808e
UniProtKB:P98170	proteintraitsmech:B01	OK	-4.566690022991148	e	ae4bec2bfca43ca7d2a710719dd5f37743d7f00519ebc45616d9c09a6d0b27cd	ptm-observation:b28ed820c9b065afeaf50cf6c943196f5e244506a5c2c1a96f8871f624201e7a
UniProtKB:P98170	proteintraitsmech:B02	OK	6.2193233370780945	pH	ae4bec2bfca43ca7d2a710719dd5f37743d7f00519ebc45616d9c09a6d0b27cd	ptm-observation:0eaa310d40ce6574035e540307f17a136ea16264111aca744c0203f4aeca97f9
UniProtKB:P98170	proteintraitsmech:B03	OK	0.11670020120724346	1	ae4bec2bfca43ca7d2a710719dd5f37743d7f00519ebc45616d9c09a6d0b27cd	ptm-observation:787e651f80d72c30320b1101fd4c6ecdb20928528a2bb5bb489277147d0a954c
UniProtKB:P98170	proteintraitsmech:B04	OK	0.1267605633802817	1	ae4bec2bfca43ca7d2a710719dd5f37743d7f00519ebc45616d9c09a6d0b27cd	ptm-observation:0ec7de8dd29bdc5be0565cdb287341678f387f7a03e8f1dcac8124092b0d5961
UniProtKB:P98170	proteintraitsmech:B05	OK	0.24346076458752516	1	ae4bec2bfca43ca7d2a710719dd5f37743d7f00519ebc45616d9c09a6d0b27cd	ptm-observation:4975434f2479a7d3353866d2bf9086e20c87ee85d15116deaa7d14f5f2785aac
UniProtKB:P98170	proteintraitsmech:B06	OK	-0.17207421726867547	1	ae4bec2bfca43ca7d2a710719dd5f37743d7f00519ebc45616d9c09a6d0b27cd	ptm-observation:b956f0f5e6869fa9ca8d950baebc03a4201c98fffa576049063f56694ccfd7f9
UniProtKB:P98170	proteintraitsmech:B08	OK	-0.5408450704225353	1	ae4bec2bfca43ca7d2a710719dd5f37743d7f00519ebc45616d9c09a6d0b27cd	ptm-observation:022cb922e45185663af709e4d0ee6269376f03b888634cabf73f4e2ec43e3fa5
UniProtKB:P98170	proteintraitsmech:B09	OK		1	ae4bec2bfca43ca7d2a710719dd5f37743d7f00519ebc45616d9c09a6d0b27cd	ptm-observation:9e928c83e5ed722ec1dbf5986006c2b0fb98b96524e792d435de270a55db0a63
UniProtKB:P98170	proteintraitsmech:B10	OK		1	ae4bec2bfca43ca7d2a710719dd5f37743d7f00519ebc45616d9c09a6d0b27cd	ptm-observation:6623a89547abf8236c8605c854952800ab7d29761b70418a87293b5561bb3451
UniProtKB:P98170	proteintraitsmech:B13	OK		1	ae4bec2bfca43ca7d2a710719dd5f37743d7f00519ebc45616d9c09a6d0b27cd	ptm-observation:8e2d35b32c76c77436ac50fbc19c7a16475bf762bde77683e23d3c58443f89f7
UniProtKB:P98170	proteintraitsmech:B16	OK	4.238978888035544	bit	ae4bec2bfca43ca7d2a710719dd5f37743d7f00519ebc45616d9c09a6d0b27cd	ptm-observation:2cf645e24e2a83a7ef3c1a7978d74f1430e6663e36755d86b9b09c30ad1abff3
UniProtKB:P98170	proteintraitsmech:B22	OK	0.07847082494969819	1	ae4bec2bfca43ca7d2a710719dd5f37743d7f00519ebc45616d9c09a6d0b27cd	ptm-observation:baa29c94f613e689eddd5aa0131afbab861a51821ae537d1bff9a57c34adbeb9
UniProtKB:Q00839	proteintraitsmech:B01	OK	-12.30029573760301	e	bdde991a41ffa7f13aa88d9a8f16475198456ef2041a1b43efcdda931ef61269	ptm-observation:7db85dcfc6873664aac693914ab5eb2269f6873aa71fd5596bcd582e6b758431
UniProtKB:Q00839	proteintraitsmech:B02	OK	5.755798041820526	pH	bdde991a41ffa7f13aa88d9a8f16475198456ef2041a1b43efcdda931ef61269	ptm-observation:38a63c8304fccf8f25ccc9c2d912d489dec4e6e335145e3dd44685bfc7ba82fb
UniProtKB:Q00839	proteintraitsmech:B03	OK	0.1393939393939394	1	bdde991a41ffa7f13aa88d9a8f16475198456ef2041a1b43efcdda931ef61269	ptm-observation:b5a2a8ebeb3dfcbb9009dff373d09f1634922684acbb79e0dd08c0358e76b6fc
UniProtKB:Q00839	proteintraitsmech:B04	OK	0.15515151515151515	1	bdde991a41ffa7f13aa88d9a8f16475198456ef2041a1b43efcdda931ef61269	ptm-observation:174474dccb3b411284da0d1f48133cb1cfc2193ab1af5c93be994476e25c0cdb
UniProtKB:Q00839	proteintraitsmech:B05	OK	0.29454545454545455	1	bdde991a41ffa7f13aa88d9a8f16475198456ef2041a1b43efcdda931ef61269	ptm-observation:62c099ea73df9e28f57a87e4f14990b21363ea3e9f93a7a77f4d3987faafea3a
UniProtKB:Q00839	proteintraitsmech:B06	OK	-24.791923191191927	1	bdde991a41ffa7f13aa88d9a8f16475198456ef2041a1b43efcdda931ef61269	ptm-observation:516406fbd7c03d0b784306f4ec8712b5926c892d1a0b5b0c8b0f87f1a039d3cb
UniProtKB:Q00839	proteintraitsmech:B08	OK	-0.9775757575757575	1	bdde991a41ffa7f13aa88d9a8f16475198456ef2041a1b43efcdda931ef61269	ptm-observation:268e62cc7714e5b8779f845049f1e94da47fc04987ef0577e5bfdbd19fc9f9ec
UniProtKB:Q00839	proteintraitsmech:B09	OK		1	bdde991a41ffa7f13aa88d9a8f16475198456ef2041a1b43efcdda931ef61269	ptm-observation:b7018b2b1ecc929435e3bf19cf53778d7d8cc3119f8475c5b1bd9c6b23b72d67
UniProtKB:Q00839	proteintraitsmech:B10	OK		1	bdde991a41ffa7f13aa88d9a8f16475198456ef2041a1b43efcdda931ef61269	ptm-observation:46905938eeff592ccaf14ea8a3fbf95b33d31eeeaf0c11e17432faa0c5fd0999
UniProtKB:Q00839	proteintraitsmech:B13	OK		1	bdde991a41ffa7f13aa88d9a8f16475198456ef2041a1b43efcdda931ef61269	ptm-observation:3d7922f521907800b5b605ddf142864ca571fa3f8ae5eee561f44246224a1da8
UniProtKB:Q00839	proteintraitsmech:B16	OK	4.065920392040377	bit	bdde991a41ffa7f13aa88d9a8f16475198456ef2041a1b43efcdda931ef61269	ptm-observation:f14f951c53707178b33727dee7372aa0d1cefbbe37c2463596e8c579747e4401
UniProtKB:Q00839	proteintraitsmech:B22	OK	0.5018181818181818	1	bdde991a41ffa7f13aa88d9a8f16475198456ef2041a1b43efcdda931ef61269	ptm-observation:20b05db29d7fb92634d73b07b74fe79175116e07e99a01d007b1062d83dff580
UniProtKB:Q01113	proteintraitsmech:B01	OK	-17.31358940327445	e	5a7a2d545058e3fc43d017ed65a44bde3eaf276eac84f959c6f0955eeb8c54bd	ptm-observation:496742f3882dfc89f514f184a9efce023921d6e6fef3f45585cf769140f998d4
UniProtKB:Q01113	proteintraitsmech:B02	OK	5.265388786792755	pH	5a7a2d545058e3fc43d017ed65a44bde3eaf276eac84f959c6f0955eeb8c54bd	ptm-observation:131b2136a3259bf015ca92bc14766b0b5fa6f93368a3ee859e9499130b9f5a61
UniProtKB:Q01113	proteintraitsmech:B03	OK	0.061420345489443376	1	5a7a2d545058e3fc43d017ed65a44bde3eaf276eac84f959c6f0955eeb8c54bd	ptm-observation:872804bc805a8349848f0a7e1081c99ab1957abd637ead6e835b981a6e3dadff
UniProtKB:Q01113	proteintraitsmech:B04	OK	0.09596928982725528	1	5a7a2d545058e3fc43d017ed65a44bde3eaf276eac84f959c6f0955eeb8c54bd	ptm-observation:87abc63c81880d897632fedc54030a0c4f16b91d5ed01c514716084fa20c782e
UniProtKB:Q01113	proteintraitsmech:B05	OK	0.15738963531669867	1	5a7a2d545058e3fc43d017ed65a44bde3eaf276eac84f959c6f0955eeb8c54bd	ptm-observation:5d3dd027468e8ef9d2a3a7dd94095c0118c5befd5a9441904641a4bda25dfc36
UniProtKB:Q01113	proteintraitsmech:B06	OK	2.750902336890894	1	5a7a2d545058e3fc43d017ed65a44bde3eaf276eac84f959c6f0955eeb8c54bd	ptm-observation:153a369dcf8ce58c56dd2e2895f63fed4cb0eb75a1dff48600f401511d9b43ed
UniProtKB:Q01113	proteintraitsmech:B08	OK	-0.16621880998080618	1	5a7a2d545058e3fc43d017ed65a44bde3eaf276eac84f959c6f0955eeb8c54bd	ptm-observation:cb49fbf3fe9e84b35df758dc5674e8331928cc30cac5508b996b2a149a2a357f
UniProtKB:Q01113	proteintraitsmech:B09	OK		1	5a7a2d545058e3fc43d017ed65a44bde3eaf276eac84f959c6f0955eeb8c54bd	ptm-observation:a320eae71dba5e2f10d44d4735efb80159e7d2f717b4cc0603a259cd2470c2b5
UniProtKB:Q01113	proteintraitsmech:B10	OK		1	5a7a2d545058e3fc43d017ed65a44bde3eaf276eac84f959c6f0955eeb8c54bd	ptm-observation:8345ad4707a72bbfcd404e5e22227a4672d00995594ee0d6655d5bb2763448f4
UniProtKB:Q01113	proteintraitsmech:B13	OK		1	5a7a2d545058e3fc43d017ed65a44bde3eaf276eac84f959c6f0955eeb8c54bd	ptm-observation:21dda416c5cae189593fdd384452963f1375f2654e019f5f650c01090e438d44
UniProtKB:Q01113	proteintraitsmech:B16	OK	4.114720341506667	bit	5a7a2d545058e3fc43d017ed65a44bde3eaf276eac84f959c6f0955eeb8c54bd	ptm-observation:e499929ed408e74b7979eb9acbf75ae3e5449e57302a3c9e2e132ece72ac4dac
UniProtKB:Q01113	proteintraitsmech:B22	OK	0.22648752399232247	1	5a7a2d545058e3fc43d017ed65a44bde3eaf276eac84f959c6f0955eeb8c54bd	ptm-observation:608cdbe42662a7c81be67a1f25b72146c36439e3f9fbd5d261612c3a3541048b
UniProtKB:Q02973	proteintraitsmech:B01	OK	-0.29644765786723115	e	fd8c4f3ea52cac0c24cdf1be6cf6d0c8e62458f6cffd75e8570f60be4d384801	ptm-observation:555061fe01dca39e9d09bf6bf430f6b9c499ddef0c2ea27f18ff3f0ea2a502e9
UniProtKB:Q02973	proteintraitsmech:B02	OK	6.74658590555191	pH	fd8c4f3ea52cac0c24cdf1be6cf6d0c8e62458f6cffd75e8570f60be4d384801	ptm-observation:92e2bbb48258ffff75022b633b0b118113bc87f29e185c5f2582baae7356177e
UniProtKB:Q02973	proteintraitsmech:B03	OK	0.17391304347826086	1	fd8c4f3ea52cac0c24cdf1be6cf6d0c8e62458f6cffd75e8570f60be4d384801	ptm-observation:1f35785111e011149ba90b96083df32a2356611ea78cfea737e37b01cc4551ed
UniProtKB:Q02973	proteintraitsmech:B04	OK	0.17391304347826086	1	fd8c4f3ea52cac0c24cdf1be6cf6d0c8e62458f6cffd75e8570f60be4d384801	ptm-observation:f8f4cc5220688d58e8e8e8c08f32d1c2df60de6a38832de7126e134de738bbfb
UniProtKB:Q02973	proteintraitsmech:B05	OK	0.34782608695652173	1	fd8c4f3ea52cac0c24cdf1be6cf6d0c8e62458f6cffd75e8570f60be4d384801	ptm-observation:4dfb2b178944e609c2587608772afec0aa4d264598f6fb3e1ff0d0c34c466fc6
UniProtKB:Q02973	proteintraitsmech:B06	OK	-0.8917737294408424	1	fd8c4f3ea52cac0c24cdf1be6cf6d0c8e62458f6cffd75e8570f60be4d384801	ptm-observation:337fa23843aea66469ba8afa620dc0ddb81da65237c8338bf2d84d17c41303be
UniProtKB:Q02973	proteintraitsmech:B08	OK	-1.4065217391304348	1	fd8c4f3ea52cac0c24cdf1be6cf6d0c8e62458f6cffd75e8570f60be4d384801	ptm-observation:610040ec0eadd07aea5a4e9c3d8dc3d36a8a53ce69589ed5e8b95d2f742788d4
UniProtKB:Q02973	proteintraitsmech:B09	OK		1	fd8c4f3ea52cac0c24cdf1be6cf6d0c8e62458f6cffd75e8570f60be4d384801	ptm-observation:6a0bb98b4bc011feeec404f4b30a62839ebb13be7c3b61c4a68df9cfcd6ec7f2
UniProtKB:Q02973	proteintraitsmech:B10	OK		1	fd8c4f3ea52cac0c24cdf1be6cf6d0c8e62458f6cffd75e8570f60be4d384801	ptm-observation:0e0110164d247ab97be5266b98940e60e70bc13922daada808e8c587b867444f
UniProtKB:Q02973	proteintraitsmech:B13	OK		1	fd8c4f3ea52cac0c24cdf1be6cf6d0c8e62458f6cffd75e8570f60be4d384801	ptm-observation:c5c60eeb7b7c53d66d0b35c7247b6b8a5d83d8121af387b238dfa682ece04607
UniProtKB:Q02973	proteintraitsmech:B16	OK	3.6623499341996744	bit	fd8c4f3ea52cac0c24cdf1be6cf6d0c8e62458f6cffd75e8570f60be4d384801	ptm-observation:fcec6d7f1037c54fe2e5f49961eb0327f4bbc74e1754371dc920a931f0cb51c3
UniProtKB:Q02973	proteintraitsmech:B22	OK	1.0	1	fd8c4f3ea52cac0c24cdf1be6cf6d0c8e62458f6cffd75e8570f60be4d384801	ptm-observation:dcf727f8ac0442870b975a6491351ed61fe07eaf1066d9f5c43969428bfd2491
UniProtKB:Q04760	proteintraitsmech:B01	OK	-6.250663952944448	e	6dc93a921544fdbf2e39f4d2f7933faf3c5712bdb9ba8f12fd8f7df64300c70a	ptm-observation:ff89dc31d25e7cdda8aba91cd7fa51ac527448e810a8128236dfadbc23988039
UniProtKB:Q04760	proteintraitsmech:B02	OK	5.119716227054596	pH	6dc93a921544fdbf2e39f4d2f7933faf3c5712bdb9ba8f12fd8f7df64300c70a	ptm-observation:0000e20ef229da3ff635f92fb3ec3064e1040a8a3fd91a5253da6c5d06e82fd2
UniProtKB:Q04760	proteintraitsmech:B03	OK	0.125	1	6dc93a921544fdbf2e39f4d2f7933faf3c5712bdb9ba8f12fd8f7df64300c70a	ptm-observation:8ed24b0c2f3ea7ffbf2950bb830cd8dd9cc67ca857457545123c1af031519930
UniProtKB:Q04760	proteintraitsmech:B04	OK	0.15760869565217392	1	6dc93a921544fdbf2e39f4d2f7933faf3c5712bdb9ba8f12fd8f7df64300c70a	ptm-observation:25a8de5fa25bb48b159550f4a8ae39b8edb348a8a5c2059ee37bf9fde19f6ccf
UniProtKB:Q04760	proteintraitsmech:B05	OK	0.2826086956521739	1	6dc93a921544fdbf2e39f4d2f7933faf3c5712bdb9ba8f12fd8f7df64300c70a	ptm-observation:9ec465d345588e53443211a2692ce02c06694d3fbdd091640b4bde709f6e5ba5
UniProtKB:Q04760	proteintraitsmech:B06	OK	0.1300331142315245	1	6dc93a921544fdbf2e39f4d2f7933faf3c5712bdb9ba8f12fd8f7df64300c70a	ptm-observation:9a2504240936fb9c59f3c646cdbbec176a136093207e0fbe4c5affd9b887204e
UniProtKB:Q04760	proteintraitsmech:B08	OK	-0.5157608695652174	1	6dc93a921544fdbf2e39f4d2f7933faf3c5712bdb9ba8f12fd8f7df64300c70a	ptm-observation:ad44ce9487a543bb0e7873fe0d4cafae2ee63858b2cf1862cbc39e964e950ed7
UniProtKB:Q04760	proteintraitsmech:B09	OK		1	6dc93a921544fdbf2e39f4d2f7933faf3c5712bdb9ba8f12fd8f7df64300c70a	ptm-observation:44438452e2501f709822aea4596e4aa98e5646af0d34e9eb1adde3ae6008e708
UniProtKB:Q04760	proteintraitsmech:B10	OK		1	6dc93a921544fdbf2e39f4d2f7933faf3c5712bdb9ba8f12fd8f7df64300c70a	ptm-observation:a54b79675724c58170c343c4d99b52f5d8352ea8d5b6d75d4595a206e7767578
UniProtKB:Q04760	proteintraitsmech:B13	OK		1	6dc93a921544fdbf2e39f4d2f7933faf3c5712bdb9ba8f12fd8f7df64300c70a	ptm-observation:e62e10a5be531553197b9937e7ffc0f761615f9052a077e30a1de242ccbfa03c
UniProtKB:Q04760	proteintraitsmech:B16	OK	4.148432727479108	bit	6dc93a921544fdbf2e39f4d2f7933faf3c5712bdb9ba8f12fd8f7df64300c70a	ptm-observation:1bd62c4d5ce9bb8c4a262925a00db966a018e9cd3dec5258f5acb1488705fb06
UniProtKB:Q04760	proteintraitsmech:B22	OK	0.11413043478260869	1	6dc93a921544fdbf2e39f4d2f7933faf3c5712bdb9ba8f12fd8f7df64300c70a	ptm-observation:0bbb50db3263071561b2c5c3df612f7f2cfa04878a88dc917979e80363ff14d9
UniProtKB:Q05860	proteintraitsmech:B01	OK	21.59430032760943	e	b5cf7341e04af8ab7407a8b44aa396c7af30a40c67368a5ccfb4e77f2233ffbb	ptm-observation:5d3a978546355855a0c3daf57f9c11674e764ed7e50ac5b671ff4cc30ca17a77
UniProtKB:Q05860	proteintraitsmech:B02	OK	8.799483358860016	pH	b5cf7341e04af8ab7407a8b44aa396c7af30a40c67368a5ccfb4e77f2233ffbb	ptm-observation:12c0e260a68d3fa49e2016fd8769bcc35b7caa1f425089833898a2d2df1f0753
UniProtKB:Q05860	proteintraitsmech:B03	OK	0.1432469304229195	1	b5cf7341e04af8ab7407a8b44aa396c7af30a40c67368a5ccfb4e77f2233ffbb	ptm-observation:5121a79db59577b865dffecac2a2dbe25c5347ce98d0ab5c606a36d21b9a7b9f
UniProtKB:Q05860	proteintraitsmech:B04	OK	0.13028649386084584	1	b5cf7341e04af8ab7407a8b44aa396c7af30a40c67368a5ccfb4e77f2233ffbb	ptm-observation:71d408ed24a986e4fa10f6f9249673a0016cbe6cfc40fd39364b8a5a19665d48
UniProtKB:Q05860	proteintraitsmech:B05	OK	0.27353342428376537	1	b5cf7341e04af8ab7407a8b44aa396c7af30a40c67368a5ccfb4e77f2233ffbb	ptm-observation:0fca0cdd7b72fba085d35f8929c8a85c68e402c5d9b28466ea84a50c90ef258c
UniProtKB:Q05860	proteintraitsmech:B06	OK	1.1340103211169548	1	b5cf7341e04af8ab7407a8b44aa396c7af30a40c67368a5ccfb4e77f2233ffbb	ptm-observation:ffcf714b838cc8f99b1f1a67dde8ef676702d762081d7a8d86c0f497dca73288
UniProtKB:Q05860	proteintraitsmech:B08	OK	-0.7726466575716235	1	b5cf7341e04af8ab7407a8b44aa396c7af30a40c67368a5ccfb4e77f2233ffbb	ptm-observation:00b8e326a9777664ba3ca727e5425f316e26d749aa079a892be19f715eed079b
UniProtKB:Q05860	proteintraitsmech:B09	OK		1	b5cf7341e04af8ab7407a8b44aa396c7af30a40c67368a5ccfb4e77f2233ffbb	ptm-observation:c5ab8ffdd1028cd86ff10914e55128b99752288af4a8e412130192c6e6f0cf61
UniProtKB:Q05860	proteintraitsmech:B10	OK		1	b5cf7341e04af8ab7407a8b44aa396c7af30a40c67368a5ccfb4e77f2233ffbb	ptm-observation:288ddddd27630754761db2be93471df599337d735b3d7957baff29c48875b3a2
UniProtKB:Q05860	proteintraitsmech:B13	OK		1	b5cf7341e04af8ab7407a8b44aa396c7af30a40c67368a5ccfb4e77f2233ffbb	ptm-observation:87ca741d9334d7803b66d98c9d38060455b48a651bcfa6b4cec5ae9d52e5cfb5
UniProtKB:Q05860	proteintraitsmech:B16	OK	4.06379808186976	bit	b5cf7341e04af8ab7407a8b44aa396c7af30a40c67368a5ccfb4e77f2233ffbb	ptm-observation:67afb9fb5c007a17d494ae9f1d12359ea9ad2753dbfc42babf2f279625f30f2e
UniProtKB:Q05860	proteintraitsmech:B22	OK	0.6964529331514324	1	b5cf7341e04af8ab7407a8b44aa396c7af30a40c67368a5ccfb4e77f2233ffbb	ptm-observation:7af9443de6b75bbef01ba559a6bfa6a2f96d9207470910cb599e51c91a3dd110
UniProtKB:Q07938	proteintraitsmech:B01	OK	1.4457147840008262	e	e806d44a44abf447dd0fe8aeec3eeb7a0e816840d38e52ac6e90ea93df1d5e86	ptm-observation:386f3a70abbfb09b5f31fc6cbbf6defe28a309fe282894258d5e0abb19135cbd
UniProtKB:Q07938	proteintraitsmech:B02	OK	7.669818818569183	pH	e806d44a44abf447dd0fe8aeec3eeb7a0e816840d38e52ac6e90ea93df1d5e86	ptm-observation:63c9f48d0c6dabfd3cc892fe6555ec7672f85047ddbe111c1e7a2a38c0dfa39e
UniProtKB:Q07938	proteintraitsmech:B03	OK	0.10385756676557864	1	e806d44a44abf447dd0fe8aeec3eeb7a0e816840d38e52ac6e90ea93df1d5e86	ptm-observation:90125b011005e146b0ef41f4af5a97c5b631e92505ebd124d77f9dababd0c5d6
UniProtKB:Q07938	proteintraitsmech:B04	OK	0.10089020771513353	1	e806d44a44abf447dd0fe8aeec3eeb7a0e816840d38e52ac6e90ea93df1d5e86	ptm-observation:aef3696e7252ca6f7142a76e688d0e0ffa163958e71e1cb1db4707682c51e8c5
UniProtKB:Q07938	proteintraitsmech:B05	OK	0.20474777448071216	1	e806d44a44abf447dd0fe8aeec3eeb7a0e816840d38e52ac6e90ea93df1d5e86	ptm-observation:6a5ab8cf99171838e0635d3ec55b4b4a70239d1e323a50e8a89c957be9772a04
UniProtKB:Q07938	proteintraitsmech:B06	OK	-1.1196649646304868	1	e806d44a44abf447dd0fe8aeec3eeb7a0e816840d38e52ac6e90ea93df1d5e86	ptm-observation:e7df07b0a8285954f2cf209b0e33835cb1d15124b9a7703833067a68811e873c
UniProtKB:Q07938	proteintraitsmech:B08	OK	-0.24510385756676561	1	e806d44a44abf447dd0fe8aeec3eeb7a0e816840d38e52ac6e90ea93df1d5e86	ptm-observation:eb907070a13ccf379a868cec928843deb1b7795944633d57fb74a2493324062a
UniProtKB:Q07938	proteintraitsmech:B09	OK		1	e806d44a44abf447dd0fe8aeec3eeb7a0e816840d38e52ac6e90ea93df1d5e86	ptm-observation:aafb271443181d73587d81daca6f818262a8e37bd4d0247885da3e5b1b867ad3
UniProtKB:Q07938	proteintraitsmech:B10	OK		1	e806d44a44abf447dd0fe8aeec3eeb7a0e816840d38e52ac6e90ea93df1d5e86	ptm-observation:fd34afe4feb49494bab82ffacc4f41e04d99db3ee725366cc7f6b530958aaf0a
UniProtKB:Q07938	proteintraitsmech:B13	OK		1	e806d44a44abf447dd0fe8aeec3eeb7a0e816840d38e52ac6e90ea93df1d5e86	ptm-observation:76e1d9139580139da00d23349e37a8c5c18b003b647520c27385cb069c6c1b59
UniProtKB:Q07938	proteintraitsmech:B16	OK	4.203379003044353	bit	e806d44a44abf447dd0fe8aeec3eeb7a0e816840d38e52ac6e90ea93df1d5e86	ptm-observation:9d10e267cc679229671f7537a28a864ea14b7f62d577f639a27fc6ae28ac8ac7
UniProtKB:Q07938	proteintraitsmech:B22	OK	0.0	1	e806d44a44abf447dd0fe8aeec3eeb7a0e816840d38e52ac6e90ea93df1d5e86	ptm-observation:cad9421b110145d790c0f58d3cb8d0c000ef4bc09a21a4acebf6120e8e052da0
UniProtKB:Q07953	proteintraitsmech:B01	OK	9.826717441821307	e	8ca8b1363278a09147bfec4fe8ba5554ab63782aab889350aa402c87d14bbc10	ptm-observation:9449c8632974fb6a4e6205d545e3bc72be4ef91d50635ab4bc9003e113853f79
UniProtKB:Q07953	proteintraitsmech:B02	OK	9.3002308011055	pH	8ca8b1363278a09147bfec4fe8ba5554ab63782aab889350aa402c87d14bbc10	ptm-observation:b754a0a6305eb3939670b130c1e6019c7a37c6b8334d514fa3528fad2ed62c7a
UniProtKB:Q07953	proteintraitsmech:B03	OK	0.156	1	8ca8b1363278a09147bfec4fe8ba5554ab63782aab889350aa402c87d14bbc10	ptm-observation:227a9dbc83dbe40bea5661a7e064a725b1201b5f1f47e52fab845557b27d686e
UniProtKB:Q07953	proteintraitsmech:B04	OK	0.116	1	8ca8b1363278a09147bfec4fe8ba5554ab63782aab889350aa402c87d14bbc10	ptm-observation:360b873a229281d35649c72f28a697c4d641680d37451981e1a79f8af721718b
UniProtKB:Q07953	proteintraitsmech:B05	OK	0.272	1	8ca8b1363278a09147bfec4fe8ba5554ab63782aab889350aa402c87d14bbc10	ptm-observation:22799e00b1b0296ea66bf7dc2d3db913768c61c711c3742cfe49d237972c9bde
UniProtKB:Q07953	proteintraitsmech:B06	OK	0.20887988845795863	1	8ca8b1363278a09147bfec4fe8ba5554ab63782aab889350aa402c87d14bbc10	ptm-observation:f6d0a35595ea2033b77be5d355a1dacb54611db0367be6a2eb42a650df8633ba
UniProtKB:Q07953	proteintraitsmech:B08	OK	-0.32239999999999996	1	8ca8b1363278a09147bfec4fe8ba5554ab63782aab889350aa402c87d14bbc10	ptm-observation:39c5c00cb95a86db0df35fe4876bb9cad13687fa43606d0780e36acad2239fe5
UniProtKB:Q07953	proteintraitsmech:B09	OK		1	8ca8b1363278a09147bfec4fe8ba5554ab63782aab889350aa402c87d14bbc10	ptm-observation:344e7f668c0254d4962e69c2812dd51d8c303e26058918021b471ff03c904457
UniProtKB:Q07953	proteintraitsmech:B10	OK		1	8ca8b1363278a09147bfec4fe8ba5554ab63782aab889350aa402c87d14bbc10	ptm-observation:2a5bb5a1da562c669f4ca98433a223a42a0d33a90642717cdbc46724321809d3
UniProtKB:Q07953	proteintraitsmech:B13	OK		1	8ca8b1363278a09147bfec4fe8ba5554ab63782aab889350aa402c87d14bbc10	ptm-observation:d5416925e61060ed18c64cb3d57439296f68a4d12784c2d10a2fbda36a430449
UniProtKB:Q07953	proteintraitsmech:B16	OK	4.061713629314969	bit	8ca8b1363278a09147bfec4fe8ba5554ab63782aab889350aa402c87d14bbc10	ptm-observation:e2e1de8779634e3b1e36195abf17ab267192ada1b1e876350095d6875f9a55e8
UniProtKB:Q07953	proteintraitsmech:B22	OK	0.036	1	8ca8b1363278a09147bfec4fe8ba5554ab63782aab889350aa402c87d14bbc10	ptm-observation:c092cb7127285dbc57e4a1a9c6678ca79de7d8de677c05c6e7426a0c7225c6c3
UniProtKB:Q08981	proteintraitsmech:B01	OK	8.87443870672394	e	7fcd1657678b3474b5602076af6d970729077114fd912164b20e8f95b40da8a8	ptm-observation:9e7d2155a8f5a452b280d6724eee85cfde5edf3ca6a69a209582e636368d364c
UniProtKB:Q08981	proteintraitsmech:B02	OK	9.579456150531769	pH	7fcd1657678b3474b5602076af6d970729077114fd912164b20e8f95b40da8a8	ptm-observation:334533e6540b4fb8d183178fcfc13a2c47d025f2cf7233e11cac2e062fba52c7
UniProtKB:Q08981	proteintraitsmech:B03	OK	0.1674641148325359	1	7fcd1657678b3474b5602076af6d970729077114fd912164b20e8f95b40da8a8	ptm-observation:deda0ac1ea9fa258b229ef2775b0b0b99a5ac6fad4bf420bd619d87ded880057
UniProtKB:Q08981	proteintraitsmech:B04	OK	0.12440191387559808	1	7fcd1657678b3474b5602076af6d970729077114fd912164b20e8f95b40da8a8	ptm-observation:4fcf542a241d6710aea5079addb3bbae594c87b248e8ea048f886fb7293c18ba
UniProtKB:Q08981	proteintraitsmech:B05	OK	0.291866028708134	1	7fcd1657678b3474b5602076af6d970729077114fd912164b20e8f95b40da8a8	ptm-observation:9ca72ab64a45590ea688014d457ffc69784f6ad08bc5932b29ecf30442be6724
UniProtKB:Q08981	proteintraitsmech:B06	OK	-0.01969650804018023	1	7fcd1657678b3474b5602076af6d970729077114fd912164b20e8f95b40da8a8	ptm-observation:6a92e215e6cd737dc135dfa3811a076a7601ff88f5b1b0efd8e7ac5d315ae1f1
UniProtKB:Q08981	proteintraitsmech:B08	OK	-0.8143540669856458	1	7fcd1657678b3474b5602076af6d970729077114fd912164b20e8f95b40da8a8	ptm-observation:fa4cc2276c6c6d768774712e65249856ab79e457eb0909bd0036df708cd3ded5
UniProtKB:Q08981	proteintraitsmech:B09	OK		1	7fcd1657678b3474b5602076af6d970729077114fd912164b20e8f95b40da8a8	ptm-observation:5b2d3d052411e75dff2031d376736fb803d646ce7ec545f1aacdb312161da36f
UniProtKB:Q08981	proteintraitsmech:B10	OK		1	7fcd1657678b3474b5602076af6d970729077114fd912164b20e8f95b40da8a8	ptm-observation:9e2f16e4b8df48ea1d0480dad34e420e178e5d58cec857e4505180181cfe8836
UniProtKB:Q08981	proteintraitsmech:B13	OK		1	7fcd1657678b3474b5602076af6d970729077114fd912164b20e8f95b40da8a8	ptm-observation:c2366feb21416d5fb47d20b99ec964645d202f82063ec9f81e1d444a643c0bd7
UniProtKB:Q08981	proteintraitsmech:B16	OK	4.018151180991485	bit	7fcd1657678b3474b5602076af6d970729077114fd912164b20e8f95b40da8a8	ptm-observation:723d368c27e2bcab5ff29a0840b10d48532daa6d86be2150f7fa29e07359b262
UniProtKB:Q08981	proteintraitsmech:B22	OK	0.5406698564593302	1	7fcd1657678b3474b5602076af6d970729077114fd912164b20e8f95b40da8a8	ptm-observation:627f312b219eb40fbfe552fd8a5ea128e5c94dc81cbcdf9043ac3afde82241f8
UniProtKB:Q13137	proteintraitsmech:B01	OK	-23.724160676050197	e	2d3ec640975d1722ebd059231b2152161256027c845b6490d5b796cb3ba76f0f	ptm-observation:d188cf43baf6d89eca3b053310e170bea0accb58672fd050e833253c3d719eea
UniProtKB:Q13137	proteintraitsmech:B02	OK	4.9380181431770325	pH	2d3ec640975d1722ebd059231b2152161256027c845b6490d5b796cb3ba76f0f	ptm-observation:8ae2e86cf0be9e0743a353063e232de9fbe53475b366ea67246f515b008fad3d
UniProtKB:Q13137	proteintraitsmech:B03	OK	0.12331838565022421	1	2d3ec640975d1722ebd059231b2152161256027c845b6490d5b796cb3ba76f0f	ptm-observation:b32b55e98aab6d54426ef12473b7ed75986272e3379405ae308202e7f7339529
UniProtKB:Q13137	proteintraitsmech:B04	OK	0.17713004484304934	1	2d3ec640975d1722ebd059231b2152161256027c845b6490d5b796cb3ba76f0f	ptm-observation:49516d98ea0c564bc7ce81efc49d4bff530c90ab7a8266d26067ea2d89a846da
UniProtKB:Q13137	proteintraitsmech:B05	OK	0.3004484304932735	1	2d3ec640975d1722ebd059231b2152161256027c845b6490d5b796cb3ba76f0f	ptm-observation:714c594daea13a53327f723f62562fc631faca0d04dae08263fa6730c70c6e94
UniProtKB:Q13137	proteintraitsmech:B06	OK	6.384112412650107	1	2d3ec640975d1722ebd059231b2152161256027c845b6490d5b796cb3ba76f0f	ptm-observation:557783f27b6d68bb1322db7bdb2dbc888079d9ea573be35a37cc332d2b3bc2e2
UniProtKB:Q13137	proteintraitsmech:B08	OK	-0.8713004484304934	1	2d3ec640975d1722ebd059231b2152161256027c845b6490d5b796cb3ba76f0f	ptm-observation:a048cf392fa2f4f9e136a1d8fc8f0e5620e711e222ef84b3dbfa92cfe4b5bb9c
UniProtKB:Q13137	proteintraitsmech:B09	OK		1	2d3ec640975d1722ebd059231b2152161256027c845b6490d5b796cb3ba76f0f	ptm-observation:15a1c9ac1c36dca4b5ade5c998f558df71f48cfb6d1a2eddda386c4c401a4cba
UniProtKB:Q13137	proteintraitsmech:B10	OK		1	2d3ec640975d1722ebd059231b2152161256027c845b6490d5b796cb3ba76f0f	ptm-observation:18231628d37fc62d10df90c00823a4fdfb56077e9770cf2dde1b4dce5dc16dbf
UniProtKB:Q13137	proteintraitsmech:B13	OK		1	2d3ec640975d1722ebd059231b2152161256027c845b6490d5b796cb3ba76f0f	ptm-observation:644c5bfc06638b3def9ec924fa2e02f51e30ec13cdfd4c37a6a118d8b14d9fe6
UniProtKB:Q13137	proteintraitsmech:B16	OK	4.103641440062567	bit	2d3ec640975d1722ebd059231b2152161256027c845b6490d5b796cb3ba76f0f	ptm-observation:ebe85a0305d8d41c0eee0a0c16d9cc063d41e38c856ba1648f99d3674f6f772c
UniProtKB:Q13137	proteintraitsmech:B22	OK	0.18161434977578475	1	2d3ec640975d1722ebd059231b2152161256027c845b6490d5b796cb3ba76f0f	ptm-observation:10f011d242d8fdb07b332226c484b647d427e30601b3ff092b69312050f80c01
UniProtKB:Q13423	proteintraitsmech:B01	OK	5.832724514386625	e	6a99d3112df79557a7417031316e761d2d1abc35b67e36256e7d3be0b0493ab9	ptm-observation:116ab097493123b62f43d2236efe0ec079aca65adc5da976b71320740fb17147
UniProtKB:Q13423	proteintraitsmech:B02	OK	8.307663023471832	pH	6a99d3112df79557a7417031316e761d2d1abc35b67e36256e7d3be0b0493ab9	ptm-observation:fb81c86b4b991562def0bb598fab32ae1e1df73f1bd36297ca95f3fa77642269
UniProtKB:Q13423	proteintraitsmech:B03	OK	0.07918968692449356	1	6a99d3112df79557a7417031316e761d2d1abc35b67e36256e7d3be0b0493ab9	ptm-observation:5237caf1a267fefb528eb58327f45621dd8301a0a3569194aac40e9fe37dbe2e
UniProtKB:Q13423	proteintraitsmech:B04	OK	0.07458563535911603	1	6a99d3112df79557a7417031316e761d2d1abc35b67e36256e7d3be0b0493ab9	ptm-observation:f2b7eb687289b4d0cd2b772a566007f8339ab9f54de5f61dde8131983fa64640
UniProtKB:Q13423	proteintraitsmech:B05	OK	0.15377532228360957	1	6a99d3112df79557a7417031316e761d2d1abc35b67e36256e7d3be0b0493ab9	ptm-observation:1fefeaa643892c28512f49eb75e03794c6d60dc47ebe79bb3bcf8cbfc10156fa
UniProtKB:Q13423	proteintraitsmech:B06	OK	-1.408638202743549	1	6a99d3112df79557a7417031316e761d2d1abc35b67e36256e7d3be0b0493ab9	ptm-observation:b4ab22cf64f039248eab3de1c02113af61a9d37528c6becf671e2fb7fdea3133
UniProtKB:Q13423	proteintraitsmech:B08	OK	0.2990791896869245	1	6a99d3112df79557a7417031316e761d2d1abc35b67e36256e7d3be0b0493ab9	ptm-observation:1e0ccf75e85452646f3c01b38c5b5e12e3b03e25e4ca12653fb634381f6e5e7f
UniProtKB:Q13423	proteintraitsmech:B09	OK		1	6a99d3112df79557a7417031316e761d2d1abc35b67e36256e7d3be0b0493ab9	ptm-observation:0bf18414e0f6c85ade778aba8de88a33a78e5b4a54db1fa70809781f6e892d59
UniProtKB:Q13423	proteintraitsmech:B10	OK		1	6a99d3112df79557a7417031316e761d2d1abc35b67e36256e7d3be0b0493ab9	ptm-observation:a107d87a6006e103768b4e755bafa7680dea43cce436faaece534477e4e57be1
UniProtKB:Q13423	proteintraitsmech:B13	OK		1	6a99d3112df79557a7417031316e761d2d1abc35b67e36256e7d3be0b0493ab9	ptm-observation:e8f6d69bde30d9aa68cc9df26eaf6755cf0b34a87d21eabbdf3db526d120e79a
UniProtKB:Q13423	proteintraitsmech:B16	OK	4.03312127459367	bit	6a99d3112df79557a7417031316e761d2d1abc35b67e36256e7d3be0b0493ab9	ptm-observation:4e4ea98745bf5847f003c9038c2f909ab5bb9a765bd95e5af318ec7fbd5e00a8
UniProtKB:Q13423	proteintraitsmech:B22	OK	0.020257826887661142	1	6a99d3112df79557a7417031316e761d2d1abc35b67e36256e7d3be0b0493ab9	ptm-observation:8574a3d71e074dc8eaeddc92e24fcc8bf21687a6daaca79eb91d8cca4e1d0204
UniProtKB:Q13569	proteintraitsmech:B01	OK	-2.7117428693890004	e	dab3116205b9e740bab8886a478c10c5d6f6d15e1fc9d255f21c867d2d96d7bc	ptm-observation:806876f4151fb425a3e616034356164ea5a7e48c26ec9f1e33b34b1abf0ed6ba
UniProtKB:Q13569	proteintraitsmech:B02	OK	6.3558050990104675	pH	dab3116205b9e740bab8886a478c10c5d6f6d15e1fc9d255f21c867d2d96d7bc	ptm-observation:c5741ccc48b12312a16a4458b1170cb56cb0959b7e3a5449019c51211ec5c7b2
UniProtKB:Q13569	proteintraitsmech:B03	OK	0.12439024390243902	1	dab3116205b9e740bab8886a478c10c5d6f6d15e1fc9d255f21c867d2d96d7bc	ptm-observation:d7b6f376b7c4f91fd0817fe7841ce7fcba6eef3383c7de840de8d4253c033c6a
UniProtKB:Q13569	proteintraitsmech:B04	OK	0.13170731707317074	1	dab3116205b9e740bab8886a478c10c5d6f6d15e1fc9d255f21c867d2d96d7bc	ptm-observation:ee46f96c3ad8a1eb7a6afbb3e13ad01e1d55856f4815adda2fc71701a976116f
UniProtKB:Q13569	proteintraitsmech:B05	OK	0.25609756097560976	1	dab3116205b9e740bab8886a478c10c5d6f6d15e1fc9d255f21c867d2d96d7bc	ptm-observation:86c9fc7806b4bf32e434ee6b59ceda321448b71dd030dcdeadfa2cbb3b615f4f
UniProtKB:Q13569	proteintraitsmech:B06	OK	-2.662696003913951	1	dab3116205b9e740bab8886a478c10c5d6f6d15e1fc9d255f21c867d2d96d7bc	ptm-observation:fad55966773d105e3c90ed6fd294977c708191b1183185b6044c6fdc53c36876
UniProtKB:Q13569	proteintraitsmech:B08	OK	-0.6829268292682927	1	dab3116205b9e740bab8886a478c10c5d6f6d15e1fc9d255f21c867d2d96d7bc	ptm-observation:5ba13c154949c5783eac5ea7d8334b53d79f39ae11087ce821c03c7cb10f36fd
UniProtKB:Q13569	proteintraitsmech:B09	OK		1	dab3116205b9e740bab8886a478c10c5d6f6d15e1fc9d255f21c867d2d96d7bc	ptm-observation:fa8b1c37c40d915174d481cc52ca7869a77826a4d8ac1aa6ec2b5eb770b28fa5
UniProtKB:Q13569	proteintraitsmech:B10	OK		1	dab3116205b9e740bab8886a478c10c5d6f6d15e1fc9d255f21c867d2d96d7bc	ptm-observation:c3b93972cde5e966201c289c1f328ec72aab39349f8306ebba6d82bf72ffa4e8
UniProtKB:Q13569	proteintraitsmech:B13	OK		1	dab3116205b9e740bab8886a478c10c5d6f6d15e1fc9d255f21c867d2d96d7bc	ptm-observation:f7d38134a37643d9dd71220d58d7b34b59977cc66df4278d906e5c5c03910f8b
UniProtKB:Q13569	proteintraitsmech:B16	OK	4.152996814192912	bit	dab3116205b9e740bab8886a478c10c5d6f6d15e1fc9d255f21c867d2d96d7bc	ptm-observation:ba506ede487af3e16b1d3fc17cdd34c355242f8a969401da36fb4f9b1dc15cd4
UniProtKB:Q13569	proteintraitsmech:B22	OK	0.4560975609756098	1	dab3116205b9e740bab8886a478c10c5d6f6d15e1fc9d255f21c867d2d96d7bc	ptm-observation:2fa73941aedc4383b1a6bde35ca25d6466cca7c58e3d640a5ca3cbbb988809cb
UniProtKB:Q14118	proteintraitsmech:B01	OK	7.568833437071772	e	0d8ef6ec4a29eee88c60ecff2698c34d28a4ec49710b9950732c79930b39862e	ptm-observation:f3f2a6a01c0f1b6277f3a66085c88f5a08ca03765fb491530d678075bd2d79de
UniProtKB:Q14118	proteintraitsmech:B02	OK	8.708005130290985	pH	0d8ef6ec4a29eee88c60ecff2698c34d28a4ec49710b9950732c79930b39862e	ptm-observation:1b8008d7fdbcf926f43435def44fe5e447e0337b7db857dd405b907863d7f4c4
UniProtKB:Q14118	proteintraitsmech:B03	OK	0.1106145251396648	1	0d8ef6ec4a29eee88c60ecff2698c34d28a4ec49710b9950732c79930b39862e	ptm-observation:19b8c7459e463bcf69bd30fe8631577dab589e5de3a4b1f0b64b17bd24457580
UniProtKB:Q14118	proteintraitsmech:B04	OK	0.10391061452513967	1	0d8ef6ec4a29eee88c60ecff2698c34d28a4ec49710b9950732c79930b39862e	ptm-observation:7107400cc7e3e9b728e9466c6013e1d5aa7ed3da6fa546b22b9eed2ff9c709c7
UniProtKB:Q14118	proteintraitsmech:B05	OK	0.21452513966480447	1	0d8ef6ec4a29eee88c60ecff2698c34d28a4ec49710b9950732c79930b39862e	ptm-observation:f65e8126e83bd5207b79c7530f159c1b81f0144b7d7b3a3c71cfc8ad438f9c65
UniProtKB:Q14118	proteintraitsmech:B06	OK	-3.133113572590468	1	0d8ef6ec4a29eee88c60ecff2698c34d28a4ec49710b9950732c79930b39862e	ptm-observation:59b39a80aa964e301a511df94df0d2852e7c4b45ee51e175ab0d3e9549408ce6
UniProtKB:Q14118	proteintraitsmech:B08	OK	-0.3739664804469274	1	0d8ef6ec4a29eee88c60ecff2698c34d28a4ec49710b9950732c79930b39862e	ptm-observation:1b119b9b3f3f8cdf515cc672cce5e6d41a8aa8bc70cafa20c40efda899d37453
UniProtKB:Q14118	proteintraitsmech:B09	OK		1	0d8ef6ec4a29eee88c60ecff2698c34d28a4ec49710b9950732c79930b39862e	ptm-observation:36a13d314a96af209b6cd3e3dc6d0a5ca1dabafc3a16e0713a2dbc6ad8821983
UniProtKB:Q14118	proteintraitsmech:B10	OK		1	0d8ef6ec4a29eee88c60ecff2698c34d28a4ec49710b9950732c79930b39862e	ptm-observation:ae37d6d314cdf01c7b386e39c80087afd93a9f09f7ee41db1ba96fcf38aa41b4
UniProtKB:Q14118	proteintraitsmech:B13	OK		1	0d8ef6ec4a29eee88c60ecff2698c34d28a4ec49710b9950732c79930b39862e	ptm-observation:62a8f6ce8aa96bee34f17051a1bae9aa0f128b286f340da517baefdee92641a1
UniProtKB:Q14118	proteintraitsmech:B16	OK	4.060716626263616	bit	0d8ef6ec4a29eee88c60ecff2698c34d28a4ec49710b9950732c79930b39862e	ptm-observation:749922bdc12c3a823e1f029512968872ee5e8582974b27142ac4fb265ccec188
UniProtKB:Q14118	proteintraitsmech:B22	OK	0.4324022346368715	1	0d8ef6ec4a29eee88c60ecff2698c34d28a4ec49710b9950732c79930b39862e	ptm-observation:dba04674e63f23c11e693d622a7721d96c1813248f1d1004809a027f099c9905
UniProtKB:Q16775	proteintraitsmech:B01	OK	3.6015835019978657	e	885b20713ab5c7ca9779fb70abb556c5400d132735598ba1e77866eb4d1ccc0d	ptm-observation:a14cb5b8fb2486d08fda26a13cdd54edfb65bca135021952d1fddaa31eb75cfd
UniProtKB:Q16775	proteintraitsmech:B02	OK	8.34486848115921	pH	885b20713ab5c7ca9779fb70abb556c5400d132735598ba1e77866eb4d1ccc0d	ptm-observation:3ba8b75ab29d548b505f548686467e5e8aea51d3e92908b26184b7964edbcbd4
UniProtKB:Q16775	proteintraitsmech:B03	OK	0.1266233766233766	1	885b20713ab5c7ca9779fb70abb556c5400d132735598ba1e77866eb4d1ccc0d	ptm-observation:b51dca8019c2b4eea68dab3a78509cd8db91e734edcf823e5ef41a12a9226846
UniProtKB:Q16775	proteintraitsmech:B04	OK	0.11688311688311688	1	885b20713ab5c7ca9779fb70abb556c5400d132735598ba1e77866eb4d1ccc0d	ptm-observation:2cf239c7e6c52a739c36e0017848aac41e1fad1801042b1ca08a4e412d16dac7
UniProtKB:Q16775	proteintraitsmech:B05	OK	0.2435064935064935	1	885b20713ab5c7ca9779fb70abb556c5400d132735598ba1e77866eb4d1ccc0d	ptm-observation:9747d70961df4426e4ab6d8d5e5596360afbd6b4700420d4aeb92e1d6d812983
UniProtKB:Q16775	proteintraitsmech:B06	OK	-0.41800333942825835	1	885b20713ab5c7ca9779fb70abb556c5400d132735598ba1e77866eb4d1ccc0d	ptm-observation:5fcf944acb3630a02bd00031e9f7e720cfc158d631c68d47f58828c281456683
UniProtKB:Q16775	proteintraitsmech:B08	OK	-0.26720779220779217	1	885b20713ab5c7ca9779fb70abb556c5400d132735598ba1e77866eb4d1ccc0d	ptm-observation:457e53fde91181a48eb65e0108117a4092f303f1cbe454e426ad3fdcb1f98495
UniProtKB:Q16775	proteintraitsmech:B09	OK		1	885b20713ab5c7ca9779fb70abb556c5400d132735598ba1e77866eb4d1ccc0d	ptm-observation:63f87288bb8e1e57cef21cc2da3d3d736f9180c228321b2aeaae32bf81e9d0d3
UniProtKB:Q16775	proteintraitsmech:B10	OK		1	885b20713ab5c7ca9779fb70abb556c5400d132735598ba1e77866eb4d1ccc0d	ptm-observation:bdc2a586ade1f0958c28f2e3c3b3b717b59990f36cc31e7f807bb0e8b6b680b5
UniProtKB:Q16775	proteintraitsmech:B13	OK		1	885b20713ab5c7ca9779fb70abb556c5400d132735598ba1e77866eb4d1ccc0d	ptm-observation:f4a2a292960ee14a3f30ccbabb3a157e94ec6be64202e9a8538c1e5c44a1ee79
UniProtKB:Q16775	proteintraitsmech:B16	OK	4.093305087830006	bit	885b20713ab5c7ca9779fb70abb556c5400d132735598ba1e77866eb4d1ccc0d	ptm-observation:57ae1c29f93aeb8a52ed441361a448b8712941c265ee37172fce5d2f45e1eaff
UniProtKB:Q16775	proteintraitsmech:B22	OK	0.18181818181818182	1	885b20713ab5c7ca9779fb70abb556c5400d132735598ba1e77866eb4d1ccc0d	ptm-observation:ac6f05fa7d72c33de34bb6012cc77eaf0dc144347b6edc6cc5ca13467138f292
UniProtKB:Q16836	proteintraitsmech:B01	OK	4.224935581917704	e	44422865b2b1a4d71288ab8fd130b74c7b913ab570a44816c7fb0f6dd6158f01	ptm-observation:f8d69614a86a057737fb3f11f6cd61adc465732b7495ed70d9be6c149b243423
UniProtKB:Q16836	proteintraitsmech:B02	OK	8.876295030117035	pH	44422865b2b1a4d71288ab8fd130b74c7b913ab570a44816c7fb0f6dd6158f01	ptm-observation:7e60c4f71c10049e9329e22de1a7ea592a1dcff0a429ff1d60664cb2b2b88bd9
UniProtKB:Q16836	proteintraitsmech:B03	OK	0.12738853503184713	1	44422865b2b1a4d71288ab8fd130b74c7b913ab570a44816c7fb0f6dd6158f01	ptm-observation:9d464c7f2a58bd939803a0ccc6b7e6e08a1515f8391718596148328ec1d9bcae
UniProtKB:Q16836	proteintraitsmech:B04	OK	0.11464968152866242	1	44422865b2b1a4d71288ab8fd130b74c7b913ab570a44816c7fb0f6dd6158f01	ptm-observation:8bc32d975331db1f5ede3b91354a15f9636cc998bec1d74a3a9ccaae66c2377f
UniProtKB:Q16836	proteintraitsmech:B05	OK	0.24203821656050956	1	44422865b2b1a4d71288ab8fd130b74c7b913ab570a44816c7fb0f6dd6158f01	ptm-observation:a3f53d2d72448a3f45d99c2225d56c68c892e8db2ff7b815a8a7a9f087ae8b21
UniProtKB:Q16836	proteintraitsmech:B06	OK	-0.7449497688903935	1	44422865b2b1a4d71288ab8fd130b74c7b913ab570a44816c7fb0f6dd6158f01	ptm-observation:83b221148e8ed11c44ef6792eb92cd0dac8490719e63ae5f4bf3221690dd19a0
UniProtKB:Q16836	proteintraitsmech:B08	OK	-0.10573248407643313	1	44422865b2b1a4d71288ab8fd130b74c7b913ab570a44816c7fb0f6dd6158f01	ptm-observation:4899d3b9bebd8dd81f6c0ccfbdf200506779bf39fba71fcb72d494d56dc71157
UniProtKB:Q16836	proteintraitsmech:B09	OK		1	44422865b2b1a4d71288ab8fd130b74c7b913ab570a44816c7fb0f6dd6158f01	ptm-observation:52ef5bd55595421225462b0312d9aff7f440319ec0dd3d78b65acc4aedf50662
UniProtKB:Q16836	proteintraitsmech:B10	OK		1	44422865b2b1a4d71288ab8fd130b74c7b913ab570a44816c7fb0f6dd6158f01	ptm-observation:9f22b1804cdd3f701bc2e9e30177735b7b60a0efc171f31421309c5b429d5c55
UniProtKB:Q16836	proteintraitsmech:B13	OK		1	44422865b2b1a4d71288ab8fd130b74c7b913ab570a44816c7fb0f6dd6158f01	ptm-observation:6250ad30145b993c75874a737d037b7486ff365d8eefa66da70da0dd934196d6
UniProtKB:Q16836	proteintraitsmech:B16	OK	4.041310862428342	bit	44422865b2b1a4d71288ab8fd130b74c7b913ab570a44816c7fb0f6dd6158f01	ptm-observation:3993c7430e2589b569a6af0de64759ca81d91d679d992e8a436555a62a8eac60
UniProtKB:Q16836	proteintraitsmech:B22	OK	0.0732484076433121	1	44422865b2b1a4d71288ab8fd130b74c7b913ab570a44816c7fb0f6dd6158f01	ptm-observation:779a076fe8d8cb3e1d7abebff972e84fcb3bd25b09aa363573b437eabf9ef15d
UniProtKB:Q2EEQ2	proteintraitsmech:B01	OK	13.561598109220947	e	f237f64072a3725057e2bbf9d08374666ba1ae9e07e1c4eba6501c1af1e79d6d	ptm-observation:8252b2f076337c1ffe2daf8f56141d5e3790f8e21b895c213b639ae6e4d12f71
UniProtKB:Q2EEQ2	proteintraitsmech:B02	OK	11.39580112695694	pH	f237f64072a3725057e2bbf9d08374666ba1ae9e07e1c4eba6501c1af1e79d6d	ptm-observation:9ca6cc06e9033ef4d07ce3d4f49bdf8312ca7585086386ae193f32fe25a74702
UniProtKB:Q2EEQ2	proteintraitsmech:B03	OK	0.34782608695652173	1	f237f64072a3725057e2bbf9d08374666ba1ae9e07e1c4eba6501c1af1e79d6d	ptm-observation:d922558465a727a6c5fe891c011516d8f716f3c38aaf6dd2fcd22b8b29331a8f
UniProtKB:Q2EEQ2	proteintraitsmech:B04	OK	0.043478260869565216	1	f237f64072a3725057e2bbf9d08374666ba1ae9e07e1c4eba6501c1af1e79d6d	ptm-observation:0160d5f2dd45fbbfa375d5b7ea606da164b3e5dd3f353a1bbce3fa6f6c9c0f79
UniProtKB:Q2EEQ2	proteintraitsmech:B05	OK	0.391304347826087	1	f237f64072a3725057e2bbf9d08374666ba1ae9e07e1c4eba6501c1af1e79d6d	ptm-observation:db1330dd67139fabd0b0e23b68252e62e15d5bf3c1a42fc80fc4f75753c96143
UniProtKB:Q2EEQ2	proteintraitsmech:B06	OK	7.380851438052256	1	f237f64072a3725057e2bbf9d08374666ba1ae9e07e1c4eba6501c1af1e79d6d	ptm-observation:79fb272a8efbc4e81bf2e22901279709f338703c1dbe6c3853aa8c1406eadc76
UniProtKB:Q2EEQ2	proteintraitsmech:B08	OK	-1.0413043478260868	1	f237f64072a3725057e2bbf9d08374666ba1ae9e07e1c4eba6501c1af1e79d6d	ptm-observation:a6b799c73e678925a0c79ae60f9db44cdb5f37eb2d6dbe7df82b5591dbd49dd0
UniProtKB:Q2EEQ2	proteintraitsmech:B09	OK		1	f237f64072a3725057e2bbf9d08374666ba1ae9e07e1c4eba6501c1af1e79d6d	ptm-observation:c3c489b90d17fa5ae6e81f860dd9fe69df4e59d0b23e5e48a9dcbb04351c856f
UniProtKB:Q2EEQ2	proteintraitsmech:B10	OK		1	f237f64072a3725057e2bbf9d08374666ba1ae9e07e1c4eba6501c1af1e79d6d	ptm-observation:15f664c89182df9f062beb41f8cea7b0ce77099897e1d42fd3f4313d1a081c52
UniProtKB:Q2EEQ2	proteintraitsmech:B13	OK		1	f237f64072a3725057e2bbf9d08374666ba1ae9e07e1c4eba6501c1af1e79d6d	ptm-observation:082b9e297348c113fb0c2a928ab0586ea572615e73d52b972cce4dd809cc0e91
UniProtKB:Q2EEQ2	proteintraitsmech:B16	OK	3.8510468045451107	bit	f237f64072a3725057e2bbf9d08374666ba1ae9e07e1c4eba6501c1af1e79d6d	ptm-observation:81a7df5556b1846d8dc7adfa3e5129804b15270c339af28284683d6684c723e8
UniProtKB:Q2EEQ2	proteintraitsmech:B22	OK	0.0	1	f237f64072a3725057e2bbf9d08374666ba1ae9e07e1c4eba6501c1af1e79d6d	ptm-observation:0d3a7e3f786e7b79728a800bedfc982019b4db23d8357b61f9f2bbe9aca5412f
UniProtKB:Q39096	proteintraitsmech:B01	OK	-11.289648451234521	e	8280bd8d58e417d31472ff74ef2421aee655b6fc43e59ddcbd4fb5879252fb70	ptm-observation:80f424933fa090e6821d5675f6f609419c85808db3805e9fac29a39fdeca26a6
UniProtKB:Q39096	proteintraitsmech:B02	OK	4.510953962802887	pH	8280bd8d58e417d31472ff74ef2421aee655b6fc43e59ddcbd4fb5879252fb70	ptm-observation:4e6bfd0aeefb413e59ed226ca1e8d0d8a49c4e5dd0ca2851cd2488899bbbc039
UniProtKB:Q39096	proteintraitsmech:B03	OK	0.09202453987730061	1	8280bd8d58e417d31472ff74ef2421aee655b6fc43e59ddcbd4fb5879252fb70	ptm-observation:9c48a4d7dbce9ab7ec68496d835b55cac95535ae3970dcb2d021ff7937379cfc
UniProtKB:Q39096	proteintraitsmech:B04	OK	0.15950920245398773	1	8280bd8d58e417d31472ff74ef2421aee655b6fc43e59ddcbd4fb5879252fb70	ptm-observation:426ddf18a7a7275c61bb9ca798d5443fb86376ca5244ed1c2878cda71bf00c9c
UniProtKB:Q39096	proteintraitsmech:B05	OK	0.25153374233128833	1	8280bd8d58e417d31472ff74ef2421aee655b6fc43e59ddcbd4fb5879252fb70	ptm-observation:039bd48ffff6801e7e8f812218a85f1e8a9437f71a75502458e0b4c95d1b126e
UniProtKB:Q39096	proteintraitsmech:B06	OK	-2.275447555400927	1	8280bd8d58e417d31472ff74ef2421aee655b6fc43e59ddcbd4fb5879252fb70	ptm-observation:96b31fd16d976abd65b5c94cb86141b9817f725e1482c673181f6c191797d001
UniProtKB:Q39096	proteintraitsmech:B08	OK	-0.8055214723926382	1	8280bd8d58e417d31472ff74ef2421aee655b6fc43e59ddcbd4fb5879252fb70	ptm-observation:c61fd4a2ad3e685c6b1e7922f01a4c110a43d3b8af99ed95561ccc22ff5ff850
UniProtKB:Q39096	proteintraitsmech:B09	OK		1	8280bd8d58e417d31472ff74ef2421aee655b6fc43e59ddcbd4fb5879252fb70	ptm-observation:59bbb34b005a49d7c64d1465fc189c0ed7f6b610c928ab9b25cb6de703b79a91
UniProtKB:Q39096	proteintraitsmech:B10	OK		1	8280bd8d58e417d31472ff74ef2421aee655b6fc43e59ddcbd4fb5879252fb70	ptm-observation:2edbc12e6bef8a49fdc0314d72699df6ab1a752df83ae0224b34f821105edd54
UniProtKB:Q39096	proteintraitsmech:B13	OK		1	8280bd8d58e417d31472ff74ef2421aee655b6fc43e59ddcbd4fb5879252fb70	ptm-observation:3b60399b6ccea4f6aedb43bfb79b34ef1136037ffa2d0dc9793fbefb04c8d894
UniProtKB:Q39096	proteintraitsmech:B16	OK	4.106354911633292	bit	8280bd8d58e417d31472ff74ef2421aee655b6fc43e59ddcbd4fb5879252fb70	ptm-observation:6d216fb4937168b11b0c9788505cf9bf562809c861a2eb94f4df430303451f27
UniProtKB:Q39096	proteintraitsmech:B22	OK	0.7423312883435583	1	8280bd8d58e417d31472ff74ef2421aee655b6fc43e59ddcbd4fb5879252fb70	ptm-observation:70989205dce3bf81b57555b17a78bc05a8d3749d9d57f70b513f6d592f942487
UniProtKB:Q3ED65	proteintraitsmech:B01	OK	0.7235931799596059	e	afa10b3b13bd9e87907c21ad743de4006303f872171654031924cf4709fd063f	ptm-observation:559a6e9f5e7a923f9ef7f890433eea1f85d361fb9e3df55142f83383fb767529
UniProtKB:Q3ED65	proteintraitsmech:B02	OK	7.539299309253693	pH	afa10b3b13bd9e87907c21ad743de4006303f872171654031924cf4709fd063f	ptm-observation:1c7be008ca3b6952df5be7f0f1f38089b2314d92d8f83b43339210464255ac35
UniProtKB:Q3ED65	proteintraitsmech:B03	OK	0.11494252873563218	1	afa10b3b13bd9e87907c21ad743de4006303f872171654031924cf4709fd063f	ptm-observation:6b93a3863334346a39c37e262dd55ef15c80617494de431e61c457f3565c3ef0
UniProtKB:Q3ED65	proteintraitsmech:B04	OK	0.1111111111111111	1	afa10b3b13bd9e87907c21ad743de4006303f872171654031924cf4709fd063f	ptm-observation:426d66d9f45120216ac487ec6e8862bb522714219c1c588b6670181582fb8b37
UniProtKB:Q3ED65	proteintraitsmech:B05	OK	0.2260536398467433	1	afa10b3b13bd9e87907c21ad743de4006303f872171654031924cf4709fd063f	ptm-observation:67500524c3388cc6c07fc8ff31acb2842c15adfaf02ab00b11743564b2874a65
UniProtKB:Q3ED65	proteintraitsmech:B06	OK	-2.1724088262017327	1	afa10b3b13bd9e87907c21ad743de4006303f872171654031924cf4709fd063f	ptm-observation:be75058cb5866597c061a579b893ecc58c91e73b51630acc7fd141065f7152f7
UniProtKB:Q3ED65	proteintraitsmech:B08	OK	-0.042145593869731816	1	afa10b3b13bd9e87907c21ad743de4006303f872171654031924cf4709fd063f	ptm-observation:3ed66427a0047ddf9d0e3f5b24a335ed48c9956ce9ef0e12f1ba22fbb4ab502e
UniProtKB:Q3ED65	proteintraitsmech:B09	OK		1	afa10b3b13bd9e87907c21ad743de4006303f872171654031924cf4709fd063f	ptm-observation:6e1042511fc0d4d80623bdb03242ba8634cbefe89741246faaea7601576d41a5
UniProtKB:Q3ED65	proteintraitsmech:B10	OK		1	afa10b3b13bd9e87907c21ad743de4006303f872171654031924cf4709fd063f	ptm-observation:229649ecece2b5e6ae60fa8b8e8c1e0d854fd3390e29e4edb196fadb47e9b1ad
UniProtKB:Q3ED65	proteintraitsmech:B13	OK		1	afa10b3b13bd9e87907c21ad743de4006303f872171654031924cf4709fd063f	ptm-observation:f88efd6105434429f6c9c2eabcb46fc8f3ba3c720f1fb6d9464949258353abc3
UniProtKB:Q3ED65	proteintraitsmech:B16	OK	4.1358174475276215	bit	afa10b3b13bd9e87907c21ad743de4006303f872171654031924cf4709fd063f	ptm-observation:285aecc6adb7837ff68eabac63c25367ab7885a15f6679cecdf83f58674a67cc
UniProtKB:Q3ED65	proteintraitsmech:B22	OK	0.16091954022988506	1	afa10b3b13bd9e87907c21ad743de4006303f872171654031924cf4709fd063f	ptm-observation:2348af9f9d0023471e2e4b55a38d6351a8b9441c4302791847b9cc1db9210f24
UniProtKB:Q3TTY0	proteintraitsmech:B01	OK	-6.9056745911455	e	3e280b05fbb7a6d92d2e842b50271cd83b7ce04c58c8d2d3df01caf343dd2fde	ptm-observation:d89f494fd1074ace4236b945485f634494e44932e76c053199ef8c66c9176efc
UniProtKB:Q3TTY0	proteintraitsmech:B02	OK	6.429809629917145	pH	3e280b05fbb7a6d92d2e842b50271cd83b7ce04c58c8d2d3df01caf343dd2fde	ptm-observation:5a867abfee547c14420f7188355c3986900db1c675a70a377556ffe69c5cd03b
UniProtKB:Q3TTY0	proteintraitsmech:B03	OK	0.10148849797023005	1	3e280b05fbb7a6d92d2e842b50271cd83b7ce04c58c8d2d3df01caf343dd2fde	ptm-observation:69d4227377b9a512c1dd213f90e139ee02f84fe885809a418ac0251265f0d97c
UniProtKB:Q3TTY0	proteintraitsmech:B04	OK	0.10757780784844384	1	3e280b05fbb7a6d92d2e842b50271cd83b7ce04c58c8d2d3df01caf343dd2fde	ptm-observation:c90adf2f4e1a8e3171316db6a0edacb487d706ff7be96c14bd2271267c0d85c4
UniProtKB:Q3TTY0	proteintraitsmech:B05	OK	0.2090663058186739	1	3e280b05fbb7a6d92d2e842b50271cd83b7ce04c58c8d2d3df01caf343dd2fde	ptm-observation:e32a7201ae027f5af37d0936d339c9212982d07b182c671be401aef75eb8ae0b
UniProtKB:Q3TTY0	proteintraitsmech:B06	OK	-0.06468546613942378	1	3e280b05fbb7a6d92d2e842b50271cd83b7ce04c58c8d2d3df01caf343dd2fde	ptm-observation:f67c4f3f87e0b30a2373b3d59337b6d57535dcfb48b11a5997e7d7009b93d83b
UniProtKB:Q3TTY0	proteintraitsmech:B08	OK	-0.3227334235453316	1	3e280b05fbb7a6d92d2e842b50271cd83b7ce04c58c8d2d3df01caf343dd2fde	ptm-observation:91aa64d8208a3670fcbef0ea647ff673b964409942d0f33f80ad4aba17fbf9db
UniProtKB:Q3TTY0	proteintraitsmech:B09	OK		1	3e280b05fbb7a6d92d2e842b50271cd83b7ce04c58c8d2d3df01caf343dd2fde	ptm-observation:08138cb79deea7837c13f76890231fac3f28b10236d3db302e7398719e7865f4
UniProtKB:Q3TTY0	proteintraitsmech:B10	OK		1	3e280b05fbb7a6d92d2e842b50271cd83b7ce04c58c8d2d3df01caf343dd2fde	ptm-observation:c3bc215380324fddf6a4b70c7c0fc0328b4d4703cf57a52d8c39a97446589ff4
UniProtKB:Q3TTY0	proteintraitsmech:B13	OK		1	3e280b05fbb7a6d92d2e842b50271cd83b7ce04c58c8d2d3df01caf343dd2fde	ptm-observation:cdd800159db56a9e20ad9bd8c15437f3bb48c130740865f1c17b82b906e50251
UniProtKB:Q3TTY0	proteintraitsmech:B16	OK	4.175490685509005	bit	3e280b05fbb7a6d92d2e842b50271cd83b7ce04c58c8d2d3df01caf343dd2fde	ptm-observation:6d533f860649ff6e4a4536f2275d696ea8edae00b46c6310088085ec878fb9de
UniProtKB:Q3TTY0	proteintraitsmech:B22	OK	0.07171853856562922	1	3e280b05fbb7a6d92d2e842b50271cd83b7ce04c58c8d2d3df01caf343dd2fde	ptm-observation:b4137e896d7d63f2faed7132ee6c475be836bd7fb610ce8515198c9b4d917e5d
UniProtKB:Q43125	proteintraitsmech:B01	OK	-22.98947109556181	e	7db540248f6925648b58dfa9ef18aa637588745dc09efe6845a4f156e1365c9e	ptm-observation:a6735858ae8e62c436e7336ded1759fe4519bfb521bf05a9e7a38fdf45bfd18f
UniProtKB:Q43125	proteintraitsmech:B02	OK	5.232827126979828	pH	7db540248f6925648b58dfa9ef18aa637588745dc09efe6845a4f156e1365c9e	ptm-observation:291896913c293945a141989d163fe54acdf2f38fc203137589b039b7ca5cadaf
UniProtKB:Q43125	proteintraitsmech:B03	OK	0.1027900146842878	1	7db540248f6925648b58dfa9ef18aa637588745dc09efe6845a4f156e1365c9e	ptm-observation:892895596b3a1ce46be96042967ab21cca707987de77832d9006c70c58782d1d
UniProtKB:Q43125	proteintraitsmech:B04	OK	0.13803230543318648	1	7db540248f6925648b58dfa9ef18aa637588745dc09efe6845a4f156e1365c9e	ptm-observation:f17db4381a6d4a452b614b426f54b649af656a62e50d7909d8041c3df9200b49
UniProtKB:Q43125	proteintraitsmech:B05	OK	0.24082232011747431	1	7db540248f6925648b58dfa9ef18aa637588745dc09efe6845a4f156e1365c9e	ptm-observation:b95dafbf08deb66da3f0a0604f90a81cbb0ce3cda009669b4569dde7637b553c
UniProtKB:Q43125	proteintraitsmech:B06	OK	2.965816990807332	1	7db540248f6925648b58dfa9ef18aa637588745dc09efe6845a4f156e1365c9e	ptm-observation:6c6d750243ec6c067b9e14eea1eaf1257034dd1c149e15c16bccc161a1bbcc08
UniProtKB:Q43125	proteintraitsmech:B08	OK	-0.46784140969163	1	7db540248f6925648b58dfa9ef18aa637588745dc09efe6845a4f156e1365c9e	ptm-observation:fa9cda9185becec1ee379fb7defdf5622c782b2c8488181bb6cadacd55a35895
UniProtKB:Q43125	proteintraitsmech:B09	OK		1	7db540248f6925648b58dfa9ef18aa637588745dc09efe6845a4f156e1365c9e	ptm-observation:024569865a3e503ce6eb0f19743908bad68e75689938c002ebc2419e75c3788e
UniProtKB:Q43125	proteintraitsmech:B10	OK		1	7db540248f6925648b58dfa9ef18aa637588745dc09efe6845a4f156e1365c9e	ptm-observation:23e35b74e47d9ff7721c7bd01e5117a03f587cd0f258335c7e9bf941970898c2
UniProtKB:Q43125	proteintraitsmech:B13	OK		1	7db540248f6925648b58dfa9ef18aa637588745dc09efe6845a4f156e1365c9e	ptm-observation:278ecbaa45503427201b1d606ccf33ff25a31ea6a47f40627a304cb50a1354f3
UniProtKB:Q43125	proteintraitsmech:B16	OK	4.119715409325359	bit	7db540248f6925648b58dfa9ef18aa637588745dc09efe6845a4f156e1365c9e	ptm-observation:b7d43a6b0889acca06fae5672bdf0cad223b22b3614235f8f841d5835c5cc75d
UniProtKB:Q43125	proteintraitsmech:B22	OK	0.2922173274596182	1	7db540248f6925648b58dfa9ef18aa637588745dc09efe6845a4f156e1365c9e	ptm-observation:75816853a096510f9176b5d55205634357f7f23c65e0bfc79aa1d5cb9cae8739
UniProtKB:Q57764	proteintraitsmech:B01	OK	-5.321573486499787	e	7a90149280e12494ee274a6bca24b614c6bc65f6c6b1c7b49a5bc3ae2120115b	ptm-observation:0c9fbcd82487ae6fa4de18351751f1abbfd223a06b0207571408d7cfa8a512b7
UniProtKB:Q57764	proteintraitsmech:B02	OK	5.105269968509674	pH	7a90149280e12494ee274a6bca24b614c6bc65f6c6b1c7b49a5bc3ae2120115b	ptm-observation:b21455375d7b70ea98c976fc8737126dc4472e16a1806fb2e73e7fd3da7bb6c1
UniProtKB:Q57764	proteintraitsmech:B03	OK	0.09090909090909091	1	7a90149280e12494ee274a6bca24b614c6bc65f6c6b1c7b49a5bc3ae2120115b	ptm-observation:b82a4c2f585c8721ed2e4abd8850a91f45d34185b4ebe30c10e8d409358ad907
UniProtKB:Q57764	proteintraitsmech:B04	OK	0.12121212121212122	1	7a90149280e12494ee274a6bca24b614c6bc65f6c6b1c7b49a5bc3ae2120115b	ptm-observation:15c26f4c0b56d35cb941593f3d13bcdfb493c512d2bf83cf1780472e506405cb
UniProtKB:Q57764	proteintraitsmech:B05	OK	0.21212121212121213	1	7a90149280e12494ee274a6bca24b614c6bc65f6c6b1c7b49a5bc3ae2120115b	ptm-observation:ff13b14c9da8e5f7a5181b3b59fa4354d5e92fe369a1cc21c4febb4028b0cc60
UniProtKB:Q57764	proteintraitsmech:B06	OK	0.18623936142230424	1	7a90149280e12494ee274a6bca24b614c6bc65f6c6b1c7b49a5bc3ae2120115b	ptm-observation:bba13a6310189bcb5367cdde8514ca13fa48df4da8c9720e1e280e3a76e9109c
UniProtKB:Q57764	proteintraitsmech:B08	OK	0.1618181818181818	1	7a90149280e12494ee274a6bca24b614c6bc65f6c6b1c7b49a5bc3ae2120115b	ptm-observation:28408c6e7b95708b11cfd0234d004c67165c053437bfccf155949d00aae7dd4e
UniProtKB:Q57764	proteintraitsmech:B09	OK		1	7a90149280e12494ee274a6bca24b614c6bc65f6c6b1c7b49a5bc3ae2120115b	ptm-observation:6193eeafbca8190344c5493d075add0a2b0a6af71432c133f9d59e8f412a5849
UniProtKB:Q57764	proteintraitsmech:B10	OK		1	7a90149280e12494ee274a6bca24b614c6bc65f6c6b1c7b49a5bc3ae2120115b	ptm-observation:142b8702410f05c2ef361f6bd7bcb8281a9f7c8298b5bd0ba6a26bda8f86a47a
UniProtKB:Q57764	proteintraitsmech:B13	OK		1	7a90149280e12494ee274a6bca24b614c6bc65f6c6b1c7b49a5bc3ae2120115b	ptm-observation:813c0877d12d850904a32aebca9e29aeada4db6412cf91452ac7da8da4089d7e
UniProtKB:Q57764	proteintraitsmech:B16	OK	3.9834914087585505	bit	7a90149280e12494ee274a6bca24b614c6bc65f6c6b1c7b49a5bc3ae2120115b	ptm-observation:d118bc198cc7ec49f09b2d07afe264bf3115156025495d9e192f883b2494e016
UniProtKB:Q57764	proteintraitsmech:B22	OK	0.0	1	7a90149280e12494ee274a6bca24b614c6bc65f6c6b1c7b49a5bc3ae2120115b	ptm-observation:adb61eb51ab849d09b8d6033b515c20f362de5ed14d035a5f9723f8468dd48aa
UniProtKB:Q58346	proteintraitsmech:B01	OK	-18.782554070986713	e	ea7a97848bc9e4d0e92ef7eab7e4b60ed42ce7b37eedcb49c00c9b875a937560	ptm-observation:195b3650b82bf564e44001e3bac93f7bdc0b7407661a3b6cae6cde80d6ea6251
UniProtKB:Q58346	proteintraitsmech:B02	OK	4.6123756766319275	pH	ea7a97848bc9e4d0e92ef7eab7e4b60ed42ce7b37eedcb49c00c9b875a937560	ptm-observation:ff76cbea0588242324e0d77238eb90bcaa063859a31d224daf0e729ba98c7d8c
UniProtKB:Q58346	proteintraitsmech:B03	OK	0.08433734939759036	1	ea7a97848bc9e4d0e92ef7eab7e4b60ed42ce7b37eedcb49c00c9b875a937560	ptm-observation:ca194bdaa8bac044c58955f659e9070d557404bbbccf74d54e4674991c83301e
UniProtKB:Q58346	proteintraitsmech:B04	OK	0.19879518072289157	1	ea7a97848bc9e4d0e92ef7eab7e4b60ed42ce7b37eedcb49c00c9b875a937560	ptm-observation:8c0f5dc285985600b98ce22d5cf71cce3f1da05de03b16a1964561f6f0c45670
UniProtKB:Q58346	proteintraitsmech:B05	OK	0.28313253012048195	1	ea7a97848bc9e4d0e92ef7eab7e4b60ed42ce7b37eedcb49c00c9b875a937560	ptm-observation:8b792f98ab4a48aaf02d8abd608092afb630952af63b4497737847e6cd969c7b
UniProtKB:Q58346	proteintraitsmech:B06	OK	6.739678902313211	1	ea7a97848bc9e4d0e92ef7eab7e4b60ed42ce7b37eedcb49c00c9b875a937560	ptm-observation:27feea5e37fa62fbe6435101cc4f39a192c5916358f17e2671e71a859a170e9d
UniProtKB:Q58346	proteintraitsmech:B08	OK	-0.1313253012048193	1	ea7a97848bc9e4d0e92ef7eab7e4b60ed42ce7b37eedcb49c00c9b875a937560	ptm-observation:c5a1cb3cee0876c0b0f46e8525cb061786a70ab9b73a08e8a2e480def4817b72
UniProtKB:Q58346	proteintraitsmech:B09	OK		1	ea7a97848bc9e4d0e92ef7eab7e4b60ed42ce7b37eedcb49c00c9b875a937560	ptm-observation:19506e3ab3d757d022ab22368b38828897171ab42e05b5cae2d6cf95c7e12154
UniProtKB:Q58346	proteintraitsmech:B10	OK		1	ea7a97848bc9e4d0e92ef7eab7e4b60ed42ce7b37eedcb49c00c9b875a937560	ptm-observation:e703c62993a800e61e8a7240ea6c6b4b1cdb5c308f04dcc2cc313fa4ec125247
UniProtKB:Q58346	proteintraitsmech:B13	OK		1	ea7a97848bc9e4d0e92ef7eab7e4b60ed42ce7b37eedcb49c00c9b875a937560	ptm-observation:dedaed0e8c27a0ff9bc32fa5727e020c50873de52c47a44677e44b2f4ba8b7a7
UniProtKB:Q58346	proteintraitsmech:B16	OK	3.9937009606792264	bit	ea7a97848bc9e4d0e92ef7eab7e4b60ed42ce7b37eedcb49c00c9b875a937560	ptm-observation:c00738cdad979a0a587cf8d1e271d59c83c3d33c87e609bfac1566a51d79256e
UniProtKB:Q58346	proteintraitsmech:B22	OK	0.0	1	ea7a97848bc9e4d0e92ef7eab7e4b60ed42ce7b37eedcb49c00c9b875a937560	ptm-observation:44a51ee3f610c8607522e5573263bba3f3e13b9fe28cec8dbc56cc9a5c88a448
UniProtKB:Q58530	proteintraitsmech:B01	OK	-6.412375238859294	e	cb5e69ffdab7a1c916ce2145d529d85f2863e4bd67c4563769198c0621775435	ptm-observation:f802d8301a61df437a926bd5046292f03b5bf813888a1bb3acbb5ea4cc1cffcb
UniProtKB:Q58530	proteintraitsmech:B02	OK	6.039488613605499	pH	cb5e69ffdab7a1c916ce2145d529d85f2863e4bd67c4563769198c0621775435	ptm-observation:c0463c7bc8dfe4d9f31d046a1e0e69229d0c0352bde317a19b02bf313ab9888e
UniProtKB:Q58530	proteintraitsmech:B03	OK	0.14018691588785046	1	cb5e69ffdab7a1c916ce2145d529d85f2863e4bd67c4563769198c0621775435	ptm-observation:203c3413220d775b54e4ee10389ddfd5054bca302e1eeaea514e72f5d204120d
UniProtKB:Q58530	proteintraitsmech:B04	OK	0.15327102803738318	1	cb5e69ffdab7a1c916ce2145d529d85f2863e4bd67c4563769198c0621775435	ptm-observation:77a847468f5158b2ff6468909d6f4b351f60eda13dc94e077db5a1b62a3e46e0
UniProtKB:Q58530	proteintraitsmech:B05	OK	0.29345794392523367	1	cb5e69ffdab7a1c916ce2145d529d85f2863e4bd67c4563769198c0621775435	ptm-observation:be613cb28038604899857100b01508a650baceaf45374a6f541105475406c094
UniProtKB:Q58530	proteintraitsmech:B06	OK	-0.09448679285218622	1	cb5e69ffdab7a1c916ce2145d529d85f2863e4bd67c4563769198c0621775435	ptm-observation:31f900d48703b8fb8b458220edf7209d21606a4f719ac77aeda27e0b07c6dc7e
UniProtKB:Q58530	proteintraitsmech:B08	OK	-0.24654205607476637	1	cb5e69ffdab7a1c916ce2145d529d85f2863e4bd67c4563769198c0621775435	ptm-observation:b6402466e540a38008ce76c2da2d0eac4b13fa7c4fd22e361b0bb51f973f9223
UniProtKB:Q58530	proteintraitsmech:B09	OK		1	cb5e69ffdab7a1c916ce2145d529d85f2863e4bd67c4563769198c0621775435	ptm-observation:b3fc6e7a552df8a220450b27958c8976e9c631dc7819f65fb73af395d8ce384b
UniProtKB:Q58530	proteintraitsmech:B10	OK		1	cb5e69ffdab7a1c916ce2145d529d85f2863e4bd67c4563769198c0621775435	ptm-observation:81473568aba54fb526b9ff9af492dfb8821b94ca955ee19bda297dfea2d6dac6
UniProtKB:Q58530	proteintraitsmech:B13	OK		1	cb5e69ffdab7a1c916ce2145d529d85f2863e4bd67c4563769198c0621775435	ptm-observation:d511d8e508e9f04c73dbbe38437163575dbb4aa79707fb76e1ffd89314779578
UniProtKB:Q58530	proteintraitsmech:B16	OK	4.095959418649013	bit	cb5e69ffdab7a1c916ce2145d529d85f2863e4bd67c4563769198c0621775435	ptm-observation:d1b14203b8e31372fd91925674c5a434f6c561cf9da5de77ddcfc895cbbfbdb4
UniProtKB:Q58530	proteintraitsmech:B22	OK	0.0	1	cb5e69ffdab7a1c916ce2145d529d85f2863e4bd67c4563769198c0621775435	ptm-observation:54a2242a360984e1bd96bdb45b05b54f0d69a411d3ac60be4dbf726708d84676
UniProtKB:Q58819	proteintraitsmech:B01	OK	3.768071907293715	e	0a9831540796113a2714bee643a6f3317060b8d25ea1ee2af84219ac21c3cd3f	ptm-observation:72f3107b7f39c8a9a57c3e15ed20b9aac4150c236d49b238e8f96f91f509f29f
UniProtKB:Q58819	proteintraitsmech:B02	OK	8.949500977993011	pH	0a9831540796113a2714bee643a6f3317060b8d25ea1ee2af84219ac21c3cd3f	ptm-observation:d12f438330815d358c857d5e29616212654a3fdf0f238b4d6a31a676811b69ad
UniProtKB:Q58819	proteintraitsmech:B03	OK	0.1564245810055866	1	0a9831540796113a2714bee643a6f3317060b8d25ea1ee2af84219ac21c3cd3f	ptm-observation:bc972f7f5933260087f35b459676435550b79b85211c0afac76fb6b64ea5fb4b
UniProtKB:Q58819	proteintraitsmech:B04	OK	0.1340782122905028	1	0a9831540796113a2714bee643a6f3317060b8d25ea1ee2af84219ac21c3cd3f	ptm-observation:e142a0fa4da72a800129bfd689c6f3938138044b9c09f099922fadd9b8d249b8
UniProtKB:Q58819	proteintraitsmech:B05	OK	0.2905027932960894	1	0a9831540796113a2714bee643a6f3317060b8d25ea1ee2af84219ac21c3cd3f	ptm-observation:cdd3be71aaa6a6273c20bfea1ecbae80d121c423765f20182c29fa1b3e85e23a
UniProtKB:Q58819	proteintraitsmech:B06	OK	-0.19519524236571384	1	0a9831540796113a2714bee643a6f3317060b8d25ea1ee2af84219ac21c3cd3f	ptm-observation:f087c48b23eccf331aa56de3ec769ae69d2495661b8c3eac781263e499091da5
UniProtKB:Q58819	proteintraitsmech:B08	OK	-0.1592178770949721	1	0a9831540796113a2714bee643a6f3317060b8d25ea1ee2af84219ac21c3cd3f	ptm-observation:cba26233ca378a8c8e2e61af8188b4f99b441ab3c7805827e84aec51620e3017
UniProtKB:Q58819	proteintraitsmech:B09	OK		1	0a9831540796113a2714bee643a6f3317060b8d25ea1ee2af84219ac21c3cd3f	ptm-observation:1d538824f115d72d4a8a7480c3eaf759f6985d6b14b48e5d7cc95a9164dc9d5e
UniProtKB:Q58819	proteintraitsmech:B10	OK		1	0a9831540796113a2714bee643a6f3317060b8d25ea1ee2af84219ac21c3cd3f	ptm-observation:5d9a3465e87bbda7d5be413ef5cffe198a5c7d1996768d83f35b66d8d26bff0d
UniProtKB:Q58819	proteintraitsmech:B13	OK		1	0a9831540796113a2714bee643a6f3317060b8d25ea1ee2af84219ac21c3cd3f	ptm-observation:770f35829b0540a07227c5bf4c95b9d2c3b152f5a8b3f10c4d5ab2f2051dbc85
UniProtKB:Q58819	proteintraitsmech:B16	OK	3.934315526936498	bit	0a9831540796113a2714bee643a6f3317060b8d25ea1ee2af84219ac21c3cd3f	ptm-observation:7d6e87fdd9c0e710a75d23121922879eea3ba2d8b8c7166bea39c0e4d179072a
UniProtKB:Q58819	proteintraitsmech:B22	OK	0.0	1	0a9831540796113a2714bee643a6f3317060b8d25ea1ee2af84219ac21c3cd3f	ptm-observation:5539088128b90b178931fc2378f6eafbdc2b7afbdd77c9f4aad05d080894ba6d
UniProtKB:Q5T0W9	proteintraitsmech:B01	OK	18.4475030046044	e	53a61772010cd03c028d31fc91c8c291e43720f7803880522e43bbacb2bb126e	ptm-observation:690918d79c6df99a31b64f6ce675767dffebccc321f8e2273a61f8a35cc06889
UniProtKB:Q5T0W9	proteintraitsmech:B02	OK	9.03710561990738	pH	53a61772010cd03c028d31fc91c8c291e43720f7803880522e43bbacb2bb126e	ptm-observation:6cac0e612ab4771eb5851943a9bb5421eba2a536d875b6522e2b9421e971fd0b
UniProtKB:Q5T0W9	proteintraitsmech:B03	OK	0.13353115727002968	1	53a61772010cd03c028d31fc91c8c291e43720f7803880522e43bbacb2bb126e	ptm-observation:c9572f529ed0be4ea3badd6a0ce0cb6853c97b6167dfa9469d570599916ef870
UniProtKB:Q5T0W9	proteintraitsmech:B04	OK	0.11770524233432245	1	53a61772010cd03c028d31fc91c8c291e43720f7803880522e43bbacb2bb126e	ptm-observation:018ff4b9be552dbebb2f54ee62f4f1f0f7ab11ae71643049a00a7cac55a22bd7
UniProtKB:Q5T0W9	proteintraitsmech:B05	OK	0.2512363996043521	1	53a61772010cd03c028d31fc91c8c291e43720f7803880522e43bbacb2bb126e	ptm-observation:0e181d12bcc6f2073b467e12e8f6fd8c0e1396c8c597e8c1dd64218a40a6e70e
UniProtKB:Q5T0W9	proteintraitsmech:B06	OK	-3.52298858312237	1	53a61772010cd03c028d31fc91c8c291e43720f7803880522e43bbacb2bb126e	ptm-observation:b2e1136c67424c70d17af43e79e6ca7beb3d5d744068d89e062ea57059fce1fe
UniProtKB:Q5T0W9	proteintraitsmech:B08	OK	-0.8614243323442137	1	53a61772010cd03c028d31fc91c8c291e43720f7803880522e43bbacb2bb126e	ptm-observation:a88624a488e8ab589410cea96cc2e8bfeb0b0ad03e1dd1c9b0b74d3804bc661f
UniProtKB:Q5T0W9	proteintraitsmech:B09	OK		1	53a61772010cd03c028d31fc91c8c291e43720f7803880522e43bbacb2bb126e	ptm-observation:bb9c5bce93c7dbec39c5bd1e91759ced64dc4f36b593ac671f8a110fbeeed165
UniProtKB:Q5T0W9	proteintraitsmech:B10	OK		1	53a61772010cd03c028d31fc91c8c291e43720f7803880522e43bbacb2bb126e	ptm-observation:548ba5ebceedde327f668841b6a864328acbdb702a890675c446c2fa163ac57c
UniProtKB:Q5T0W9	proteintraitsmech:B13	OK		1	53a61772010cd03c028d31fc91c8c291e43720f7803880522e43bbacb2bb126e	ptm-observation:efba2be39fcd907b2db61d1d347d28e08f6b52d3d56deaf9aea681cef5f66a97
UniProtKB:Q5T0W9	proteintraitsmech:B16	OK	4.117069505552689	bit	53a61772010cd03c028d31fc91c8c291e43720f7803880522e43bbacb2bb126e	ptm-observation:36f440b7fdefa7c5940b6c966801ac3a356f87306999525390333ad70ce6612e
UniProtKB:Q5T0W9	proteintraitsmech:B22	OK	0.7576656775469832	1	53a61772010cd03c028d31fc91c8c291e43720f7803880522e43bbacb2bb126e	ptm-observation:b1e3f5a5da805f85c57f2cbfb454b97301a2f0118a3fc4f8d37c3f283b95a062
UniProtKB:Q5XPJ6	proteintraitsmech:B01	OK	-106.839934950298	e	62d5757d6ad2dd35e45f5b8c5d8a91dae71607b5bc86fb08adcd529224c08392	ptm-observation:f6246f0d5f0608f5d1fe1d2a94fb9e61ab6a34cc2f9521a928ddf93f0cdac7f7
UniProtKB:Q5XPJ6	proteintraitsmech:B02	OK	4.5615333914756775	pH	62d5757d6ad2dd35e45f5b8c5d8a91dae71607b5bc86fb08adcd529224c08392	ptm-observation:742a7d1b7588482f0a5f02b0fa659e640af5d8c679e9756e8d8354944ebe38b5
UniProtKB:Q5XPJ6	proteintraitsmech:B03	OK	0.07435897435897436	1	62d5757d6ad2dd35e45f5b8c5d8a91dae71607b5bc86fb08adcd529224c08392	ptm-observation:1e1498710433cd6daf0fe253fb0774a84b80b6a21deb6f77d30ae317cbd656dc
UniProtKB:Q5XPJ6	proteintraitsmech:B04	OK	0.1683760683760684	1	62d5757d6ad2dd35e45f5b8c5d8a91dae71607b5bc86fb08adcd529224c08392	ptm-observation:dd3c2f28de0f1cac7ee0f2a4febe8e139915b360b143450cbce51dee813a0b87
UniProtKB:Q5XPJ6	proteintraitsmech:B05	OK	0.24273504273504273	1	62d5757d6ad2dd35e45f5b8c5d8a91dae71607b5bc86fb08adcd529224c08392	ptm-observation:6487d781c911e9183fe448659e6a31406437a2d3afb816de54a0595519fde5d6
UniProtKB:Q5XPJ6	proteintraitsmech:B06	OK	79.9582011455238	1	62d5757d6ad2dd35e45f5b8c5d8a91dae71607b5bc86fb08adcd529224c08392	ptm-observation:065a8830606770b94c08f36165d5a1a34c4289aecba6f2c3af195795d3879abd
UniProtKB:Q5XPJ6	proteintraitsmech:B08	OK	-0.6780341880341881	1	62d5757d6ad2dd35e45f5b8c5d8a91dae71607b5bc86fb08adcd529224c08392	ptm-observation:8ad0ab04ff04f7d900dcd07954742064724a03b712810178f87318ace062707c
UniProtKB:Q5XPJ6	proteintraitsmech:B09	OK		1	62d5757d6ad2dd35e45f5b8c5d8a91dae71607b5bc86fb08adcd529224c08392	ptm-observation:79b4996b5a7e3dfa8cffc2a88158b57fa767d961ae5d31d26cf297bb69a8032d
UniProtKB:Q5XPJ6	proteintraitsmech:B10	OK		1	62d5757d6ad2dd35e45f5b8c5d8a91dae71607b5bc86fb08adcd529224c08392	ptm-observation:770174dccd20aa1e13070c141054b146b0a1d57f5238a157aad81bf9801e0608
UniProtKB:Q5XPJ6	proteintraitsmech:B13	OK		1	62d5757d6ad2dd35e45f5b8c5d8a91dae71607b5bc86fb08adcd529224c08392	ptm-observation:9d523c8401970827dd80c372b68e90e6b1ead0d6b7825b2a78cdcf0202674141
UniProtKB:Q5XPJ6	proteintraitsmech:B16	OK	4.082343055290932	bit	62d5757d6ad2dd35e45f5b8c5d8a91dae71607b5bc86fb08adcd529224c08392	ptm-observation:6382bb2b50a5f87657ea7df9739efe408d47afdc10cff3c170fb83fa0f1a7c6b
UniProtKB:Q5XPJ6	proteintraitsmech:B22	OK	0.9230769230769231	1	62d5757d6ad2dd35e45f5b8c5d8a91dae71607b5bc86fb08adcd529224c08392	ptm-observation:85e913175547ff2a10f33f6218ec7d413b4a3300b2a21e898bcc8f0f5f8eab73
UniProtKB:Q6NMJ2	proteintraitsmech:B01	OK	-7.357807501840545	e	f47fd24aa42e87641d0d2a7402bf52140ab6624444d009d56ab065de7c4c92ec	ptm-observation:856c6658eff106184fd6615f526a916bf91d38e1213d8230d1972bce036e0219
UniProtKB:Q6NMJ2	proteintraitsmech:B02	OK	4.861506879329681	pH	f47fd24aa42e87641d0d2a7402bf52140ab6624444d009d56ab065de7c4c92ec	ptm-observation:4c52df2310777778c74c29a642e151a174af4c0303dba4adaeeb4e0d83ab5a58
UniProtKB:Q6NMJ2	proteintraitsmech:B03	OK	0.09883720930232558	1	f47fd24aa42e87641d0d2a7402bf52140ab6624444d009d56ab065de7c4c92ec	ptm-observation:763b89cee3473299592a02a8c956c48e566f60fe53d256ffc06f2e93f2338238
UniProtKB:Q6NMJ2	proteintraitsmech:B04	OK	0.13953488372093023	1	f47fd24aa42e87641d0d2a7402bf52140ab6624444d009d56ab065de7c4c92ec	ptm-observation:1f4335edb098e948969b24ae282a60a17bb42fbb04fe7122398b7c7a7acede05
UniProtKB:Q6NMJ2	proteintraitsmech:B05	OK	0.23837209302325582	1	f47fd24aa42e87641d0d2a7402bf52140ab6624444d009d56ab065de7c4c92ec	ptm-observation:0069e567bfb5ba0c90625d581ec6d1faaebd74c837190ac80b47f73e691680cd
UniProtKB:Q6NMJ2	proteintraitsmech:B06	OK	0.047153835444110205	1	f47fd24aa42e87641d0d2a7402bf52140ab6624444d009d56ab065de7c4c92ec	ptm-observation:3dd5ad7ece4c0fa8d7c151816f4ed9420acc1e6334986cebc8d7905bb9cf61ff
UniProtKB:Q6NMJ2	proteintraitsmech:B08	OK	0.07674418604651162	1	f47fd24aa42e87641d0d2a7402bf52140ab6624444d009d56ab065de7c4c92ec	ptm-observation:8223f70f17d08e144b75acd6fbdef049ab28f4053fc75129e2943689aa144b96
UniProtKB:Q6NMJ2	proteintraitsmech:B09	OK		1	f47fd24aa42e87641d0d2a7402bf52140ab6624444d009d56ab065de7c4c92ec	ptm-observation:2164865b22140020fe42a0d60447fd8112ffac763a5659ac0f6c664fdb2b6bd6
UniProtKB:Q6NMJ2	proteintraitsmech:B10	OK		1	f47fd24aa42e87641d0d2a7402bf52140ab6624444d009d56ab065de7c4c92ec	ptm-observation:755f9cd5a9e1735f5c3dc47490b4dcb4537cb0be56430af1885922064b436a34
UniProtKB:Q6NMJ2	proteintraitsmech:B13	OK		1	f47fd24aa42e87641d0d2a7402bf52140ab6624444d009d56ab065de7c4c92ec	ptm-observation:f5a50c94b4a12f91ce58a251e7c061126b052e9b045f581a7abf8fed69e58c38
UniProtKB:Q6NMJ2	proteintraitsmech:B16	OK	4.037756322554869	bit	f47fd24aa42e87641d0d2a7402bf52140ab6624444d009d56ab065de7c4c92ec	ptm-observation:6cdb80856f2efa67405936c23f3dd704333897330db4f84434b03dca51bc59a2
UniProtKB:Q6NMJ2	proteintraitsmech:B22	OK	0.11627906976744186	1	f47fd24aa42e87641d0d2a7402bf52140ab6624444d009d56ab065de7c4c92ec	ptm-observation:e6204dada34fdf0a46d992e3b96183c45951c75818ee0fd02e1d752a279618bd
UniProtKB:Q6R3M4	proteintraitsmech:B01	OK	-4.471721972118845	e	a4401f703fc2fe13974194cb1add62fdcd3f01fc5ea7d946d5cdee0ab6414bfe	ptm-observation:7cd6f839dcc9ce83c8b2f261dde20c75f3da1c3de9868979689cdb5bc1ec80a3
UniProtKB:Q6R3M4	proteintraitsmech:B02	OK	6.488412439823151	pH	a4401f703fc2fe13974194cb1add62fdcd3f01fc5ea7d946d5cdee0ab6414bfe	ptm-observation:1770d662a1b451cee1b9a9d1ce37eaf1f9165c95595959b5ecac0945a7241672
UniProtKB:Q6R3M4	proteintraitsmech:B03	OK	0.11576011157601115	1	a4401f703fc2fe13974194cb1add62fdcd3f01fc5ea7d946d5cdee0ab6414bfe	ptm-observation:74daf9e1d25eb4b99198b5a5191b852f1eb308e0883e04ad73937e84bf5c975d
UniProtKB:Q6R3M4	proteintraitsmech:B04	OK	0.12412831241283125	1	a4401f703fc2fe13974194cb1add62fdcd3f01fc5ea7d946d5cdee0ab6414bfe	ptm-observation:3b5afefab8f80c385252812432c103c35e6654d2954aea7fb26490c606759ea3
UniProtKB:Q6R3M4	proteintraitsmech:B05	OK	0.2398884239888424	1	a4401f703fc2fe13974194cb1add62fdcd3f01fc5ea7d946d5cdee0ab6414bfe	ptm-observation:4296b20e966faebcbae1017388aa74b96234d5df87f9d8130f78122c833d5d7f
UniProtKB:Q6R3M4	proteintraitsmech:B06	OK	-1.2596640738581657	1	a4401f703fc2fe13974194cb1add62fdcd3f01fc5ea7d946d5cdee0ab6414bfe	ptm-observation:5745b30251c0a16fa1737fd6ad69ce692da376b323350c7314570a8bd54169fa
UniProtKB:Q6R3M4	proteintraitsmech:B08	OK	-0.4889818688981869	1	a4401f703fc2fe13974194cb1add62fdcd3f01fc5ea7d946d5cdee0ab6414bfe	ptm-observation:01b62d9b7aba2226d07dfb5431d4c63d37b9e097b1c3742f489d5aacf58d054d
UniProtKB:Q6R3M4	proteintraitsmech:B09	OK		1	a4401f703fc2fe13974194cb1add62fdcd3f01fc5ea7d946d5cdee0ab6414bfe	ptm-observation:67d5ce289c1c5a4cd9c1a0dcd714796b23c95d9c9732b856ad2c4b32f2faafb4
UniProtKB:Q6R3M4	proteintraitsmech:B10	OK		1	a4401f703fc2fe13974194cb1add62fdcd3f01fc5ea7d946d5cdee0ab6414bfe	ptm-observation:af31bf9d6b1887f95583921a8fa292fc24edfc13a5d4f2f0044d50063819219d
UniProtKB:Q6R3M4	proteintraitsmech:B13	OK		1	a4401f703fc2fe13974194cb1add62fdcd3f01fc5ea7d946d5cdee0ab6414bfe	ptm-observation:64acc8dbf0db217999478a5cbcf5d302eaa17ed1ec372e735b2c76e6c5445ee3
UniProtKB:Q6R3M4	proteintraitsmech:B16	OK	4.131449485202494	bit	a4401f703fc2fe13974194cb1add62fdcd3f01fc5ea7d946d5cdee0ab6414bfe	ptm-observation:7448cec648725aeb670a7589aedeb723a47db9d283c8aaab6c58e060eaaebffe
UniProtKB:Q6R3M4	proteintraitsmech:B22	OK	0.4407252440725244	1	a4401f703fc2fe13974194cb1add62fdcd3f01fc5ea7d946d5cdee0ab6414bfe	ptm-observation:46aca7cfa4a842ab6c973dc0d6d65e091773ea6fad65ae47372c568d7ad78cef
UniProtKB:Q6ZNE5	proteintraitsmech:B01	OK	-1.6571673376948879	e	2de6a928e25b7a0c06078c7d09916a20a82a6406e83974139802650f8bfb9476	ptm-observation:027f8cd1c16c9304a625768a19cd675d8c2dbd0a7cbfaacce4e8ac1e6bf5f872
UniProtKB:Q6ZNE5	proteintraitsmech:B02	OK	6.590163767337799	pH	2de6a928e25b7a0c06078c7d09916a20a82a6406e83974139802650f8bfb9476	ptm-observation:5b55e9912d005668123c7ac093b51794f1b3f23aa46fa2030c75a02d864d702c
UniProtKB:Q6ZNE5	proteintraitsmech:B03	OK	0.13821138211382114	1	2de6a928e25b7a0c06078c7d09916a20a82a6406e83974139802650f8bfb9476	ptm-observation:499c2273fc0c76b927e2f4a7f1b6d5ebee02d6bea4182f71d184d8314e7e18a1
UniProtKB:Q6ZNE5	proteintraitsmech:B04	OK	0.14227642276422764	1	2de6a928e25b7a0c06078c7d09916a20a82a6406e83974139802650f8bfb9476	ptm-observation:65169f45038d0eb6e92a64ff005ac48e836b3ffb446eae9fb470021d6bbcbdde
UniProtKB:Q6ZNE5	proteintraitsmech:B05	OK	0.2804878048780488	1	2de6a928e25b7a0c06078c7d09916a20a82a6406e83974139802650f8bfb9476	ptm-observation:30b845f416e8496c93ec5b0327bbfa9313ab046fa3f6aad2ec272af64ddedcb5
UniProtKB:Q6ZNE5	proteintraitsmech:B06	OK	-4.677701403063169	1	2de6a928e25b7a0c06078c7d09916a20a82a6406e83974139802650f8bfb9476	ptm-observation:1ba39a112c833085a5ed868b912a9f563ea37124464db5a58f48c8f63fa14e47
UniProtKB:Q6ZNE5	proteintraitsmech:B08	OK	-0.6477642276422764	1	2de6a928e25b7a0c06078c7d09916a20a82a6406e83974139802650f8bfb9476	ptm-observation:ea3c5602cad7dc376cbb17316c1a3c5ac93a4fdfcfe8a7cc47f350e37abc5ce5
UniProtKB:Q6ZNE5	proteintraitsmech:B09	OK		1	2de6a928e25b7a0c06078c7d09916a20a82a6406e83974139802650f8bfb9476	ptm-observation:1f0faa58f975b71091fe301a8d435e53758204fcc77c6f0a48dc753c369605d1
UniProtKB:Q6ZNE5	proteintraitsmech:B10	OK		1	2de6a928e25b7a0c06078c7d09916a20a82a6406e83974139802650f8bfb9476	ptm-observation:69c7e9579b5872ccb1a6525a17f66e7442f5ee183dfa1689e64795c8557ee544
UniProtKB:Q6ZNE5	proteintraitsmech:B13	OK		1	2de6a928e25b7a0c06078c7d09916a20a82a6406e83974139802650f8bfb9476	ptm-observation:e47e431d00e631f1e88e925049feeb803b195ee2ebc75adc4d46374e70ac498a
UniProtKB:Q6ZNE5	proteintraitsmech:B16	OK	4.146114593256558	bit	2de6a928e25b7a0c06078c7d09916a20a82a6406e83974139802650f8bfb9476	ptm-observation:af3fe7fa176d78c799d3aaa3f6750abe59ba6606ae1c4835fd161d1ca10e766d
UniProtKB:Q6ZNE5	proteintraitsmech:B22	OK	0.3252032520325203	1	2de6a928e25b7a0c06078c7d09916a20a82a6406e83974139802650f8bfb9476	ptm-observation:5093bce788d09379e83a518473b2ebda4baa4fbfff0b1e5ed0126ad5c2787796
UniProtKB:Q86Y37	proteintraitsmech:B01	OK	-11.055436948089786	e	2300859de8a96b3cd01d0883470c59f07ef0278586caad1d5ffbf04ec36dc838	ptm-observation:1adb623075fa3bb80d5d69c6e87679203ec61e1e0a04281ec322ba334276f3f2
UniProtKB:Q86Y37	proteintraitsmech:B02	OK	5.082544147968292	pH	2300859de8a96b3cd01d0883470c59f07ef0278586caad1d5ffbf04ec36dc838	ptm-observation:854974ad1eea8195e326408145a21c79b455fa2cabcb9bff2714d99fa184fc7c
UniProtKB:Q86Y37	proteintraitsmech:B03	OK	0.08943089430894309	1	2300859de8a96b3cd01d0883470c59f07ef0278586caad1d5ffbf04ec36dc838	ptm-observation:5f081e2a609bcf811554af65e3374441d7efad7afd3e8e49a5e59a23c6cb78cf
UniProtKB:Q86Y37	proteintraitsmech:B04	OK	0.11924119241192412	1	2300859de8a96b3cd01d0883470c59f07ef0278586caad1d5ffbf04ec36dc838	ptm-observation:3b954e294f0f49c59b8646e81f592d26e92ff96fefd702fa36db1af537974df3
UniProtKB:Q86Y37	proteintraitsmech:B05	OK	0.2086720867208672	1	2300859de8a96b3cd01d0883470c59f07ef0278586caad1d5ffbf04ec36dc838	ptm-observation:ea1dd2ff1e52da66ece53c30ba9153933109203b4f1242c70201cbdbee984546
UniProtKB:Q86Y37	proteintraitsmech:B06	OK	0.22664750577626736	1	2300859de8a96b3cd01d0883470c59f07ef0278586caad1d5ffbf04ec36dc838	ptm-observation:83aa0565866325a457352f15df7231b6b77ac31f2a5c0e8fcd012b02406d9724
UniProtKB:Q86Y37	proteintraitsmech:B08	OK	-0.3764227642276423	1	2300859de8a96b3cd01d0883470c59f07ef0278586caad1d5ffbf04ec36dc838	ptm-observation:4d781cbd0a9922ec9483d0aaf786ae80b74c40a0b11e10d1ce8485288027bc01
UniProtKB:Q86Y37	proteintraitsmech:B09	OK		1	2300859de8a96b3cd01d0883470c59f07ef0278586caad1d5ffbf04ec36dc838	ptm-observation:9701ec12de2f0d385093cc96429bad2e33290cbc367906033f3a11e19a2f36e7
UniProtKB:Q86Y37	proteintraitsmech:B10	OK		1	2300859de8a96b3cd01d0883470c59f07ef0278586caad1d5ffbf04ec36dc838	ptm-observation:5fe681ec38588a51132d57683d1a23ea8a64c9c15212ec28553f09a7b27122d6
UniProtKB:Q86Y37	proteintraitsmech:B13	OK		1	2300859de8a96b3cd01d0883470c59f07ef0278586caad1d5ffbf04ec36dc838	ptm-observation:943a643c5936034821eafe090f794b087d102d123922bfc9c3177ce44ff55775
UniProtKB:Q86Y37	proteintraitsmech:B16	OK	4.139110149058735	bit	2300859de8a96b3cd01d0883470c59f07ef0278586caad1d5ffbf04ec36dc838	ptm-observation:a08a878310d79b705b1b10ba0e1b0f45d009d99f3397679c5029a958dbaf3ab1
UniProtKB:Q86Y37	proteintraitsmech:B22	OK	0.3983739837398374	1	2300859de8a96b3cd01d0883470c59f07ef0278586caad1d5ffbf04ec36dc838	ptm-observation:88a467ac9a3266bbb25a4da74cf292f8220a0b7ac870cf3b4b71ba7f2237be7f
UniProtKB:Q8BMI3	proteintraitsmech:B01	OK	-14.4110521799866	e	a2eef6186b5fcd4f94aadb0c2c3094b705cd3541a18c34f5f92a244fdc271068	ptm-observation:82d8d386f669f11c5421a2303d282c6bc7e0ac9f4e08a8116b82aa8353228fbf
UniProtKB:Q8BMI3	proteintraitsmech:B02	OK	5.466463148593903	pH	a2eef6186b5fcd4f94aadb0c2c3094b705cd3541a18c34f5f92a244fdc271068	ptm-observation:6276d3c3f5a32e575eac2cffec94e531c40756b46df80ae7cbc88f35cff7f593
UniProtKB:Q8BMI3	proteintraitsmech:B03	OK	0.09749303621169916	1	a2eef6186b5fcd4f94aadb0c2c3094b705cd3541a18c34f5f92a244fdc271068	ptm-observation:60d8baf936d52db267c1fa2039afd2c70d047146513c289eb130abc6cb78408a
UniProtKB:Q8BMI3	proteintraitsmech:B04	OK	0.11838440111420613	1	a2eef6186b5fcd4f94aadb0c2c3094b705cd3541a18c34f5f92a244fdc271068	ptm-observation:8f0b36e46465c8faeec9115009b6ed18b0b9f84061a69e1d64e94c3978bd5696
UniProtKB:Q8BMI3	proteintraitsmech:B05	OK	0.21587743732590528	1	a2eef6186b5fcd4f94aadb0c2c3094b705cd3541a18c34f5f92a244fdc271068	ptm-observation:a560ed27d90c553884202fd8f2aa8d2730dcb8e2fc3056f93dcdd59bfb83b467
UniProtKB:Q8BMI3	proteintraitsmech:B06	OK	0.3168614451200408	1	a2eef6186b5fcd4f94aadb0c2c3094b705cd3541a18c34f5f92a244fdc271068	ptm-observation:a1a82f89aeb60065e82ab7db31d6265fd88acfef0b1a081d88a11fc50c25d8bc
UniProtKB:Q8BMI3	proteintraitsmech:B08	OK	-0.37799442896935936	1	a2eef6186b5fcd4f94aadb0c2c3094b705cd3541a18c34f5f92a244fdc271068	ptm-observation:8d158c1d635a85db9f8a3d5175589be22f386e70ae16272f5b881bac583037a7
UniProtKB:Q8BMI3	proteintraitsmech:B09	OK		1	a2eef6186b5fcd4f94aadb0c2c3094b705cd3541a18c34f5f92a244fdc271068	ptm-observation:ac68f692723b3005e6d295fe4ea4c6f8a961111893ed2f7abe610b652e366307
UniProtKB:Q8BMI3	proteintraitsmech:B10	OK		1	a2eef6186b5fcd4f94aadb0c2c3094b705cd3541a18c34f5f92a244fdc271068	ptm-observation:8772d33058ba9c1a15a0f05434cd06275cea685bc272501a963622ba4d74d1d0
UniProtKB:Q8BMI3	proteintraitsmech:B13	OK		1	a2eef6186b5fcd4f94aadb0c2c3094b705cd3541a18c34f5f92a244fdc271068	ptm-observation:dee516d0807ee7d5c07246712e1ee5dc3281266f515aa07390263555ccc1ed31
UniProtKB:Q8BMI3	proteintraitsmech:B16	OK	4.025356844805138	bit	a2eef6186b5fcd4f94aadb0c2c3094b705cd3541a18c34f5f92a244fdc271068	ptm-observation:0566c5b22e0a165cf4129e0364b3c33bfac8753b788662b3a7a6235c54345c68
UniProtKB:Q8BMI3	proteintraitsmech:B22	OK	0.4610027855153203	1	a2eef6186b5fcd4f94aadb0c2c3094b705cd3541a18c34f5f92a244fdc271068	ptm-observation:274a0e3481a768320c66764f315e73aab6e2ec18b90255f83a43b979ab7ceb9f
UniProtKB:Q8BWC0	proteintraitsmech:B01	OK	-2.311975443017269	e	c8e6917119e98f317218087981739e414513cd31571cce33b4e6b9a779adce35	ptm-observation:10c46af5160d1f41084b735ec010d6e485e1d7ecab1eb86dee04522783033079
UniProtKB:Q8BWC0	proteintraitsmech:B02	OK	6.552709639072418	pH	c8e6917119e98f317218087981739e414513cd31571cce33b4e6b9a779adce35	ptm-observation:218ec19ea0e08ba01cd5ac194c80d4c6022113253bc73af52820ccf141d6555e
UniProtKB:Q8BWC0	proteintraitsmech:B03	OK	0.08207934336525308	1	c8e6917119e98f317218087981739e414513cd31571cce33b4e6b9a779adce35	ptm-observation:36cdaafb8915d89217f9781fd414b83e159ff50ee3000f62d560a77a0532995a
UniProtKB:Q8BWC0	proteintraitsmech:B04	OK	0.08618331053351573	1	c8e6917119e98f317218087981739e414513cd31571cce33b4e6b9a779adce35	ptm-observation:5f453aeebb075615f39242e67b421fec827333e1a7e59d30e6a6798b1405aea6
UniProtKB:Q8BWC0	proteintraitsmech:B05	OK	0.16826265389876882	1	c8e6917119e98f317218087981739e414513cd31571cce33b4e6b9a779adce35	ptm-observation:be0eb6359902e78cb8f849b5529b014c55489e388bc65548692668a09223ad9f
UniProtKB:Q8BWC0	proteintraitsmech:B06	OK	-0.7493610244257952	1	c8e6917119e98f317218087981739e414513cd31571cce33b4e6b9a779adce35	ptm-observation:9fab5276a75dfd09c7e769ec22cf9a5e4b155ceb08bddfb68eafa262ddce472e
UniProtKB:Q8BWC0	proteintraitsmech:B08	OK	0.3377564979480164	1	c8e6917119e98f317218087981739e414513cd31571cce33b4e6b9a779adce35	ptm-observation:3185e6bf8402e8a27f6a19dbb04b8fe03c322117a31bf01761e0de28a5370ba2
UniProtKB:Q8BWC0	proteintraitsmech:B09	OK		1	c8e6917119e98f317218087981739e414513cd31571cce33b4e6b9a779adce35	ptm-observation:a78e348a95f59c9a470f721c6c247e0c039f4d623578bedc80d3b5343c3a9a35
UniProtKB:Q8BWC0	proteintraitsmech:B10	OK		1	c8e6917119e98f317218087981739e414513cd31571cce33b4e6b9a779adce35	ptm-observation:27dc5ee3e5c1927c9ab4c5b358a2476b3d98521bb5a8a710c765d285871b3308
UniProtKB:Q8BWC0	proteintraitsmech:B13	OK		1	c8e6917119e98f317218087981739e414513cd31571cce33b4e6b9a779adce35	ptm-observation:a74c2f21fd1281c9951361752ffb27fedbc02549cccf5c9988627e595c67fe49
UniProtKB:Q8BWC0	proteintraitsmech:B16	OK	4.116305604780247	bit	c8e6917119e98f317218087981739e414513cd31571cce33b4e6b9a779adce35	ptm-observation:8c990f5743af2c7b36b11daf1cbdaa75e319850eafca37239c232042b6dec110
UniProtKB:Q8BWC0	proteintraitsmech:B22	OK	0.036935704514363885	1	c8e6917119e98f317218087981739e414513cd31571cce33b4e6b9a779adce35	ptm-observation:7227647a19bed6fe3b928f8ad3a20beb4d250cad647688610e3b2c71180984e6
UniProtKB:Q8I6U8	proteintraitsmech:B01	OK	-47.41609566415414	e	d82169bb83f549a9406e9162ebf07fef40cfe65a092d58afef4eb249f2f4da3f	ptm-observation:432375e1a1746bba57d6d03e7fd93e819775d4ace22cfd2face155b883db1d3b
UniProtKB:Q8I6U8	proteintraitsmech:B02	OK	5.023052632808685	pH	d82169bb83f549a9406e9162ebf07fef40cfe65a092d58afef4eb249f2f4da3f	ptm-observation:e8a92872870356d8567ecb549a3a92328573bdd86e840536fe526c145489b59a
UniProtKB:Q8I6U8	proteintraitsmech:B03	OK	0.1650485436893204	1	d82169bb83f549a9406e9162ebf07fef40cfe65a092d58afef4eb249f2f4da3f	ptm-observation:b1c396b965fa68105251a81a37935fa310930968aeb32e85af5e57eedd3315a2
UniProtKB:Q8I6U8	proteintraitsmech:B04	OK	0.22451456310679613	1	d82169bb83f549a9406e9162ebf07fef40cfe65a092d58afef4eb249f2f4da3f	ptm-observation:8a4ff7978e0eb9c63abcb49ba16a4546f6440622e2b499df1bf874fc05198efa
UniProtKB:Q8I6U8	proteintraitsmech:B05	OK	0.3895631067961165	1	d82169bb83f549a9406e9162ebf07fef40cfe65a092d58afef4eb249f2f4da3f	ptm-observation:12e22685b0ce5afe6efedc7fe50ed2bb3d21180ccec4d41860191c7954fd3c45
UniProtKB:Q8I6U8	proteintraitsmech:B06	OK	3.4613101951499647	1	d82169bb83f549a9406e9162ebf07fef40cfe65a092d58afef4eb249f2f4da3f	ptm-observation:6451960c806c6ed71eecf6a7e0608de8c5cb1d1d6d3ba6eb918e922b1337c74b
UniProtKB:Q8I6U8	proteintraitsmech:B08	OK	-1.3254854368932039	1	d82169bb83f549a9406e9162ebf07fef40cfe65a092d58afef4eb249f2f4da3f	ptm-observation:ab4cf952ad46fcabc7223af162362de8ebadc0fca7441d4316b5ba2dd00099db
UniProtKB:Q8I6U8	proteintraitsmech:B09	OK		1	d82169bb83f549a9406e9162ebf07fef40cfe65a092d58afef4eb249f2f4da3f	ptm-observation:39b64c99b000b56dfdc75ebd0cbd4b280196e94bc08e4a6048ecf969088a440d
UniProtKB:Q8I6U8	proteintraitsmech:B10	OK		1	d82169bb83f549a9406e9162ebf07fef40cfe65a092d58afef4eb249f2f4da3f	ptm-observation:5bd314721d67f5a419d2957a5f9287e902e6d98dba0362b057d1472c1006e6e3
UniProtKB:Q8I6U8	proteintraitsmech:B13	OK		1	d82169bb83f549a9406e9162ebf07fef40cfe65a092d58afef4eb249f2f4da3f	ptm-observation:88542ac852085940d976d720c31dcd03d3e83ecef5057f430703d19843e01ec6
UniProtKB:Q8I6U8	proteintraitsmech:B16	OK	3.9877108580218534	bit	d82169bb83f549a9406e9162ebf07fef40cfe65a092d58afef4eb249f2f4da3f	ptm-observation:841f8043fa14ce145dd4766835b80e0310771addb1ed39cbf4b927870b170196
UniProtKB:Q8I6U8	proteintraitsmech:B22	OK	0.5728155339805825	1	d82169bb83f549a9406e9162ebf07fef40cfe65a092d58afef4eb249f2f4da3f	ptm-observation:dc02782302495ac9293299084a247670b8ac3f6a8ca452aa40c3c4b55d0c04ad
UniProtKB:Q8N0V3	proteintraitsmech:B01	OK	2.1790789840017943	e	d05653c00224217c57896a500bc11d0d50222bb60f8349b0fdb1cb9c4bb05eca	ptm-observation:8ed7d26defdf6e6d0c17bebab0b9178fefabb36337ce9f70c9669b4635ca2cd5
UniProtKB:Q8N0V3	proteintraitsmech:B02	OK	8.006855905056	pH	d05653c00224217c57896a500bc11d0d50222bb60f8349b0fdb1cb9c4bb05eca	ptm-observation:de93e8b32fd05be188f74d7cdce578e40a3a1928e3b3931a544fc583c77609ae
UniProtKB:Q8N0V3	proteintraitsmech:B03	OK	0.1457725947521866	1	d05653c00224217c57896a500bc11d0d50222bb60f8349b0fdb1cb9c4bb05eca	ptm-observation:7f82a41c5277a3ee41019c8a67d474c3240064b4b9b9d0dd69d0f4951d0fe523
UniProtKB:Q8N0V3	proteintraitsmech:B04	OK	0.13994169096209913	1	d05653c00224217c57896a500bc11d0d50222bb60f8349b0fdb1cb9c4bb05eca	ptm-observation:b265cee5a5706b203d370069212d713e46b0847bb6835a7de2dbea587dc26ca0
UniProtKB:Q8N0V3	proteintraitsmech:B05	OK	0.2857142857142857	1	d05653c00224217c57896a500bc11d0d50222bb60f8349b0fdb1cb9c4bb05eca	ptm-observation:fec15fc060cbc304ca32be6a986a1c46f394bfff18bea1a8f3b315893c8b69fe
UniProtKB:Q8N0V3	proteintraitsmech:B06	OK	-5.626743717739191	1	d05653c00224217c57896a500bc11d0d50222bb60f8349b0fdb1cb9c4bb05eca	ptm-observation:f18304843cdb08052433f81fa99b766503453d4fa23b8318d55dc37c99c6c177
UniProtKB:Q8N0V3	proteintraitsmech:B08	OK	-0.6481049562682216	1	d05653c00224217c57896a500bc11d0d50222bb60f8349b0fdb1cb9c4bb05eca	ptm-observation:e6bfa65686de2d4442ee7ad53d25294f07d9de2ff2b6b4d3653db5369ebc351e
UniProtKB:Q8N0V3	proteintraitsmech:B09	OK		1	d05653c00224217c57896a500bc11d0d50222bb60f8349b0fdb1cb9c4bb05eca	ptm-observation:bfe9b0b518bf00ede153bf2c7edf62fbee9d198583275ce5c61927d5673b52ad
UniProtKB:Q8N0V3	proteintraitsmech:B10	OK		1	d05653c00224217c57896a500bc11d0d50222bb60f8349b0fdb1cb9c4bb05eca	ptm-observation:8829a91eca5dd4f96cf1d7e630a4aaf262e7132278245032197e1254487bf309
UniProtKB:Q8N0V3	proteintraitsmech:B13	OK		1	d05653c00224217c57896a500bc11d0d50222bb60f8349b0fdb1cb9c4bb05eca	ptm-observation:69d6c2d40860112e064b51b14c849644bf68120c9e0e647cb3c3c54efe1ac111
UniProtKB:Q8N0V3	proteintraitsmech:B16	OK	4.084046666045223	bit	d05653c00224217c57896a500bc11d0d50222bb60f8349b0fdb1cb9c4bb05eca	ptm-observation:a64491a8e0c400ae68fbda899969edb5ba8eb72b10b192b76e2109347ae99bc8
UniProtKB:Q8N0V3	proteintraitsmech:B22	OK	0.565597667638484	1	d05653c00224217c57896a500bc11d0d50222bb60f8349b0fdb1cb9c4bb05eca	ptm-observation:efbd8f16904a704fdf2b0b8cc860b7900b19a7bc10759807a35459360a8787e2
UniProtKB:Q92820	proteintraitsmech:B01	OK	-0.9248229311401696	e	e3c12602cad7d058e7bc4fa963756c4913667b83d15efaa94e683b3fa3649697	ptm-observation:25e0dfbda338f3ab0036e079dbd4ec1ab8e34fb777bdd2ce4ca023e5a750684b
UniProtKB:Q92820	proteintraitsmech:B02	OK	6.662433445453644	pH	e3c12602cad7d058e7bc4fa963756c4913667b83d15efaa94e683b3fa3649697	ptm-observation:9b5e8ca0285c1fc2b4dbd81940bb0d0a9cd82014cead8807ebd1385017d743e3
UniProtKB:Q92820	proteintraitsmech:B03	OK	0.10062893081761007	1	e3c12602cad7d058e7bc4fa963756c4913667b83d15efaa94e683b3fa3649697	ptm-observation:dae92a5fbb60df5707ffad3c00bab9f3bbe50312805a8f1590c120aae476af2e
UniProtKB:Q92820	proteintraitsmech:B04	OK	0.10377358490566038	1	e3c12602cad7d058e7bc4fa963756c4913667b83d15efaa94e683b3fa3649697	ptm-observation:eb60f89bba186ca66a5396baaaa0c43a84e279c1fa7aae5c6351b75f1be4d1df
UniProtKB:Q92820	proteintraitsmech:B05	OK	0.20440251572327045	1	e3c12602cad7d058e7bc4fa963756c4913667b83d15efaa94e683b3fa3649697	ptm-observation:7d5af7ffa1c5282a988929846a6a2145446bee84eedd8875cbb6e725d49716ec
UniProtKB:Q92820	proteintraitsmech:B06	OK	-1.2737452370696905	1	e3c12602cad7d058e7bc4fa963756c4913667b83d15efaa94e683b3fa3649697	ptm-observation:6cb6571b320f7618183ca856530160c4e1aa67b951130352b04b0c41643376a5
UniProtKB:Q92820	proteintraitsmech:B08	OK	-0.09182389937106922	1	e3c12602cad7d058e7bc4fa963756c4913667b83d15efaa94e683b3fa3649697	ptm-observation:af925683618bff632214d0e05494ce78979e50a69a0e13058ffe4793ce474e66
UniProtKB:Q92820	proteintraitsmech:B09	OK		1	e3c12602cad7d058e7bc4fa963756c4913667b83d15efaa94e683b3fa3649697	ptm-observation:4d300796297e5c5bd1a35b2d0a8412b9cc2542533ca672ba6763e5c926909609
UniProtKB:Q92820	proteintraitsmech:B10	OK		1	e3c12602cad7d058e7bc4fa963756c4913667b83d15efaa94e683b3fa3649697	ptm-observation:a645579810ae221f332e415c88e3c39626dafec5a3472786665334901ed444aa
UniProtKB:Q92820	proteintraitsmech:B13	OK		1	e3c12602cad7d058e7bc4fa963756c4913667b83d15efaa94e683b3fa3649697	ptm-observation:58340f088f6ca37d44542202ae8220b249fb836f6f81fa2632e43840262919fb
UniProtKB:Q92820	proteintraitsmech:B16	OK	4.164533792847042	bit	e3c12602cad7d058e7bc4fa963756c4913667b83d15efaa94e683b3fa3649697	ptm-observation:0a009d529fee2ffaca74ca9065507a336431c2d1f7df83d9415b4d2e5360e746
UniProtKB:Q92820	proteintraitsmech:B22	OK	0.08490566037735849	1	e3c12602cad7d058e7bc4fa963756c4913667b83d15efaa94e683b3fa3649697	ptm-observation:9ca56cb00e417f4ce5404b834220af2fd5133d7eeb1abcd51c22710c008b496d
UniProtKB:Q9EQJ0	proteintraitsmech:B01	OK	8.161576090346882	e	19c9509f0c8e02581aa4aa751305a9555aa21b43be9fdba989493bad810fa573	ptm-observation:8e33118b9d3fda1cddaeb0720fd7b3779ecd2621a0f2e00592767dd813abe345
UniProtKB:Q9EQJ0	proteintraitsmech:B02	OK	8.70214968919754	pH	19c9509f0c8e02581aa4aa751305a9555aa21b43be9fdba989493bad810fa573	ptm-observation:159f193a398114bf439b14367e97ea680f10e6f294eda4d430352b8f0fcce71a
UniProtKB:Q9EQJ0	proteintraitsmech:B03	OK	0.09424724602203183	1	19c9509f0c8e02581aa4aa751305a9555aa21b43be9fdba989493bad810fa573	ptm-observation:91ced8c637c549e2884bf7f8e03812fd6f4c3ae46a3c8f0a5b8aa5d4fc6efd21
UniProtKB:Q9EQJ0	proteintraitsmech:B04	OK	0.08567931456548347	1	19c9509f0c8e02581aa4aa751305a9555aa21b43be9fdba989493bad810fa573	ptm-observation:43ae6db68cbb0d346119d6ba62f9faa328f76402b0d3c212016ba47a26ada20e
UniProtKB:Q9EQJ0	proteintraitsmech:B05	OK	0.1799265605875153	1	19c9509f0c8e02581aa4aa751305a9555aa21b43be9fdba989493bad810fa573	ptm-observation:c08dd596688fcb2c81639b21a6932a9b169338a5e7e0a02421d05585e8caea2e
UniProtKB:Q9EQJ0	proteintraitsmech:B06	OK	-2.264369892117179	1	19c9509f0c8e02581aa4aa751305a9555aa21b43be9fdba989493bad810fa573	ptm-observation:21bb527cf1ec7a709e5e468400c3deb06e50f69e401bf521fa48c1c2c80402c6
UniProtKB:Q9EQJ0	proteintraitsmech:B08	OK	0.1329253365973072	1	19c9509f0c8e02581aa4aa751305a9555aa21b43be9fdba989493bad810fa573	ptm-observation:ffa1021ee9c926fb97634855a8267f5ad3cb91cdda33be3122ccc0216b260e33
UniProtKB:Q9EQJ0	proteintraitsmech:B09	OK		1	19c9509f0c8e02581aa4aa751305a9555aa21b43be9fdba989493bad810fa573	ptm-observation:ea72a80060a122e81cffa9212d088ed6e75905a91e03612a29d845ddaea24b99
UniProtKB:Q9EQJ0	proteintraitsmech:B10	OK		1	19c9509f0c8e02581aa4aa751305a9555aa21b43be9fdba989493bad810fa573	ptm-observation:4d5aa911f593c9169aadc68aeedce926867a4e3a6c66172a36be1badf671f15c
UniProtKB:Q9EQJ0	proteintraitsmech:B13	OK		1	19c9509f0c8e02581aa4aa751305a9555aa21b43be9fdba989493bad810fa573	ptm-observation:25d3295ebb48d52dc692ba170e6f1e136e3e9b3f2e2b36248d4eeb5ae6f98e92
UniProtKB:Q9EQJ0	proteintraitsmech:B16	OK	4.134186589978214	bit	19c9509f0c8e02581aa4aa751305a9555aa21b43be9fdba989493bad810fa573	ptm-observation:020bac834ade5808fed52e58652a7f82ab9d98da23c2509c985719d01096a72d
UniProtKB:Q9EQJ0	proteintraitsmech:B22	OK	0.13096695226438188	1	19c9509f0c8e02581aa4aa751305a9555aa21b43be9fdba989493bad810fa573	ptm-observation:6b9c947ea3bfe5af4628c4a84ccfe373f96c51accf89513279c625d8a996da17
UniProtKB:Q9ESJ1	proteintraitsmech:B01	OK	14.454653844339523	e	bc76524af0bc7ea6cf73d23683dcf40ff902f9e26e1c9124ea3cf4542705fbc0	ptm-observation:bc9fa9aec5bc91e88c99e98e3080e4ccdaf090e2e7240b90d3b17f5ed026b719
UniProtKB:Q9ESJ1	proteintraitsmech:B02	OK	9.345648229122162	pH	bc76524af0bc7ea6cf73d23683dcf40ff902f9e26e1c9124ea3cf4542705fbc0	ptm-observation:d25ad0d40ae34e602cdbcd16834f8bf537c0144f81f0ce63a3afab5c6b61eb5f
UniProtKB:Q9ESJ1	proteintraitsmech:B03	OK	0.12852112676056338	1	bc76524af0bc7ea6cf73d23683dcf40ff902f9e26e1c9124ea3cf4542705fbc0	ptm-observation:b69aa731d8c3367ba82adc3f4fc40cad02f9ff45c6bf6a5cb5004256a56ebadc
UniProtKB:Q9ESJ1	proteintraitsmech:B04	OK	0.10387323943661972	1	bc76524af0bc7ea6cf73d23683dcf40ff902f9e26e1c9124ea3cf4542705fbc0	ptm-observation:73d6b9d8d2a338951218800acc77d39dfbcefb48a3a0e267ca3d3aa9b8941e67
UniProtKB:Q9ESJ1	proteintraitsmech:B05	OK	0.2323943661971831	1	bc76524af0bc7ea6cf73d23683dcf40ff902f9e26e1c9124ea3cf4542705fbc0	ptm-observation:7d76cd412c2ee3ce3a1074169f66fba0b11b2ce169e1f5ecb3814dd137019bbd
UniProtKB:Q9ESJ1	proteintraitsmech:B06	OK	0.9348223579314677	1	bc76524af0bc7ea6cf73d23683dcf40ff902f9e26e1c9124ea3cf4542705fbc0	ptm-observation:d57abafd1d146ce05dc436229e51c6270c3cf27196c88346be2648005ce51c5c
UniProtKB:Q9ESJ1	proteintraitsmech:B08	OK	-0.5116197183098592	1	bc76524af0bc7ea6cf73d23683dcf40ff902f9e26e1c9124ea3cf4542705fbc0	ptm-observation:c63479e72feb7c6df0a4000535ddcf519973b2bcb1d6b343d4da6787c2f854d6
UniProtKB:Q9ESJ1	proteintraitsmech:B09	OK		1	bc76524af0bc7ea6cf73d23683dcf40ff902f9e26e1c9124ea3cf4542705fbc0	ptm-observation:e0cc2b05027b647239259c0bdb935d78511a86febb1fe4e0b6eb866363c0e151
UniProtKB:Q9ESJ1	proteintraitsmech:B10	OK		1	bc76524af0bc7ea6cf73d23683dcf40ff902f9e26e1c9124ea3cf4542705fbc0	ptm-observation:fb8bc59ae70556c617245560f2f11e461d8e2aac923f1a19c24f30fd0be732e2
UniProtKB:Q9ESJ1	proteintraitsmech:B13	OK		1	bc76524af0bc7ea6cf73d23683dcf40ff902f9e26e1c9124ea3cf4542705fbc0	ptm-observation:52bdac82a55193287e131b06cc734ea1148378855f3108cef7bea362b6dc9018
UniProtKB:Q9ESJ1	proteintraitsmech:B16	OK	4.048866341294762	bit	bc76524af0bc7ea6cf73d23683dcf40ff902f9e26e1c9124ea3cf4542705fbc0	ptm-observation:e53d51035f7c6f2bdbff1e23acd227470c87da4a694c206db03925bb8c6f70fd
UniProtKB:Q9ESJ1	proteintraitsmech:B22	OK	0.6971830985915493	1	bc76524af0bc7ea6cf73d23683dcf40ff902f9e26e1c9124ea3cf4542705fbc0	ptm-observation:465d2a0fa945703ea03c0f4168f06705adb6f80ccde6ae765bdb74d9fafeb801
UniProtKB:Q9FF29	proteintraitsmech:B01	OK	-3.7523340564539196	e	62b300ce483516a05920958ad7f0cd0c5a47eac01c624e21d007c29fdd834bf0	ptm-observation:663bf1dedef19c7b7e958c42d1d20c3718292d4f6a98e4e6d11c9200ef8aad84
UniProtKB:Q9FF29	proteintraitsmech:B02	OK	6.2685317397117615	pH	62b300ce483516a05920958ad7f0cd0c5a47eac01c624e21d007c29fdd834bf0	ptm-observation:e5645ca2f1e3704a03f044309f49f409ef90766b8e8368353668c66b00643663
UniProtKB:Q9FF29	proteintraitsmech:B03	OK	0.10225563909774436	1	62b300ce483516a05920958ad7f0cd0c5a47eac01c624e21d007c29fdd834bf0	ptm-observation:14308135c72c0acc8e0eb858b20bf2133becfae59e3a27a4edebc679cd4138bd
UniProtKB:Q9FF29	proteintraitsmech:B04	OK	0.10827067669172932	1	62b300ce483516a05920958ad7f0cd0c5a47eac01c624e21d007c29fdd834bf0	ptm-observation:7be1f47cd22a61d912713286b3153b1009ace540f4539eda27b1a69e947c83ff
UniProtKB:Q9FF29	proteintraitsmech:B05	OK	0.21052631578947367	1	62b300ce483516a05920958ad7f0cd0c5a47eac01c624e21d007c29fdd834bf0	ptm-observation:7a65c6194eeae7a1badd62daf41792c64690a6b369da9e46389fbdebfd90aa16
UniProtKB:Q9FF29	proteintraitsmech:B06	OK	-2.7516750613673486	1	62b300ce483516a05920958ad7f0cd0c5a47eac01c624e21d007c29fdd834bf0	ptm-observation:310d8038fb6c8a6bf3a9f748ad252116b577ca2917df3e99d2ede805ad2b657f
UniProtKB:Q9FF29	proteintraitsmech:B08	OK	-0.19518796992481205	1	62b300ce483516a05920958ad7f0cd0c5a47eac01c624e21d007c29fdd834bf0	ptm-observation:be5f8fdcec17bd7c8fac585c19b6af610116cfa21f6046d9d36be905f5364434
UniProtKB:Q9FF29	proteintraitsmech:B09	OK		1	62b300ce483516a05920958ad7f0cd0c5a47eac01c624e21d007c29fdd834bf0	ptm-observation:c0ffff8b746bea1a841c1d30fe344d222b3f7f9ba785fbb27c0dbaf71ded8fe6
UniProtKB:Q9FF29	proteintraitsmech:B10	OK		1	62b300ce483516a05920958ad7f0cd0c5a47eac01c624e21d007c29fdd834bf0	ptm-observation:5e651f50ed475cd1596fced29d5d9550794bc7129b4ca4deee4bc327754887cb
UniProtKB:Q9FF29	proteintraitsmech:B13	OK		1	62b300ce483516a05920958ad7f0cd0c5a47eac01c624e21d007c29fdd834bf0	ptm-observation:daf77db182f1739b4d06798782d5b297e7058f1649e7984ae02280dbb8d9994f
UniProtKB:Q9FF29	proteintraitsmech:B16	OK	4.16457703820878	bit	62b300ce483516a05920958ad7f0cd0c5a47eac01c624e21d007c29fdd834bf0	ptm-observation:1d857dbb50d02405f15d678285f59e0cdf0ea97650da2e219614ab480fafa615
UniProtKB:Q9FF29	proteintraitsmech:B22	OK	0.1443609022556391	1	62b300ce483516a05920958ad7f0cd0c5a47eac01c624e21d007c29fdd834bf0	ptm-observation:3ec3966598f47504c5a552949188ebe6d24dafd99aea1db9206fbc630fc176c2
UniProtKB:Q9NZB2	proteintraitsmech:B01	OK	24.63713564715326	e	e448a457dccb5dc800cc0e3e4b687a146423ea7e18231d08fa9f0de52d3eddb6	ptm-observation:10e1b737a9ac07473af195bae7b49582ded14f28149785e8989da8c986a68d93
UniProtKB:Q9NZB2	proteintraitsmech:B02	OK	9.071629106998444	pH	e448a457dccb5dc800cc0e3e4b687a146423ea7e18231d08fa9f0de52d3eddb6	ptm-observation:5360f94c888d30a63f2ab01e49e72c9e2291e4946ce9f2dcfa3bc63bd7d71345
UniProtKB:Q9NZB2	proteintraitsmech:B03	OK	0.10822898032200358	1	e448a457dccb5dc800cc0e3e4b687a146423ea7e18231d08fa9f0de52d3eddb6	ptm-observation:c37af19461f37f9a0134a912eea8b1692b181faf88dd92b31b3c74a74ae0af99
UniProtKB:Q9NZB2	proteintraitsmech:B04	OK	0.0885509838998211	1	e448a457dccb5dc800cc0e3e4b687a146423ea7e18231d08fa9f0de52d3eddb6	ptm-observation:b860a2bb6a72a5990d5f0ead0da0c3bc21cc63e0659577de315a980a0b1a6c26
UniProtKB:Q9NZB2	proteintraitsmech:B05	OK	0.1967799642218247	1	e448a457dccb5dc800cc0e3e4b687a146423ea7e18231d08fa9f0de52d3eddb6	ptm-observation:80b1b812a69e22a3e1f25b9d2757dc2ca648954e595c5a42e5577784d7fa3924
UniProtKB:Q9NZB2	proteintraitsmech:B06	OK	2.21292252753512	1	e448a457dccb5dc800cc0e3e4b687a146423ea7e18231d08fa9f0de52d3eddb6	ptm-observation:b94e79ab96f76c94ff17ce0ba82e27eb91bcd3f659c152581986e325bd8b0e5d
UniProtKB:Q9NZB2	proteintraitsmech:B08	OK	-0.4056350626118068	1	e448a457dccb5dc800cc0e3e4b687a146423ea7e18231d08fa9f0de52d3eddb6	ptm-observation:16056c09167bfecc7d54bb670909ac80ce4a72ebfcba91f7095c8819557798af
UniProtKB:Q9NZB2	proteintraitsmech:B09	OK		1	e448a457dccb5dc800cc0e3e4b687a146423ea7e18231d08fa9f0de52d3eddb6	ptm-observation:bda98cdecaeb2db61e3efb818ffe14df93c94c9a278a542133b373c171dfd60f
UniProtKB:Q9NZB2	proteintraitsmech:B10	OK		1	e448a457dccb5dc800cc0e3e4b687a146423ea7e18231d08fa9f0de52d3eddb6	ptm-observation:802a380060b7c2a64ab45c5856995bfd9feefd86796817889972b8aacfd7e6fc
UniProtKB:Q9NZB2	proteintraitsmech:B13	OK		1	e448a457dccb5dc800cc0e3e4b687a146423ea7e18231d08fa9f0de52d3eddb6	ptm-observation:3df3f895a8aa9fc609b88e6ed727d36692c878cd0a05543d8d170c3791a73afa
UniProtKB:Q9NZB2	proteintraitsmech:B16	OK	4.145019546561699	bit	e448a457dccb5dc800cc0e3e4b687a146423ea7e18231d08fa9f0de52d3eddb6	ptm-observation:f0720b0479cacdea6436f701c3771c5d05e31bfbc538334201dc1077d7770b50
UniProtKB:Q9NZB2	proteintraitsmech:B22	OK	0.44991055456171736	1	e448a457dccb5dc800cc0e3e4b687a146423ea7e18231d08fa9f0de52d3eddb6	ptm-observation:1b4b84d974c946b5592606c6b1b38335d261f864c5b93425b18957085d363ac3
UniProtKB:Q9S7N7	proteintraitsmech:B01	OK	3.8576485448359485	e	cf3c7f80cb0e4b7de9cd154a8c29b26155aab6e6a3c46f2fc780672db11c95d0	ptm-observation:f9aeb20fc26d61923fde3d2dd958734f6f4994b002cd8b5995df26ca3b8c8ddc
UniProtKB:Q9S7N7	proteintraitsmech:B02	OK	9.56961864233017	pH	cf3c7f80cb0e4b7de9cd154a8c29b26155aab6e6a3c46f2fc780672db11c95d0	ptm-observation:6cd79a18093bf74295541d9463db035cf422368940a479a80b20ad3ead9af4f6
UniProtKB:Q9S7N7	proteintraitsmech:B03	OK	0.0875	1	cf3c7f80cb0e4b7de9cd154a8c29b26155aab6e6a3c46f2fc780672db11c95d0	ptm-observation:d5805f86739fcfdd54da559a7026e49bd8345980d3819abf1df31d99d207766e
UniProtKB:Q9S7N7	proteintraitsmech:B04	OK	0.0625	1	cf3c7f80cb0e4b7de9cd154a8c29b26155aab6e6a3c46f2fc780672db11c95d0	ptm-observation:b95d6424e612e5216b45897024cf8ec5452772d186530080e48d8981e173167c
UniProtKB:Q9S7N7	proteintraitsmech:B05	OK	0.15	1	cf3c7f80cb0e4b7de9cd154a8c29b26155aab6e6a3c46f2fc780672db11c95d0	ptm-observation:204f8b0ed6c5f791e5a246ba6601d53cb90c7707cf2f828be463fa797b8ca34c
UniProtKB:Q9S7N7	proteintraitsmech:B06	OK	-0.6620849638441049	1	cf3c7f80cb0e4b7de9cd154a8c29b26155aab6e6a3c46f2fc780672db11c95d0	ptm-observation:34167ca8290b80e18d10b725da192e21780eda5ae90856447fb703aee34d8e14
UniProtKB:Q9S7N7	proteintraitsmech:B08	OK	0.01937499999999997	1	cf3c7f80cb0e4b7de9cd154a8c29b26155aab6e6a3c46f2fc780672db11c95d0	ptm-observation:2991a252cb51a281ce9d91dcd1367db253a4a546fc32455cf027c53bc82d1150
UniProtKB:Q9S7N7	proteintraitsmech:B09	OK		1	cf3c7f80cb0e4b7de9cd154a8c29b26155aab6e6a3c46f2fc780672db11c95d0	ptm-observation:025174e3cfd89cb03d1e1d68875d7400e8a917ce25cce3b55593f9e692afa5dc
UniProtKB:Q9S7N7	proteintraitsmech:B10	OK		1	cf3c7f80cb0e4b7de9cd154a8c29b26155aab6e6a3c46f2fc780672db11c95d0	ptm-observation:e6d52133712a80d5e069b13c29686bf4d54a32194305d66c4723b12aab9c8005
UniProtKB:Q9S7N7	proteintraitsmech:B13	OK		1	cf3c7f80cb0e4b7de9cd154a8c29b26155aab6e6a3c46f2fc780672db11c95d0	ptm-observation:81a421e27240555e25eb6a9ca667c8ad22f5e0d0502ada1b8ad80869d09b90ce
UniProtKB:Q9S7N7	proteintraitsmech:B16	OK	3.9349854792994825	bit	cf3c7f80cb0e4b7de9cd154a8c29b26155aab6e6a3c46f2fc780672db11c95d0	ptm-observation:8a4ce31379d4521a903248eebc43601f7674686f1069d239ed5a9b5f1cb274dd
UniProtKB:Q9S7N7	proteintraitsmech:B22	OK	0.65	1	cf3c7f80cb0e4b7de9cd154a8c29b26155aab6e6a3c46f2fc780672db11c95d0	ptm-observation:a45595914612fa10016fa3eb222a5493d3c277d3e736ac654d7a3465f7936568
UniProtKB:Q9UHF7	proteintraitsmech:B01	OK	4.739421912552036	e	f354d27f400d3924dd527e9242d52d88907a197109356139b4533e1fef4850ec	ptm-observation:b13137c59f663492c38d766285d64568ec21a6c5b60196faafc92c199dfcc721
UniProtKB:Q9UHF7	proteintraitsmech:B02	OK	7.527792036533356	pH	f354d27f400d3924dd527e9242d52d88907a197109356139b4533e1fef4850ec	ptm-observation:f27b54eee7e85ad96e490aba2ad195d6c76ee55bd62d8c55659686a7aceaef4b
UniProtKB:Q9UHF7	proteintraitsmech:B03	OK	0.11865729898516784	1	f354d27f400d3924dd527e9242d52d88907a197109356139b4533e1fef4850ec	ptm-observation:79fd55863964d3967c8f19186efa441ca119399f215e24160ddc91e4128d7bf3
UniProtKB:Q9UHF7	proteintraitsmech:B04	OK	0.11787665886026542	1	f354d27f400d3924dd527e9242d52d88907a197109356139b4533e1fef4850ec	ptm-observation:ad4f82d4131bbf26fc2eb64fe76047daf192539eb6253f84b8bc52f1e687ca40
UniProtKB:Q9UHF7	proteintraitsmech:B05	OK	0.23653395784543327	1	f354d27f400d3924dd527e9242d52d88907a197109356139b4533e1fef4850ec	ptm-observation:e76c61ad2a0a3161c3ea85e9e3083fed29a02d70ad86f44434cf3afcb4f4980e
UniProtKB:Q9UHF7	proteintraitsmech:B06	OK	-2.253791707407696	1	f354d27f400d3924dd527e9242d52d88907a197109356139b4533e1fef4850ec	ptm-observation:635e133b7ed6747e4c5b2995e55600fb8e5697b74afa4130137947000da0e766
UniProtKB:Q9UHF7	proteintraitsmech:B08	OK	-0.7913348946135832	1	f354d27f400d3924dd527e9242d52d88907a197109356139b4533e1fef4850ec	ptm-observation:99b9e3896130c4e33d69bb5ae2af3bd60ee5bfa79d646c905d2d69c091f2e23b
UniProtKB:Q9UHF7	proteintraitsmech:B09	OK		1	f354d27f400d3924dd527e9242d52d88907a197109356139b4533e1fef4850ec	ptm-observation:8febc38ffac4075f0285fbaf98d144c4a1e3177658254275d5c7ae1d1d0257e9
UniProtKB:Q9UHF7	proteintraitsmech:B10	OK		1	f354d27f400d3924dd527e9242d52d88907a197109356139b4533e1fef4850ec	ptm-observation:ece702c3592b8df1a176fd7d80833fc32ee7101901b1c70d2052c5374e4bc749
UniProtKB:Q9UHF7	proteintraitsmech:B13	OK		1	f354d27f400d3924dd527e9242d52d88907a197109356139b4533e1fef4850ec	ptm-observation:18c29179ab9de05356a51a281f415d0d809e69ee213fa5bc1b29d15b7ce7856b
UniProtKB:Q9UHF7	proteintraitsmech:B16	OK	4.141929454734255	bit	f354d27f400d3924dd527e9242d52d88907a197109356139b4533e1fef4850ec	ptm-observation:fbf4904d6578c43c861c74e577157b904f3fe919dbd7764e72810c9d74eaa211
UniProtKB:Q9UHF7	proteintraitsmech:B22	OK	0.672911787665886	1	f354d27f400d3924dd527e9242d52d88907a197109356139b4533e1fef4850ec	ptm-observation:c946a4088f8d51300dd7b2ecca66ab3178d884fa2ffb40d8af7b9ded0fc0ca3d
