trait_id	source_kind	source_namespace	source_accession	source_header	source_member	source_sequence_length	source_sequence_sha256	canonical_uniprot_id	status
proteintraitsmech:ELIFE109154_EntA	seed_alignment	RefSeq	WP_001257946.1	WP_001257946.1	nrp-metallophore-SI-main/1_rule_development/alignments/EntA.clw	256	b44b21737a74413c60ba83091fc1dddce9a8f6944bbcdb145f8ae00f29958b2c		SOURCE_ASSOCIATION_ONLY
proteintraitsmech:ELIFE109154_EntA	seed_alignment	EMBL	AAN28934.1	AAN28934.1	nrp-metallophore-SI-main/1_rule_development/alignments/EntA.clw	256	3e63ef379008de09b258af284dc25713cdc77d67ad52be4e5bf73b02a6eb8bd2		SOURCE_ASSOCIATION_ONLY
proteintraitsmech:ELIFE109154_EntA	seed_alignment	RefSeq	WP_041853223.1	WP_041853223.1	nrp-metallophore-SI-main/1_rule_development/alignments/EntA.clw	263	d282960be8e3483ee88a6275bf2e04c43addd552c3f4c24362aed5c820c19887		SOURCE_ASSOCIATION_ONLY
proteintraitsmech:ELIFE109154_EntA	seed_alignment	RefSeq	WP_010649230.1	WP_010649230.1	nrp-metallophore-SI-main/1_rule_development/alignments/EntA.clw	263	08439c8791495b702eb1a8dcba42aba156098cf2252780dfa1b9ff30c3c7c4fa		SOURCE_ASSOCIATION_ONLY
proteintraitsmech:ELIFE109154_EntA	seed_alignment	UniProtKB	Q0E7C9	tr|Q0E7C9|Q0E7C9_VIBAN	nrp-metallophore-SI-main/1_rule_development/alignments/EntA.clw	258	9e0c644586e21d4ac7c0cf102210fea481f72048e222f1cf39e8d7e86aaee69f		SOURCE_ASSOCIATION_ONLY
proteintraitsmech:ELIFE109154_EntA	seed_alignment	RefSeq	WP_000654285.1	WP_000654285.1	nrp-metallophore-SI-main/1_rule_development/alignments/EntA.clw	262	b3de067c956e954d6dae23ff1fcd70de92fd4ac985aea11d4911e004c08bb1b1		SOURCE_ASSOCIATION_ONLY
proteintraitsmech:ELIFE109154_EntA	seed_alignment	RefSeq	WP_011081751.1	WP_011081751.1	nrp-metallophore-SI-main/1_rule_development/alignments/EntA.clw	262	66d55637af328b9e5a4920242a9e48d3850cb2c7350c0b6adb0c241334c971db		SOURCE_ASSOCIATION_ONLY
proteintraitsmech:ELIFE109154_EntA	seed_alignment	RefSeq	WP_011182612.1	WP_011182612.1	nrp-metallophore-SI-main/1_rule_development/alignments/EntA.clw	261	86bb8c6615e9f1efc757fc96d24f23a030472c454ccc376d059137fd691b3cbd		SOURCE_ASSOCIATION_ONLY
proteintraitsmech:ELIFE109154_EntA	seed_alignment	EMBL	KJY85281.1	KJY85281.1	nrp-metallophore-SI-main/1_rule_development/alignments/EntA.clw	257	b94e8ddec0abc5f26de9413561dd1e38bf87f497e0959de7e71c899cb81386e7		SOURCE_ASSOCIATION_ONLY
proteintraitsmech:ELIFE109154_EntA	seed_alignment	UniProtKB	C5BUB9	tr|C5BUB9|C5BUB9_TERTT	nrp-metallophore-SI-main/1_rule_development/alignments/EntA.clw	255	829edd3bc3fde22877043c9df612eb3b96aadcf98e29d7b359cc3534e616582d		SOURCE_ASSOCIATION_ONLY
proteintraitsmech:ELIFE109154_EntA	seed_alignment	RefSeq	WP_040136727.1	WP_040136727.1	nrp-metallophore-SI-main/1_rule_development/alignments/EntA.clw	251	f17cc50c017e88ec6fc181491efb8a5cf558b0c1068a6200f7b65f8bd11c7106		SOURCE_ASSOCIATION_ONLY
proteintraitsmech:ELIFE109154_EntA	seed_alignment	RefSeq	WP_060724399.1	WP_060724399.1	nrp-metallophore-SI-main/1_rule_development/alignments/EntA.clw	251	9bb84af54ccca48d35e12c3fe17c62453bdbca78216ed755b86328d33cea0b2e		SOURCE_ASSOCIATION_ONLY
proteintraitsmech:ELIFE109154_EntA	seed_alignment	RefSeq	WP_002966566.1	WP_002966566.1	nrp-metallophore-SI-main/1_rule_development/alignments/EntA.clw	258	57ab1685baae1982364c4d0cae2d18be9c3cfea633f7e3632854a1584dcd1bb4		SOURCE_ASSOCIATION_ONLY
proteintraitsmech:ELIFE109154_EntA	seed_alignment	RefSeq	WP_063333096.1	WP_063333096.1	nrp-metallophore-SI-main/1_rule_development/alignments/EntA.clw	251	c561786ef1ff5cfe5b1777a1d109e2bc93cec5a82b149999488468ff5a402874		SOURCE_ASSOCIATION_ONLY
proteintraitsmech:ELIFE109154_EntA	seed_alignment	EMBL	ABO89918.1	ABO89918.1	nrp-metallophore-SI-main/1_rule_development/alignments/EntA.clw	256	25b08a616d0dc7d026d3a7f7ed74edc3dc42b4129653b370a744b29b3bf9fd04		SOURCE_ASSOCIATION_ONLY
proteintraitsmech:ELIFE109154_EntA	seed_alignment	RefSeq	WP_042528296.1	WP_042528296.1	nrp-metallophore-SI-main/1_rule_development/alignments/EntA.clw	248	418571e80a43d1a866952d4c1d54a4132d2ebb2fd8ece025bf652af8b6224c14		SOURCE_ASSOCIATION_ONLY
proteintraitsmech:ELIFE109154_EntA	seed_alignment	UniProtKB	P15047	sp|P15047|ENTA_ECOLI	nrp-metallophore-SI-main/1_rule_development/alignments/EntA.clw	248	d3a834dd4f1a528283e23d33cde0af9b39cb53a0d05fe83d58a4b7aba403ea26	UniProtKB:P15047	QUALIFIED
proteintraitsmech:ELIFE109154_EntA	seed_alignment	EMBL	AHY08566.1	AHY08566.1	nrp-metallophore-SI-main/1_rule_development/alignments/EntA.clw	252	b105034f5018ad6eeaba33c68cf523be1dbb9d4a4fae642062d9f70ca068a8f1		SOURCE_ASSOCIATION_ONLY
proteintraitsmech:ELIFE109154_EntA	seed_alignment	EMBL	AAK95835.1	AAK95835.1	nrp-metallophore-SI-main/1_rule_development/alignments/EntA.clw	252	da147d60ab05ef4f83ab80bd50afb03c02f86c18c1eae974bc01c43c0f4df19f		SOURCE_ASSOCIATION_ONLY
proteintraitsmech:ELIFE109154_EntA	seed_alignment	UniProtKB	E0SLE6	tr|E0SLE6|E0SLE6_DICD3	nrp-metallophore-SI-main/1_rule_development/alignments/EntA.clw	252	8a33eb63fa599a812f7f8eb5c9155e17209dc72c79de249f6766a33242aff077		SOURCE_ASSOCIATION_ONLY
proteintraitsmech:ELIFE109154_EntA	seed_alignment	RefSeq	WP_041814966.1	WP_041814966.1	nrp-metallophore-SI-main/1_rule_development/alignments/EntA.clw	266	76dffc163d7c3595802a9805aab83b7a6812bd9f73c6beca315a47d11e612048		SOURCE_ASSOCIATION_ONLY
proteintraitsmech:ELIFE109154_EntA	seed_alignment	EMBL	ABG96579.1	ABG96579.1	nrp-metallophore-SI-main/1_rule_development/alignments/EntA.clw	256	fa4ba8a0f399f4d83bff89f1367d55b955c43732888e455aab8a5532a4a47861		SOURCE_ASSOCIATION_ONLY
proteintraitsmech:ELIFE109154_EntA	seed_alignment	RefSeq	WP_011748667.1	WP_011748667.1	nrp-metallophore-SI-main/1_rule_development/alignments/EntA.clw	256	5cfec07c6d885360da5770a5e199ca4ac6a0c818e6ae279f36f1034724167ae3		SOURCE_ASSOCIATION_ONLY
proteintraitsmech:ELIFE109154_EntA	seed_alignment	EMBL	AAZ55906.1	AAZ55906.1	nrp-metallophore-SI-main/1_rule_development/alignments/EntA.clw	260	39cb23871f48d1e5fa0a897c875478684dedaf2f9000aed30ce2e5fac6bf21f8		SOURCE_ASSOCIATION_ONLY
proteintraitsmech:ELIFE109154_EntA	seed_alignment	EMBL	AGK13423.1	AGK13423.1	nrp-metallophore-SI-main/1_rule_development/alignments/EntA.clw	265	6d83cc466bcd9fba4e4b896be7dbe582efc135de80f00929919e2eceb72d3daa		SOURCE_ASSOCIATION_ONLY
proteintraitsmech:ELIFE109154_EntA	seed_alignment	EMBL	ABI87242.1	ABI87242.1	nrp-metallophore-SI-main/1_rule_development/alignments/EntA.clw	264	ee0ec77ceb304a1deefb4c1eaea86016d7cc88d4e3f766bf5d047e038cee11c0		SOURCE_ASSOCIATION_ONLY
proteintraitsmech:ELIFE109154_EntA	seed_alignment	RefSeq	WP_015801551.1	WP_015801551.1	nrp-metallophore-SI-main/1_rule_development/alignments/EntA.clw	256	20ac99f911401368a83e2b5f502da8ce9d46504ba6f715f04d24dee0c5ae9ef4		SOURCE_ASSOCIATION_ONLY
proteintraitsmech:ELIFE109154_EntA	seed_alignment	UniProtKB	D2TVF5	tr|D2TVF5|D2TVF5_9ACTN	nrp-metallophore-SI-main/1_rule_development/alignments/EntA.clw	276	56bb72193d0d1d8362d6ea4a27ea1a904b8675c85fe25805fa7924337cac9d06		SOURCE_ASSOCIATION_ONLY
proteintraitsmech:ELIFE109154_EntA	seed_alignment	RefSeq	WP_023482532.1	WP_023482532.1	nrp-metallophore-SI-main/1_rule_development/alignments/EntA.clw	261	28932fc91954a661fea7e46cbe257adcff1d49237ae1a7dcb6774d74c506cb51		SOURCE_ASSOCIATION_ONLY
proteintraitsmech:ELIFE109154_EntA	seed_alignment	UniProtKB	P39071	sp|P39071|DHBA_BACSU	nrp-metallophore-SI-main/1_rule_development/alignments/EntA.clw	261	3ad966632e4f40aaebdcf1a8a9ea1fa21b24436c313ad629b4d954d63c563523	UniProtKB:P39071	QUALIFIED
proteintraitsmech:ELIFE109154_EntA	seed_alignment	EMBL	SEG97358.1	SEG97358.1	nrp-metallophore-SI-main/1_rule_development/alignments/EntA.clw	258	e84278f73f8279c57d67d437d30aba7fbe4c4a490b8647294ed71bc644694a50		SOURCE_ASSOCIATION_ONLY
proteintraitsmech:ELIFE109154_EntA	seed_alignment	UniProtKB	F8SRH3	tr|F8SRH3|F8SRH3_9BACL	nrp-metallophore-SI-main/1_rule_development/alignments/EntA.clw	261	da6ca5818a070a297272ec18f9c7d15638519519091abd9359f323097cf77df4		SOURCE_ASSOCIATION_ONLY
proteintraitsmech:ELIFE109154_EntA	seed_alignment	EMBL	AAG31126.1	AAG31126.1	nrp-metallophore-SI-main/1_rule_development/alignments/EntA.clw	257	0371ac543403e87ef5c5d626a6cd12554c6b03beb2d1230320e745c7622c29f3		SOURCE_ASSOCIATION_ONLY
proteintraitsmech:ELIFE109154_EntA	seed_alignment	EMBL	KFE66587.1	KFE66587.1	nrp-metallophore-SI-main/1_rule_development/alignments/EntA.clw	257	46718a48493f0eabe76a853b8b3383a246a9a8542dce3a97839ab22cb154c2cc		SOURCE_ASSOCIATION_ONLY
proteintraitsmech:ELIFE109154_EntC	seed_alignment	UniProtKB	A0A1Y1RN17	tr|A0A1Y1RN17|A0A1Y1RN17_9MICC	nrp-metallophore-SI-main/1_rule_development/alignments/EntC.clw	368	077b2ce4be9d088971b9f082dc07b557389fd9bc7789e88aabb70a1c38abcfb6	UniProtKB:A0A1Y1RN17	QUALIFIED
proteintraitsmech:ELIFE109154_EntC	seed_alignment	EMBL	AAN28933.1	AAN28933.1_isochorismate_synthas	nrp-metallophore-SI-main/1_rule_development/alignments/EntC.clw	407	ea92759b0a5ab8a72afdda9d5826d14590ce164322a05bb9d25cf136803107b4		SOURCE_ASSOCIATION_ONLY
proteintraitsmech:ELIFE109154_EntC	seed_alignment	UniProtKB	E1W0T5	tr|E1W0T5|E1W0T5_GLUAR	nrp-metallophore-SI-main/1_rule_development/alignments/EntC.clw	393	a118e430f7095973874dda97d0e0b2eb66fd3e09668c976e797b3ecb0d354301		SOURCE_ASSOCIATION_ONLY
proteintraitsmech:ELIFE109154_EntC	seed_alignment	EMBL	KJY85287.1	KJY85287.1_isochorismate_synthas	nrp-metallophore-SI-main/1_rule_development/alignments/EntC.clw	406	b95ba331e5c78e5a9f060c831894a2c963cbfda74e7d617ced3590b2125c2041		SOURCE_ASSOCIATION_ONLY
proteintraitsmech:ELIFE109154_EntC	seed_alignment	RefSeq	WP_011182613.1	WP_011182613.1_MULTISPECIES:_iso	nrp-metallophore-SI-main/1_rule_development/alignments/EntC.clw	395	541d1d9be6554cdb51ee15a7ebe4a4a2824e44d939205e1c1bfe3cbbeca0c873		SOURCE_ASSOCIATION_ONLY
proteintraitsmech:ELIFE109154_EntC	seed_alignment	EMBL	BAC87913.1	BAC87913.1_probable_acinetobacti	nrp-metallophore-SI-main/1_rule_development/alignments/EntC.clw	389	75da7a2fbf92a3193c0b90f0dd58eef97398a65ab0e237f1a833da5af4dd2fef		SOURCE_ASSOCIATION_ONLY
proteintraitsmech:ELIFE109154_EntC	seed_alignment	RefSeq	WP_063333093.1	WP_063333093.1_isochorismate_syn	nrp-metallophore-SI-main/1_rule_development/alignments/EntC.clw	397	28428ca537259fead16f7bf78ab30355c1280bd18a3c348f9a0812556ae413bc		SOURCE_ASSOCIATION_ONLY
proteintraitsmech:ELIFE109154_EntC	seed_alignment	EMBL	AAK95838.1	AAK95838.1_putative_isochorismat	nrp-metallophore-SI-main/1_rule_development/alignments/EntC.clw	312	2ce12b1914d721cfe7807cb0de3597d00fc481122ba978668da30c213c84aece		SOURCE_ASSOCIATION_ONLY
proteintraitsmech:ELIFE109154_EntC	seed_alignment	UniProtKB	E0SLE3	tr|E0SLE3|E0SLE3_DICD3_Isochoris	nrp-metallophore-SI-main/1_rule_development/alignments/EntC.clw	395	5f0f16df725bcd662095bbd1a25771609858eef629a67a89353c401e9df47130		SOURCE_ASSOCIATION_ONLY
proteintraitsmech:ELIFE109154_EntC	seed_alignment	EMBL	AHY08568.1	AHY08568.1_isochorismate_synthas	nrp-metallophore-SI-main/1_rule_development/alignments/EntC.clw	402	03bd64efae784318a46a6a51946230a71717cbccaeec11e518989f6940100ba4		SOURCE_ASSOCIATION_ONLY
proteintraitsmech:ELIFE109154_EntC	seed_alignment	UniProtKB	P0AEJ2	sp|P0AEJ2|ENTC_ECOLI_Isochorisma	nrp-metallophore-SI-main/1_rule_development/alignments/EntC.clw	391	b8f80b3e8a6a2f4aade5b6bcb057a4778b2e92ceeb96fde87d0339bd72f3c55f	UniProtKB:P0AEJ2	QUALIFIED
proteintraitsmech:ELIFE109154_EntC	seed_alignment	RefSeq	WP_042525922.1	WP_042525922.1_isochorismate_syn	nrp-metallophore-SI-main/1_rule_development/alignments/EntC.clw	398	1455b80f75c1b7988097e45e97b915c3458452d363d9bbb0473a5da5a5918a42		SOURCE_ASSOCIATION_ONLY
proteintraitsmech:ELIFE109154_EntC	seed_alignment	EMBL	ABO89914.1	ABO89914.1_isochorismate_synthas	nrp-metallophore-SI-main/1_rule_development/alignments/EntC.clw	402	a1f7db02ae56605096c452dcca11e23d390831ac8808437d7a2578c94003c8a6		SOURCE_ASSOCIATION_ONLY
proteintraitsmech:ELIFE109154_EntC	seed_alignment	UniProtKB	P23300	P23300|reviewed|Putative	nrp-metallophore-SI-main/1_rule_development/alignments/EntC.clw	396	3426bc92f54c9a4f66b1870129fb6d60aef5acd73ca18f9e81f85904d8f408c1		SOURCE_ASSOCIATION_ONLY
proteintraitsmech:ELIFE109154_EntC	seed_alignment	UniProtKB	C5BUB6	tr|C5BUB6|C5BUB6_TERTT_Isochoris	nrp-metallophore-SI-main/1_rule_development/alignments/EntC.clw	394	016479fecf51ef7cc86dec3e95b0dfc02fcfefca5686c7bc21d4d0553ccfd2a8		SOURCE_ASSOCIATION_ONLY
proteintraitsmech:ELIFE109154_EntC	seed_alignment			G3A56_RS23870	nrp-metallophore-SI-main/1_rule_development/alignments/EntC.clw	391	9573c2d5806e4f395c25e8ce912c06aefe5b3c6ba658f675051e8d31f308bbf8		SOURCE_ASSOCIATION_ONLY
proteintraitsmech:ELIFE109154_EntC	seed_alignment	RefSeq	WP_002966563.1	WP_002966563.1_MULTISPECIES:_iso	nrp-metallophore-SI-main/1_rule_development/alignments/EntC.clw	391	344f95ec7a0eed4ded2c8506dce44dcab316e253900eca98d26395db0d8c4398		SOURCE_ASSOCIATION_ONLY
proteintraitsmech:ELIFE109154_EntC	seed_alignment	UniProtKB	A0A1Y5T939	tr|A0A1Y5T939|A0A1Y5T939_9RHOB	nrp-metallophore-SI-main/1_rule_development/alignments/EntC.clw	404	b94b9d7e212a327e36b2c5d5e9474edf57a70a68db9c18f8fd945385d38ce79b		SOURCE_ASSOCIATION_ONLY
proteintraitsmech:ELIFE109154_EntC	seed_alignment	UniProtKB	E0DCH3	tr|E0DCH3|E0DCH3_9CORY	nrp-metallophore-SI-main/1_rule_development/alignments/EntC.clw	352	e14d893dfb4f7cff245e21c741a278eef8f42f2892ebd48884b1a637d10c0d24		SOURCE_ASSOCIATION_ONLY
proteintraitsmech:ELIFE109154_EntC	seed_alignment			CSPHI_RS01650	nrp-metallophore-SI-main/1_rule_development/alignments/EntC.clw	362	4fd1caea7d60e241efbba62f89d70d4751b5bc97b33cb0f92d882a77826fe2dc		SOURCE_ASSOCIATION_ONLY
proteintraitsmech:ELIFE109154_EntC	seed_alignment	RefSeq	WP_005529946.1	WP_005529946.1_isochorismate_syn	nrp-metallophore-SI-main/1_rule_development/alignments/EntC.clw	394	9e7cce3c656af2c9b3d44359be912842504bee39f3b1630b4ceff31cfac09559		SOURCE_ASSOCIATION_ONLY
proteintraitsmech:ELIFE109154_EntC	seed_alignment	EMBL	AAR12563.1	AAR12563.1_putative_isochorismat	nrp-metallophore-SI-main/1_rule_development/alignments/EntC.clw	393	c4765643579c01811c3c1f77f233d16e5e5355f3bb556a274a505c3358c04db1		SOURCE_ASSOCIATION_ONLY
proteintraitsmech:ELIFE109154_EntC	seed_alignment	UniProtKB	Q0E7C8	tr|Q0E7C8|Q0E7C8_VIBAN_Isochoris	nrp-metallophore-SI-main/1_rule_development/alignments/EntC.clw	393	a46b606eb11bd01679bd2af86501058095f439434c4274add1a0fdf2bf9eb5bf		SOURCE_ASSOCIATION_ONLY
proteintraitsmech:ELIFE109154_EntC	seed_alignment	RefSeq	WP_000245175.1	WP_000245175.1_vibriobactin_bios	nrp-metallophore-SI-main/1_rule_development/alignments/EntC.clw	395	a4cde4b7afdd1e949b299ecca2272ff7ab2fa65d89315eccf5e16d7691b74f25		SOURCE_ASSOCIATION_ONLY
proteintraitsmech:ELIFE109154_EntC	seed_alignment	RefSeq	WP_011081752.1	WP_011081752.1_isochorismate_syn	nrp-metallophore-SI-main/1_rule_development/alignments/EntC.clw	393	6ccf1c616f98b0c4ef19b29719ea657a233461101481a8132028919272be9bce		SOURCE_ASSOCIATION_ONLY
proteintraitsmech:ELIFE109154_EntC	seed_alignment	UniProtKB	D5UY24	tr|D5UY24|D5UY24_TSUPD	nrp-metallophore-SI-main/1_rule_development/alignments/EntC.clw	368	d5426ee8bf4e6b02fd86df295b37b197c77a54dd1008995e433212cbeb6eafa5		SOURCE_ASSOCIATION_ONLY
proteintraitsmech:ELIFE109154_EntC	seed_alignment			GPOL_RS11790	nrp-metallophore-SI-main/1_rule_development/alignments/EntC.clw	405	01cff420281f066c1b29d9e348df301368609f510ab303edd20168a35495ab97		SOURCE_ASSOCIATION_ONLY
proteintraitsmech:ELIFE109154_EntC	seed_alignment	UniProtKB	U5ENE1	tr|U5ENE1|U5ENE1_NOCAS	nrp-metallophore-SI-main/1_rule_development/alignments/EntC.clw	382	8c7f72f6f4bdfdb7b6c39d1131d26aff1166561e105543f3d85377264952929a		SOURCE_ASSOCIATION_ONLY
proteintraitsmech:ELIFE109154_EntC	seed_alignment	RefSeq	WP_041814965.1	WP_041814965.1_MULTISPECIES:_iso	nrp-metallophore-SI-main/1_rule_development/alignments/EntC.clw	385	0f24092452e318810aa0ec280ed4c35106788a481edeecd92282e7c1d8cf93ad		SOURCE_ASSOCIATION_ONLY
proteintraitsmech:ELIFE109154_EntC	seed_alignment	UniProtKB	P9WFW8	P9WFW8|reviewed|Putative	nrp-metallophore-SI-main/1_rule_development/alignments/EntC.clw	372	7e669484aeaf51c901f0fe403b12500fb98a3351c0a24080ce339adc3725e66a		SOURCE_ASSOCIATION_ONLY
proteintraitsmech:ELIFE109154_EntC	seed_alignment	EMBL	ABG96580.1	ABG96580.1_isochorismate_synthas	nrp-metallophore-SI-main/1_rule_development/alignments/EntC.clw	380	c24bca20464e32bf7891d3012c6eea9d827052a129da3ebc56ef8cc0cc1d2cec		SOURCE_ASSOCIATION_ONLY
proteintraitsmech:ELIFE109154_EntC	seed_alignment	UniProtKB	F5XI89	tr|F5XI89|F5XI89_MICPN	nrp-metallophore-SI-main/1_rule_development/alignments/EntC.clw	413	f45332c79bf17bb30ef747809f6d448d7cc84111f7bb7446c75a6b99074f5322		SOURCE_ASSOCIATION_ONLY
proteintraitsmech:ELIFE109154_EntC	seed_alignment	UniProtKB	A0A077LXJ1	tr|A0A077LXJ1|A0A077LXJ1_9MICO	nrp-metallophore-SI-main/1_rule_development/alignments/EntC.clw	377	34c5b629e724ebb0888d6f65e66a536f102957a98aa01dedc624a59540015df2		SOURCE_ASSOCIATION_ONLY
proteintraitsmech:ELIFE109154_EntC	seed_alignment	UniProtKB	A0A0Q8PT72	tr|A0A0Q8PT72|A0A0Q8PT72_9ACTN	nrp-metallophore-SI-main/1_rule_development/alignments/EntC.clw	398	a59ef8fb56ccdf4e170df364b3b4ef680b00e9c5effc9b6f2bee01572710678c		SOURCE_ASSOCIATION_ONLY
proteintraitsmech:ELIFE109154_EntC	seed_alignment	UniProtKB	A0A1T4YS22	tr|A0A1T4YS22|A0A1T4YS22_9ACTN	nrp-metallophore-SI-main/1_rule_development/alignments/EntC.clw	372	5074badd10444f6fe639dff893046b79626c2a438b7af3ee333fee75c9f36cd2		SOURCE_ASSOCIATION_ONLY
proteintraitsmech:ELIFE109154_EntC	seed_alignment	RefSeq	WP_040136720.1	WP_040136720.1_isochorismate_syn	nrp-metallophore-SI-main/1_rule_development/alignments/EntC.clw	401	4f2f88d77b879c7b72a25a3544a8cbdad077ea9801ad175e082f2094f35d7cca		SOURCE_ASSOCIATION_ONLY
proteintraitsmech:ELIFE109154_EntC	seed_alignment	UniProtKB	A0A2M9BK70	tr|A0A2M9BK70|A0A2M9BK70_9ACTN	nrp-metallophore-SI-main/1_rule_development/alignments/EntC.clw	414	6acd397515fd37d0d2b9693f2653e03103df55db3b14fabd83c9de9c1c5154eb		SOURCE_ASSOCIATION_ONLY
proteintraitsmech:ELIFE109154_EntC	seed_alignment	EMBL	AGK13349.1	AGK13349.1_Isochorismate_synthas	nrp-metallophore-SI-main/1_rule_development/alignments/EntC.clw	403	227c6b1de48a764a45ab4bfc8382a189c51205a9e62157b455a6a5c5fa6c991b		SOURCE_ASSOCIATION_ONLY
proteintraitsmech:ELIFE109154_EntC	seed_alignment	EMBL	AAZ55905.1	AAZ55905.1_isochorismate_synthas	nrp-metallophore-SI-main/1_rule_development/alignments/EntC.clw	393	47cde8436cb201dfbfd5a96df293c37ce5f21db393a20e63afd6db741f329e1e		SOURCE_ASSOCIATION_ONLY
proteintraitsmech:ELIFE109154_EntC	seed_alignment	RefSeq	WP_084799192.1	WP_084799192.1_isochorismate_syn	nrp-metallophore-SI-main/1_rule_development/alignments/EntC.clw	334	765b2aab8248ce3d2938c7f1645b1ada1bc24d4a3c24bf856c071b9b8347fc77		SOURCE_ASSOCIATION_ONLY
proteintraitsmech:ELIFE109154_EntC	seed_alignment	EMBL	SEG97355.1	SEG97355.1_isochorismate_synthas	nrp-metallophore-SI-main/1_rule_development/alignments/EntC.clw	414	b40a6c04a5fe1420d8d1000f71f198ed74c1e9d864ebdb8585d4b5057b1729e5		SOURCE_ASSOCIATION_ONLY
proteintraitsmech:ELIFE109154_EntC	seed_alignment	RefSeq	WP_080675812.1	WP_080675812.1_isochorismate_syn	nrp-metallophore-SI-main/1_rule_development/alignments/EntC.clw	411	eeac432548d64329ded4beec25d2e60ffaf47e09191b29c2033c9913c6768ed1		SOURCE_ASSOCIATION_ONLY
proteintraitsmech:ELIFE109154_EntC	seed_alignment	UniProtKB	F8SRH4	tr|F8SRH4|F8SRH4_9BACL_Isochoris	nrp-metallophore-SI-main/1_rule_development/alignments/EntC.clw	422	f26b72f762ac46532cb9839102b587fd94c03a65ea22518adf6ea6eda0ccde06		SOURCE_ASSOCIATION_ONLY
proteintraitsmech:ELIFE109154_EntC	seed_alignment	EMBL	AAG31127.1	AAG31127.1_MxcD_[Stigmatella_aur	nrp-metallophore-SI-main/1_rule_development/alignments/EntC.clw	408	a933714b3bd9ad11deb3e601141eda4aa5419983d78a561883e5476b36c0e8a1		SOURCE_ASSOCIATION_ONLY
proteintraitsmech:ELIFE109154_EntC	seed_alignment	EMBL	ABI87247.1	ABI87247.1_isochorismate_synthas	nrp-metallophore-SI-main/1_rule_development/alignments/EntC.clw	394	bfd82f4ed4ca00f69a55e739478e3b893bee9aecff3dc5f3c2165d009b586716		SOURCE_ASSOCIATION_ONLY
proteintraitsmech:ELIFE109154_EntC	seed_alignment	UniProtKB	D2TVF4	tr|D2TVF4|D2TVF4_9ACTN_Isochoris	nrp-metallophore-SI-main/1_rule_development/alignments/EntC.clw	401	7f7122fb3d0d8de396091477d3e2a8f6d2c3fb8e92ad3c2632524081f1daba30		SOURCE_ASSOCIATION_ONLY
proteintraitsmech:ELIFE109154_EntC	seed_alignment	RefSeq	WP_041529959.1	WP_041529959.1_isochorismate_syn	nrp-metallophore-SI-main/1_rule_development/alignments/EntC.clw	401	637f95d1dd457cd730fef0526348db8b076d381f85364bae9f44b6e08d7fed55		SOURCE_ASSOCIATION_ONLY
proteintraitsmech:ELIFE109154_EntC	seed_alignment	UniProtKB	A0A2M9E2K6	tr|A0A2M9E2K6|A0A2M9E2K6_9GAMM	nrp-metallophore-SI-main/1_rule_development/alignments/EntC.clw	394	302e03d468f498055b5f41b35b42edfb07f22cf266241ceba943dacdc2dc7fec		SOURCE_ASSOCIATION_ONLY
proteintraitsmech:ELIFE109154_EntC	seed_alignment	UniProtKB	B2FHQ6	tr|B2FHQ6|B2FHQ6_STRMK	nrp-metallophore-SI-main/1_rule_development/alignments/EntC.clw	397	0e89693cfab38ccfda1a377bff6e1aabcb48e3ca399561a37d0ba0ef0e2a31b2		SOURCE_ASSOCIATION_ONLY
proteintraitsmech:ELIFE109154_IPL	seed_alignment	UniProtKB	G7LM40	tr|G7LM40|G7LM40_9GAMM	nrp-metallophore-SI-main/1_rule_development/alignments/IPL.clw	100	38ec0ac67314084ea0ea78fc4adc24ec0aa70178f6a8cdc2375eb35e807f9b82		SOURCE_ASSOCIATION_ONLY
proteintraitsmech:ELIFE109154_IPL	seed_alignment	UniProtKB	A0A3S0PAK1	tr|A0A3S0PAK1|A0A3S0PAK1_9VIBR	nrp-metallophore-SI-main/1_rule_development/alignments/IPL.clw	109	00658d8bfdf38ccfbfe8e0c423bdc057ffcb71bdeeaee800d8686b47b1a508a6		SOURCE_ASSOCIATION_ONLY
proteintraitsmech:ELIFE109154_IPL	seed_alignment	UniProtKB	A0A418T7G6	tr|A0A418T7G6|A0A418T7G6_9RHOB	nrp-metallophore-SI-main/1_rule_development/alignments/IPL.clw	128	708a5eebeae834d5b9e2286dc8883766870ac4bc38719fd2df207fcc8f050b3e	UniProtKB:A0A418T7G6	QUALIFIED
proteintraitsmech:ELIFE109154_IPL	seed_alignment	RefSeq	WP_011749279.1	WP_011749279.1	nrp-metallophore-SI-main/1_rule_development/alignments/IPL.clw	151	c53c6b9ed12cd9e8a2d0945677d4f4ae60e900215c1ed9909f67428110b1da49		SOURCE_ASSOCIATION_ONLY
proteintraitsmech:ELIFE109154_IPL	seed_alignment	UniProtKB	A0A348HD66	tr|A0A348HD66|A0A348HD66_9GAMM	nrp-metallophore-SI-main/1_rule_development/alignments/IPL.clw	107	42fa44e71814cb00cba3f7574da19ca5f8c0eac92638738cf71ffd6bcb3abf49		SOURCE_ASSOCIATION_ONLY
proteintraitsmech:ELIFE109154_IPL	seed_alignment	UniProtKB	A0A0X1T668	tr|A0A0X1T668|A0A0X1T668_PSEAA	nrp-metallophore-SI-main/1_rule_development/alignments/IPL.clw	107	381739f9fa3cf1d6e3de178fbabf2993e53d8bb9decabe10c42f988a1f058062		SOURCE_ASSOCIATION_ONLY
proteintraitsmech:ELIFE109154_IPL	seed_alignment	EMBL	AAO56100.1	AAO56100.1	nrp-metallophore-SI-main/1_rule_development/alignments/IPL.clw	106	740cf8a8da567225424551200a0fd9f4f11e6f2f55f4edbcf8983d6dcdc57917		SOURCE_ASSOCIATION_ONLY
proteintraitsmech:ELIFE109154_IPL	seed_alignment	EMBL	KJY78326.1	KJY78326.1	nrp-metallophore-SI-main/1_rule_development/alignments/IPL.clw	113	8f839a3985c601111767f6bd4c244852670169b11cb7a9a353ddc5ca556a3e60		SOURCE_ASSOCIATION_ONLY
proteintraitsmech:ELIFE109154_IPL	seed_alignment	RefSeq	WP_011081756.1	WP_011081756.1	nrp-metallophore-SI-main/1_rule_development/alignments/IPL.clw	109	05c6dd9e91d816ba22f122f2caa477a4ce36fe4c8381e9e6f7aaa7b9006d33b2		SOURCE_ASSOCIATION_ONLY
proteintraitsmech:ELIFE109154_IPL	seed_alignment	UniProtKB	G7ZCF9	tr|G7ZCF9|G7ZCF9_AZOL4	nrp-metallophore-SI-main/1_rule_development/alignments/IPL.clw	100	376f2d33ca7894bcb8f77b63d549c630d556025553a9254f8f1930e241b18062		SOURCE_ASSOCIATION_ONLY
proteintraitsmech:ELIFE109154_IPL	seed_alignment	EMBL	AIB42180.1	AIB42180.1	nrp-metallophore-SI-main/1_rule_development/alignments/IPL.clw	111	33c8fd1d4785eb660e5dcf5a995b3f05b66724ae3f3377d4d7cd0385e507a6ef		SOURCE_ASSOCIATION_ONLY
proteintraitsmech:ELIFE109154_IPL	seed_alignment	RefSeq	WP_011533710.1	WP_011533710.1	nrp-metallophore-SI-main/1_rule_development/alignments/IPL.clw	105	892c79edccc28ba88bcdce9b2660f36d3484aff66d9d2245c952da44ad9199e4		SOURCE_ASSOCIATION_ONLY
proteintraitsmech:ELIFE109154_IPL	seed_alignment	EMBL	ABJ13503.1	ABJ13503.1	nrp-metallophore-SI-main/1_rule_development/alignments/IPL.clw	101	e130a0eb8864d2eff9d39355136417e74365f62d6bfd4b540dcd1208b3cc7120		SOURCE_ASSOCIATION_ONLY
proteintraitsmech:ELIFE109154_IPL	seed_alignment	RefSeq	WP_041752761.1	WP_041752761.1	nrp-metallophore-SI-main/1_rule_development/alignments/IPL.clw	107	6e5903e970912b7b6e3723518d6b3604893401266f4d9dd8efb7204f05edf56f		SOURCE_ASSOCIATION_ONLY
proteintraitsmech:ELIFE109154_SalSyn	seed_alignment	EMBL	AGE11890.1	AGE11890.1	nrp-metallophore-SI-main/1_rule_development/alignments/SalSyn.clw	419	3d74a31b1e9885945692a04387dafe726d3631402670de9dbd8c198b160155dd		SOURCE_ASSOCIATION_ONLY
proteintraitsmech:ELIFE109154_SalSyn	seed_alignment	RefSeq	WP_015217392.1	WP_015217392.1	nrp-metallophore-SI-main/1_rule_development/alignments/SalSyn.clw	440	795e3c61d12dce5fed198ef98e7c2e06908010a1e8013637d12d2f2a2195c7cc		SOURCE_ASSOCIATION_ONLY
proteintraitsmech:ELIFE109154_SalSyn	seed_alignment	UniProtKB	U2JZQ2	tr|U2JZQ2|U2JZQ2_9FIRM	nrp-metallophore-SI-main/1_rule_development/alignments/SalSyn.clw	459	65311038725143189faebdc56ac8ea51bf5763e111893beec1250cf10ed179d4		SOURCE_ASSOCIATION_ONLY
proteintraitsmech:ELIFE109154_SalSyn	seed_alignment	EMBL	AAS61889.1	AAS61889.1	nrp-metallophore-SI-main/1_rule_development/alignments/SalSyn.clw	434	825be2d33fb51e958288fe6bf4dee347d08ace55225a963024a786851d540234		SOURCE_ASSOCIATION_ONLY
proteintraitsmech:ELIFE109154_SalSyn	seed_alignment	RefSeq	WP_054452513.1	WP_054452513.1	nrp-metallophore-SI-main/1_rule_development/alignments/SalSyn.clw	445	ccd7195080e596a3aa4391bde692034769f4fb02078e6f9b30149256cada12f8		SOURCE_ASSOCIATION_ONLY
proteintraitsmech:ELIFE109154_SalSyn	seed_alignment	UniProtKB	F6CXE6	tr|F6CXE6|F6CXE6_MARPP	nrp-metallophore-SI-main/1_rule_development/alignments/SalSyn.clw	464	ac7a911283a2653f1275d5fcbb6ee02bcce21b49c19c16f37ec3e92ce4a9972f	UniProtKB:F6CXE6	QUALIFIED
proteintraitsmech:ELIFE109154_SalSyn	seed_alignment	UniProtKB	H6R5M0	tr|H6R5M0|H6R5M0_NOCCG	nrp-metallophore-SI-main/1_rule_development/alignments/SalSyn.clw	439	c97fc81d5b520ed3c5241a4e3ab37d3b4ca2d2934966a9c606861a7148e90065	UniProtKB:H6R5M0	QUALIFIED
proteintraitsmech:ELIFE109154_SalSyn	seed_alignment	UniProtKB	A0A426PWW0	tr|A0A426PWW0|A0A426PWW0_9CORY	nrp-metallophore-SI-main/1_rule_development/alignments/SalSyn.clw	390	f93ef03aabc50fd85b2ab98ef7ca107fd54cf30051c5283473900180859f9fa3		SOURCE_ASSOCIATION_ONLY
proteintraitsmech:ELIFE109154_SalSyn	seed_alignment	EMBL	CCP45174.1	CCP45174.1	nrp-metallophore-SI-main/1_rule_development/alignments/SalSyn.clw	450	d2b1f22ac8b6b779a5a3232d13294b42fbebcd783cdf7733f3e23bab8d2d1d9a		SOURCE_ASSOCIATION_ONLY
proteintraitsmech:ELIFE109154_SalSyn	seed_alignment	EMBL	AMK48233.1	AMK48233.1	nrp-metallophore-SI-main/1_rule_development/alignments/SalSyn.clw	444	3475aaf0aae7e9d1dae7f3de34ce732cd27751757c180a442250c9414757b20e		SOURCE_ASSOCIATION_ONLY
proteintraitsmech:ELIFE109154_SalSyn	seed_alignment	RefSeq	WP_009076320.1	WP_009076320.1	nrp-metallophore-SI-main/1_rule_development/alignments/SalSyn.clw	436	1a8baf5e3c58001f360e1dba7a597850b9f535b15028c6e60205a1fb803c1a75		SOURCE_ASSOCIATION_ONLY
proteintraitsmech:ELIFE109154_SalSyn	seed_alignment	EMBL	BAD55464.1	BAD55464.1	nrp-metallophore-SI-main/1_rule_development/alignments/SalSyn.clw	438	4243da2a327cc0a9955d63b5b013d98e2613562f604fbb735a44f0672bcf081c		SOURCE_ASSOCIATION_ONLY
proteintraitsmech:ELIFE109154_SalSyn	seed_alignment	RefSeq	WP_011146566.1	WP_011146566.1	nrp-metallophore-SI-main/1_rule_development/alignments/SalSyn.clw	451	eef0e593a451bbc2454ca669e48225f1427b83df115264de91bd402901d3912f		SOURCE_ASSOCIATION_ONLY
proteintraitsmech:ELIFE109154_SalSyn	seed_alignment	EMBL	AKQ52535.1	AKQ52535.1	nrp-metallophore-SI-main/1_rule_development/alignments/SalSyn.clw	452	b570ad71ee35c0e88e72904f6e06e350ecbc6a8cf896c97bb44c894aee82d8b2		SOURCE_ASSOCIATION_ONLY
proteintraitsmech:ELIFE109154_Orn_monoox	seed_alignment	UniProtKB	Q0S7I4	tr|Q0S7I4|Q0S7I4_RHOJR	nrp-metallophore-SI-main/1_rule_development/alignments/Orn_monoox.clw	448	ebc3404221e1bcf0f897d4574e7642aaff4f6dd6e546669fe3f0e2bdf0103b2a		SOURCE_ASSOCIATION_ONLY
proteintraitsmech:ELIFE109154_Orn_monoox	seed_alignment			fuscachelin	nrp-metallophore-SI-main/1_rule_development/alignments/Orn_monoox.clw	438	69a25440732b8e95dd58aed5ebe53f0013df36c9c53133686451b2583aede994		SOURCE_ASSOCIATION_ONLY
proteintraitsmech:ELIFE109154_Orn_monoox	seed_alignment			scabichelin	nrp-metallophore-SI-main/1_rule_development/alignments/Orn_monoox.clw	468	19b570c732543dd0375bce86673c3c9fa9f52961b6cd33f003946cc8607e746c		SOURCE_ASSOCIATION_ONLY
proteintraitsmech:ELIFE109154_Orn_monoox	seed_alignment			gobichelin	nrp-metallophore-SI-main/1_rule_development/alignments/Orn_monoox.clw	475	b008f70b8e4364f8ede3bf5d2a8c571ce0b54f350434a256b7bdc3e9538d2a75		SOURCE_ASSOCIATION_ONLY
proteintraitsmech:ELIFE109154_Orn_monoox	seed_alignment			qinichelin	nrp-metallophore-SI-main/1_rule_development/alignments/Orn_monoox.clw	472	f42050bc07bed8ba2a9890da35585ec5c8266156d45cbc23f717a227d0c38be2		SOURCE_ASSOCIATION_ONLY
proteintraitsmech:ELIFE109154_Orn_monoox	seed_alignment			amychelin	nrp-metallophore-SI-main/1_rule_development/alignments/Orn_monoox.clw	426	21c0ae14de0215f00d850d025e052d7da6a6ba2f078c4057a8088de5c23d4813		SOURCE_ASSOCIATION_ONLY
proteintraitsmech:ELIFE109154_Orn_monoox	seed_alignment			albachelin	nrp-metallophore-SI-main/1_rule_development/alignments/Orn_monoox.clw	447	c344c553ecbec3eec52f8269e49a36eb460f1469f901b5df0b42cc15a7e0731e		SOURCE_ASSOCIATION_ONLY
proteintraitsmech:ELIFE109154_Orn_monoox	seed_alignment			erythrochelin	nrp-metallophore-SI-main/1_rule_development/alignments/Orn_monoox.clw	441	59134264c4269e46ad13f077ceb644304be7c025ce64828c0283b241d64870ca		SOURCE_ASSOCIATION_ONLY
proteintraitsmech:ELIFE109154_Orn_monoox	seed_alignment			coelichelin	nrp-metallophore-SI-main/1_rule_development/alignments/Orn_monoox.clw	451	26f29bb64372df22bcb574271dd40a5f8f6353e472c4275611281c792a69a310		SOURCE_ASSOCIATION_ONLY
proteintraitsmech:ELIFE109154_Orn_monoox	seed_alignment			salinichelin	nrp-metallophore-SI-main/1_rule_development/alignments/Orn_monoox.clw	446	5a0855aba9568823d78d753cb171d08d3d9cc14df99adfb3c332e5267d71410b		SOURCE_ASSOCIATION_ONLY
proteintraitsmech:ELIFE109154_Orn_monoox	seed_alignment	UniProtKB	A0A0F4QHH1	tr|A0A0F4QHH1|A0A0F4QHH1_9GAMM	nrp-metallophore-SI-main/1_rule_development/alignments/Orn_monoox.clw	410	d84c887cd00c56fed3382224b13418a3d58ec7877f0497e0afff2e580532372a	UniProtKB:A0A0F4QHH1	QUALIFIED
proteintraitsmech:ELIFE109154_Orn_monoox	seed_alignment	UniProtKB	C1DIQ9	tr|C1DIQ9|C1DIQ9_AZOVD	nrp-metallophore-SI-main/1_rule_development/alignments/Orn_monoox.clw	453	85d85ef3c7f16efed45a4ba6d15dfbea07653b6c082ebe20b9301a323c33f669	UniProtKB:C1DIQ9	QUALIFIED
proteintraitsmech:ELIFE109154_Orn_monoox	seed_alignment	UniProtKB	A0A375CHW0	tr|A0A375CHW0|A0A375CHW0_9BURK	nrp-metallophore-SI-main/1_rule_development/alignments/Orn_monoox.clw	452	4b2939a67eb1954ec929ec02a845af912b76923ea8551f702ccd6595dc51c965		SOURCE_ASSOCIATION_ONLY
proteintraitsmech:ELIFE109154_Orn_monoox	seed_alignment	UniProtKB	Q0K0K9	tr|Q0K0K9|Q0K0K9_CUPNH	nrp-metallophore-SI-main/1_rule_development/alignments/Orn_monoox.clw	466	1de5ae0dc960761513b2e76152d2836eafbdee5d17b49133048b1c4ea30a9408		SOURCE_ASSOCIATION_ONLY
proteintraitsmech:ELIFE109154_Orn_monoox	seed_alignment	UniProtKB	Q0VMR1	tr|Q0VMR1|Q0VMR1_ALCBS	nrp-metallophore-SI-main/1_rule_development/alignments/Orn_monoox.clw	430	86c0fc24f93183b16ed33bf560dfb6058cba6c04e873da4ec6665d0eeb5c7db1		SOURCE_ASSOCIATION_ONLY
proteintraitsmech:ELIFE109154_Orn_monoox	seed_alignment	UniProtKB	A0A0C4WTD7	tr|A0A0C4WTD7|A0A0C4WTD7_9GAMM	nrp-metallophore-SI-main/1_rule_development/alignments/Orn_monoox.clw	434	250b04a098b22aa8014a8b4a0652ce27fe1c6c851bac37a7653c4e6ac1b91bda		SOURCE_ASSOCIATION_ONLY
proteintraitsmech:ELIFE109154_Orn_monoox	seed_alignment	UniProtKB	B2JPG8	tr|B2JPG8|B2JPG8_PARP8	nrp-metallophore-SI-main/1_rule_development/alignments/Orn_monoox.clw	462	7ea444da54232cd90685f26be1cac1fe9185a757e171b5894e904c006f491a7e		SOURCE_ASSOCIATION_ONLY
proteintraitsmech:ELIFE109154_Orn_monoox	seed_alignment	UniProtKB	N6W943	tr|N6W943|N6W943_9ALTE	nrp-metallophore-SI-main/1_rule_development/alignments/Orn_monoox.clw	437	17ac0180815f08c9c447315f48f6237a0fd909b85c1f4ae64c3651ed2411e080		SOURCE_ASSOCIATION_ONLY
proteintraitsmech:ELIFE109154_Lys_monoox	seed_alignment	UniProtKB	P9WKF7	sp|P9WKF7|MBTG_MYCTU	nrp-metallophore-SI-main/1_rule_development/alignments/Lys_monoox.clw	431	235ded34f30fe51b86ee0c9ebd6edcb86e8326f47e7a211a76132d696e7b03ba	UniProtKB:P9WKF7	QUALIFIED
proteintraitsmech:ELIFE109154_Lys_monoox	seed_alignment	UniProtKB	D5UZ39	tr|D5UZ39|D5UZ39_TSUPD	nrp-metallophore-SI-main/1_rule_development/alignments/Lys_monoox.clw	447	fba94984d2d79961f3c756918d490abb4091fb0efef100f9e326323b309b8cea	UniProtKB:D5UZ39	QUALIFIED
proteintraitsmech:ELIFE109154_Lys_monoox	seed_alignment	UniProtKB	W5T955	tr|W5T955|W5T955_9NOCA	nrp-metallophore-SI-main/1_rule_development/alignments/Lys_monoox.clw	429	71c75efe3ba3a1ab5584349c4dfc6cc4ada2e539c3628f7034704c9d6dc99237	UniProtKB:W5T955	QUALIFIED
proteintraitsmech:ELIFE109154_Lys_monoox	seed_alignment			Lys_nocobactin	nrp-metallophore-SI-main/1_rule_development/alignments/Lys_monoox.clw	429	5340d0c18a2814128a9bf74feb743453826cfd08105409964e977670ae94c0f2		SOURCE_ASSOCIATION_ONLY
proteintraitsmech:ELIFE109154_TBH_Asp	seed_alignment	RefSeq	WP_052267370.1	WP_052267370.1_363.9i/525.1t/321.8h_trans-3__324	nrp-metallophore-SI-main/1_rule_development/alignments/TBH_Asp.clw	324	bd3aa649ea8920cd6a1f5bd3967822d5df0d26f436ae5741639198fc44dedaf7	UniProtKB:A0AAJ4ZGQ6	QUALIFIED
proteintraitsmech:ELIFE109154_TBH_Asp	seed_alignment	RefSeq	WP_186532662.1	WP_186532662.1_362.9i/536.4t/340h_trans-1__327	nrp-metallophore-SI-main/1_rule_development/alignments/TBH_Asp.clw	327	43964ec2c5c16af9c19f1387a5fbedad8ef92775f0a23fc7e737a6a4d2fc46be	UniProtKB:A0A923JFR9	QUALIFIED
proteintraitsmech:ELIFE109154_TBH_Asp	seed_alignment	RefSeq	WP_167092777.1	WP_167092777.1_357.4i/532.2t/346.6h_trans-0__312	nrp-metallophore-SI-main/1_rule_development/alignments/TBH_Asp.clw	312	cb95a2f9a6887dd615f01a34d81745314e3f2e11148ad46f2f89eb9a5ea80c35	UniProtKB:A0ABX0NDT2	QUALIFIED
proteintraitsmech:ELIFE109154_TBH_Asp	seed_alignment	RefSeq	WP_187520950.1	WP_187520950.1_350.3i/526t/325.5h_trans-3__328	nrp-metallophore-SI-main/1_rule_development/alignments/TBH_Asp.clw	328	5f3d49d7469556d399f453ab9ba4e3b0dfe5bc6b11d880cb9c9f83a4c83ed2c6		SOURCE_ASSOCIATION_ONLY
proteintraitsmech:ELIFE109154_TBH_Asp	seed_alignment	RefSeq	WP_200997444.1	WP_200997444.1_347.2i/499.3t/309.4h_trans-3__329	nrp-metallophore-SI-main/1_rule_development/alignments/TBH_Asp.clw	329	8267655d7ef2c9b51f49cf86ddfaaff005bb2b2d3297a46be0a382a1e51b4660		SOURCE_ASSOCIATION_ONLY
proteintraitsmech:ELIFE109154_TBH_Asp	seed_alignment	RefSeq	WP_221067138.1	WP_221067138.1_344.9i/508.1t/335.3h_trans-0__332	nrp-metallophore-SI-main/1_rule_development/alignments/TBH_Asp.clw	332	831c54436eb95adc0e99b36ec39e443938ec808f9afc8c679df4acfaa8ceddac		SOURCE_ASSOCIATION_ONLY
proteintraitsmech:ELIFE109154_TBH_Asp	seed_alignment	RefSeq	WP_003444936.1	WP_003444936.1_343.6i/503.6t/338.8h_trans-3__326	nrp-metallophore-SI-main/1_rule_development/alignments/TBH_Asp.clw	326	bdc8239a5721a711550befecb3a05e9be717657024f7d05602889874c044fb6d		SOURCE_ASSOCIATION_ONLY
proteintraitsmech:ELIFE109154_TBH_Asp	seed_alignment	RefSeq	WP_211854948.1	WP_211854948.1_342.1i/510.9t/319.5h_trans-0__325	nrp-metallophore-SI-main/1_rule_development/alignments/TBH_Asp.clw	325	05383e18540e4010f395e6606ed58ebae01b28215244da509218019e04fcb2b5		SOURCE_ASSOCIATION_ONLY
proteintraitsmech:ELIFE109154_TBH_Asp	seed_alignment	RefSeq	WP_205752919.1	WP_205752919.1_341.1i/508.9t/323.6h_trans-1__357	nrp-metallophore-SI-main/1_rule_development/alignments/TBH_Asp.clw	357	98327b3b647ac6a6dff3e34d666c341c8b75f126c6abc01bac6bbf98502b0b76		SOURCE_ASSOCIATION_ONLY
proteintraitsmech:ELIFE109154_TBH_Asp	seed_alignment	RefSeq	WP_190286296.1	WP_190286296.1_340.4i/507.5t/336.6h_trans-0__330	nrp-metallophore-SI-main/1_rule_development/alignments/TBH_Asp.clw	330	e02e4236765bd051d8d1ac71c9006bad5e5862466e0703cbe755f3f8ce44b226		SOURCE_ASSOCIATION_ONLY
proteintraitsmech:ELIFE109154_TBH_Asp	seed_alignment	RefSeq	WP_171626041.1	WP_171626041.1_339.6i/492.2t/323.2h_trans-1__328	nrp-metallophore-SI-main/1_rule_development/alignments/TBH_Asp.clw	328	90ad2b8d0587b66dc72e507c8c0692892c8b906db90138bad514dcdcfdcfaf92		SOURCE_ASSOCIATION_ONLY
proteintraitsmech:ELIFE109154_TBH_Asp	seed_alignment	RefSeq	WP_172235439.1	WP_172235439.1_337.8i/494.7t/318.3h_trans-0__320	nrp-metallophore-SI-main/1_rule_development/alignments/TBH_Asp.clw	320	ebadca82850a710140365b6c0afbabd314d86868ae6e4dc2f9a36b069ec0affb		SOURCE_ASSOCIATION_ONLY
proteintraitsmech:ELIFE109154_TBH_Asp	seed_alignment	RefSeq	WP_110571951.1	WP_110571951.1_337.4i/510t/326.2h_trans-3__332	nrp-metallophore-SI-main/1_rule_development/alignments/TBH_Asp.clw	332	210e54091133bd6840c069f6e2b89cfe50aeb83d989f870d26638eed9b00447f		SOURCE_ASSOCIATION_ONLY
proteintraitsmech:ELIFE109154_TBH_Asp	seed_alignment	RefSeq	WP_085681517.1	WP_085681517.1_336.7i/501.6t/325.1h_trans-3__339	nrp-metallophore-SI-main/1_rule_development/alignments/TBH_Asp.clw	339	2f2bc80539637e126ad9974b3c26787f842bb9269dd54a4790677d2d23b4e125		SOURCE_ASSOCIATION_ONLY
proteintraitsmech:ELIFE109154_TBH_Asp	seed_alignment	RefSeq	WP_013660133.1	WP_013660133.1_335i/510.2t/313.2h_trans-3__326	nrp-metallophore-SI-main/1_rule_development/alignments/TBH_Asp.clw	326	58c98f8425a309390b03cf3038a488ecb736c33aec2222521c2d4d5bc2321c51		SOURCE_ASSOCIATION_ONLY
proteintraitsmech:ELIFE109154_TBH_Asp	seed_alignment	RefSeq	WP_168080378.1	WP_168080378.1_334.9i/482.8t/313.6h_trans-3__337	nrp-metallophore-SI-main/1_rule_development/alignments/TBH_Asp.clw	337	1b4490ad8227f498a810d829a55ff133a678ae1d305317b0890c47bd40e9647a		SOURCE_ASSOCIATION_ONLY
proteintraitsmech:ELIFE109154_TBH_Asp	seed_alignment	RefSeq	WP_050756042.1	WP_050756042.1_333.7i/506.6t/329.8h_trans-1__332	nrp-metallophore-SI-main/1_rule_development/alignments/TBH_Asp.clw	332	1d41d674815465c2e4d65beeb06697fcbcdbc61887c76bb33b1edfcb16b1785e		SOURCE_ASSOCIATION_ONLY
proteintraitsmech:ELIFE109154_TBH_Asp	seed_alignment	RefSeq	WP_152647189.1	WP_152647189.1_333.5i/481.2t/300.2h_trans-0__315	nrp-metallophore-SI-main/1_rule_development/alignments/TBH_Asp.clw	315	6da138f9f1a4c8a9bb07a0c511ba6ab328efad847edf6e49816de289a0383784		SOURCE_ASSOCIATION_ONLY
proteintraitsmech:ELIFE109154_TBH_Asp	seed_alignment	RefSeq	WP_150050252.1	WP_150050252.1_333.3i/503t/337.2h_trans-1__335	nrp-metallophore-SI-main/1_rule_development/alignments/TBH_Asp.clw	335	d4d652575ca97770f46d254bdc05f5868a5d1cdc58d17dbe77cc7b635c5bbeb6		SOURCE_ASSOCIATION_ONLY
proteintraitsmech:ELIFE109154_TBH_Asp	seed_alignment	RefSeq	WP_021489663.1	WP_021489663.1_332.3i/502.4t/313h_trans-3__328	nrp-metallophore-SI-main/1_rule_development/alignments/TBH_Asp.clw	328	ad8c1bbcc67a99b57f8b03b08f2cc20acc80383bb85e60ffb07fd29c2ff098a0		SOURCE_ASSOCIATION_ONLY
proteintraitsmech:ELIFE109154_TBH_Asp	seed_alignment	RefSeq	WP_044617768.1	WP_044617768.1_331.6i/502.8t/309.1h_trans-0__334	nrp-metallophore-SI-main/1_rule_development/alignments/TBH_Asp.clw	334	39b45277f8bb80b9e72648c4ff02062feb21e824d0cb5f34efefdace12895c30		SOURCE_ASSOCIATION_ONLY
proteintraitsmech:ELIFE109154_TBH_Asp	seed_alignment	RefSeq	WP_066669309.1	WP_066669309.1_329.6i/490.8t/307.8h_trans-1__330	nrp-metallophore-SI-main/1_rule_development/alignments/TBH_Asp.clw	330	d545e0636a5beb3e79f4e2bad531ede86243e64977899d2d599e52a4fba9e090		SOURCE_ASSOCIATION_ONLY
proteintraitsmech:ELIFE109154_TBH_Asp	seed_alignment	RefSeq	WP_012487489.1	WP_012487489.1_328.7i/502.7t/308.1h_trans-1__326	nrp-metallophore-SI-main/1_rule_development/alignments/TBH_Asp.clw	326	a2fc1f1389dc78c1bd97c95d04784f2696ec8f5aba01875663a547c247ac7ed7		SOURCE_ASSOCIATION_ONLY
proteintraitsmech:ELIFE109154_TBH_Asp	seed_alignment	RefSeq	WP_218564188.1	WP_218564188.1_325.6i/486t/319.8h_trans-2__327	nrp-metallophore-SI-main/1_rule_development/alignments/TBH_Asp.clw	327	76e08f9862e406d9d896ec6f3c53494f6c6477779b71313ab810e48b8e93f4a1		SOURCE_ASSOCIATION_ONLY
proteintraitsmech:ELIFE109154_TBH_Asp	seed_alignment	RefSeq	WP_112711830.1	WP_112711830.1_324.9i/495.7t/314.5h_trans-3__321	nrp-metallophore-SI-main/1_rule_development/alignments/TBH_Asp.clw	321	44a1d19730863a6bda7e40b07834c967a66b3646cb019a31005e59a4356a85f3		SOURCE_ASSOCIATION_ONLY
proteintraitsmech:ELIFE109154_TBH_Asp	seed_alignment	RefSeq	WP_180937582.1	WP_180937582.1_324.1i/509.8t/301.4h_trans-1__342	nrp-metallophore-SI-main/1_rule_development/alignments/TBH_Asp.clw	342	e67a1082f95aaf2f42ebba7fb834ae542c3879dc0734259fc7a199f330d92e71		SOURCE_ASSOCIATION_ONLY
proteintraitsmech:ELIFE109154_TBH_Asp	seed_alignment	RefSeq	WP_126612612.1	WP_126612612.1_323.6i/480.1t/302.8h_trans-1__346	nrp-metallophore-SI-main/1_rule_development/alignments/TBH_Asp.clw	346	0f1226cb5795d0e1fa2984d59e50295ba39232b3e49b4c64298da2d34cf00e6f		SOURCE_ASSOCIATION_ONLY
proteintraitsmech:ELIFE109154_TBH_Asp	seed_alignment	RefSeq	WP_084004578.1	WP_084004578.1_322.7i/471.8t/305.3h_trans-1__346	nrp-metallophore-SI-main/1_rule_development/alignments/TBH_Asp.clw	346	6b5d4251ed98d5167c54ffb9d8a67692fe4be23fcd4e85df37c2d38e418086a2		SOURCE_ASSOCIATION_ONLY
proteintraitsmech:ELIFE109154_TBH_Asp	seed_alignment	RefSeq	WP_066133820.1	WP_066133820.1_322.6i/489.9t/309h_trans-1__337	nrp-metallophore-SI-main/1_rule_development/alignments/TBH_Asp.clw	337	0525de2ac411edd3ec4d4796097e17915b9cd2d6a3e0c48312cffcf5cda01652		SOURCE_ASSOCIATION_ONLY
proteintraitsmech:ELIFE109154_TBH_Asp	seed_alignment	RefSeq	WP_221191726.1	WP_221191726.1_321.9i/495.7t/h_trans-0__305	nrp-metallophore-SI-main/1_rule_development/alignments/TBH_Asp.clw	305	e462255d96eee377367009b6fb04a01851157cf0489fbff46f7be7a5191411ce		SOURCE_ASSOCIATION_ONLY
proteintraitsmech:ELIFE109154_TBH_Asp	seed_alignment	RefSeq	WP_217648303.1	WP_217648303.1_320.8i/487.5t/316.8h_trans-1__328	nrp-metallophore-SI-main/1_rule_development/alignments/TBH_Asp.clw	328	393965083b66643962da060776b79ede3d619441ad71f9d9c75b8062634b3390		SOURCE_ASSOCIATION_ONLY
proteintraitsmech:ELIFE109154_TBH_Asp	seed_alignment	RefSeq	WP_058895457.1	WP_058895457.1_317.2i/492.4t/309.8h_trans-1__335	nrp-metallophore-SI-main/1_rule_development/alignments/TBH_Asp.clw	335	750d5438921f4c43417de5ffc01ace1d4122d9342090be0e0312fd027fb05be8		SOURCE_ASSOCIATION_ONLY
proteintraitsmech:ELIFE109154_TBH_Asp	seed_alignment	RefSeq	WP_149234175.1	WP_149234175.1_317.1i/492.5t/314.9h_trans-4__332	nrp-metallophore-SI-main/1_rule_development/alignments/TBH_Asp.clw	332	71a5084e454ae8fb94d79bff55c0ab6f661349caa5b9b5390ea9e7456d1d5ff2		SOURCE_ASSOCIATION_ONLY
proteintraitsmech:ELIFE109154_TBH_Asp	seed_alignment	RefSeq	WP_190373841.1	WP_190373841.1_316.5i/508.2t/327.6h_trans-4__333	nrp-metallophore-SI-main/1_rule_development/alignments/TBH_Asp.clw	333	a499ac2ea080c3d7093db2a62ae0dd0869db5e412cb359fff1afd1e93d7f8a7b		SOURCE_ASSOCIATION_ONLY
proteintraitsmech:ELIFE109154_TBH_Asp	seed_alignment	RefSeq	WP_186674708.1	WP_186674708.1_314.5i/483t/312.6h_trans-1__328	nrp-metallophore-SI-main/1_rule_development/alignments/TBH_Asp.clw	328	e86da37a9ee468ead1637f015b7c091d6a8684b6bb471ecec20e5b8cdd2681df		SOURCE_ASSOCIATION_ONLY
proteintraitsmech:ELIFE109154_TBH_Asp	seed_alignment	RefSeq	WP_106354611.1	WP_106354611.1_313.8i/485.7t/h_trans-3__350	nrp-metallophore-SI-main/1_rule_development/alignments/TBH_Asp.clw	350	d5a019a8d9251a4014cc8356efa834c1feda8a7b6ddb53bcc45a6176572730fe		SOURCE_ASSOCIATION_ONLY
proteintraitsmech:ELIFE109154_TBH_Asp	seed_alignment	RefSeq	WP_124956022.1	WP_124956022.1_313i/496.8t/305.4h_trans-1__330	nrp-metallophore-SI-main/1_rule_development/alignments/TBH_Asp.clw	330	f1625e03f5c3cb7c55da788f9dfd15d5e1082223f897a917361185a20dbc8974		SOURCE_ASSOCIATION_ONLY
proteintraitsmech:ELIFE109154_TBH_Asp	seed_alignment	RefSeq	WP_090552544.1	WP_090552544.1_310.3i/494.5t/307.3h_trans-3__316	nrp-metallophore-SI-main/1_rule_development/alignments/TBH_Asp.clw	316	a887b73ca580bb624e4e2c2503a71ecbf8e5e9d3551a92a27dc5df352bccb5c0		SOURCE_ASSOCIATION_ONLY
proteintraitsmech:ELIFE109154_TBH_Asp	seed_alignment	RefSeq	WP_229707933.1	WP_229707933.1_310i/467.9t/323.8h_trans-0__354	nrp-metallophore-SI-main/1_rule_development/alignments/TBH_Asp.clw	354	43951abff21b9d459e5883ee98f66110c81dc564db7a14c1f5d5f3c57835bd4d		SOURCE_ASSOCIATION_ONLY
proteintraitsmech:ELIFE109154_TBH_Asp	seed_alignment	RefSeq	WP_175232117.1	WP_175232117.1_305.9i/475.7t/323.3h_trans-0__321	nrp-metallophore-SI-main/1_rule_development/alignments/TBH_Asp.clw	321	a1ccdfe0c6d763baf49c0f25931ab5fa207d50a6fa26f2b09e68ff20b62ddef7		SOURCE_ASSOCIATION_ONLY
proteintraitsmech:ELIFE109154_TBH_Asp	seed_alignment	RefSeq	WP_086932865.1	WP_086932865.1_304.5i/470.6t/h_trans-1__360	nrp-metallophore-SI-main/1_rule_development/alignments/TBH_Asp.clw	360	d108f55edd362936c502435cb11766307ce32f4cd1573837730238bfce90a82a		SOURCE_ASSOCIATION_ONLY
proteintraitsmech:ELIFE109154_TBH_Asp	seed_alignment	RefSeq	WP_060857858.1	WP_060857858.1_302.2i/470.4t/318.3h_trans-3__331	nrp-metallophore-SI-main/1_rule_development/alignments/TBH_Asp.clw	331	81be7009727195630202ebcb78709ff3e082979090df6667fd18eed03464e0a0		SOURCE_ASSOCIATION_ONLY
proteintraitsmech:ELIFE109154_TBH_Asp	seed_alignment	RefSeq	WP_103704829.1	WP_103704829.1_i/484.9t/302.3h_trans-3__326	nrp-metallophore-SI-main/1_rule_development/alignments/TBH_Asp.clw	326	797c3e43f2d77f13896cb5fb1723c5f55a7a0f547a27b9ed0582bd4e5d4c84c6		SOURCE_ASSOCIATION_ONLY
proteintraitsmech:ELIFE109154_TBH_Asp	seed_alignment	RefSeq	WP_103690964.1	WP_103690964.1_i/481.9t/307.5h_trans-3__332	nrp-metallophore-SI-main/1_rule_development/alignments/TBH_Asp.clw	332	f30b57c18e0fc0a0411eb9915182b153ff4550f343b1bccd1b9c967efa6e1c0e		SOURCE_ASSOCIATION_ONLY
proteintraitsmech:ELIFE109154_TBH_Asp	seed_alignment	RefSeq	WP_102645336.1	WP_102645336.1_i/464t/h_trans-3__356	nrp-metallophore-SI-main/1_rule_development/alignments/TBH_Asp.clw	356	21915f474ef3d475daed94ae19e89e368543200ceada4b6c1f29774646102902		SOURCE_ASSOCIATION_ONLY
proteintraitsmech:ELIFE109154_TBH_Asp	seed_alignment	RefSeq	WP_217705599.1	WP_217705599.1_i/462.2t/h_trans-1__288	nrp-metallophore-SI-main/1_rule_development/alignments/TBH_Asp.clw	288	1a039faa5c90d2ee696d5217c696e077847febaf4d05772ce44880d2a64528dc		SOURCE_ASSOCIATION_ONLY
proteintraitsmech:ELIFE109154_TBH_Asp	seed_alignment	RefSeq	WP_085229582.1	WP_085229582.1_i/456.4t/299.5h_trans-3__339	nrp-metallophore-SI-main/1_rule_development/alignments/TBH_Asp.clw	339	81b98beb302ea19df38639d56e231dadcf5ccc4ab60d9612776ab676fa08c65b		SOURCE_ASSOCIATION_ONLY
proteintraitsmech:ELIFE109154_TBH_Asp	seed_alignment	RefSeq	WP_111931086.1	WP_111931086.1_i/450.7t/h_trans-3__320	nrp-metallophore-SI-main/1_rule_development/alignments/TBH_Asp.clw	320	47e643fe26551a65fb0a898e72da87493a954ff74669cefb18d07324efae8411		SOURCE_ASSOCIATION_ONLY
proteintraitsmech:ELIFE109154_TBH_Asp	seed_alignment	RefSeq	WP_096335580.1	WP_096335580.1_i/445.5t/h_trans-0__318	nrp-metallophore-SI-main/1_rule_development/alignments/TBH_Asp.clw	318	09f13df5cfa687c9f7751c8a730a6d17cc01a7ba0df8c15ec2631f9b4a717696		SOURCE_ASSOCIATION_ONLY
proteintraitsmech:ELIFE109154_IBH_Asp	seed_alignment	RefSeq	WP_169890531.1	WP_169890531.1_517i/321.4t/307.1h_trans-1__1926	nrp-metallophore-SI-main/1_rule_development/alignments/IBH_Asp.clw	1926	f20d6ba2f1180bcc5532dc072d913acc8e100962d47419312c34f24dc02ec5f0		DOMAIN_COORDINATES_UNRESOLVED
proteintraitsmech:ELIFE109154_IBH_Asp	seed_alignment	RefSeq	WP_181640117.1	WP_181640117.1_515i/320.8t/306.7h_trans-1__3400	nrp-metallophore-SI-main/1_rule_development/alignments/IBH_Asp.clw	3400	5f6cf6c77c003cd72503ca53615c912ed8efb249201befb95ba4b7c0fb620b06		DOMAIN_COORDINATES_UNRESOLVED
proteintraitsmech:ELIFE109154_IBH_Asp	seed_alignment	RefSeq	WP_126025292.1	WP_126025292.1_514.9i/311.2t/h_trans-0__2361	nrp-metallophore-SI-main/1_rule_development/alignments/IBH_Asp.clw	2361	a053682430eea0e3dca11415532f43d5cc42988bb8c8b9e6d9fcbc700e166b5e		DOMAIN_COORDINATES_UNRESOLVED
proteintraitsmech:ELIFE109154_IBH_Asp	seed_alignment	RefSeq	WP_135846354.1	WP_135846354.1_514.5i/323.5t/h_trans-1__4508	nrp-metallophore-SI-main/1_rule_development/alignments/IBH_Asp.clw	4508	86ef37d68927bd4c5ecb2e82402b7b9f4956fe95d1106b15e2d641dd424cc602		DOMAIN_COORDINATES_UNRESOLVED
proteintraitsmech:ELIFE109154_IBH_Asp	seed_alignment	RefSeq	WP_004999813.1	WP_004999813.1_513.4i/319.7t/h_trans-1__3074	nrp-metallophore-SI-main/1_rule_development/alignments/IBH_Asp.clw	3074	dc08921558c0d3245462b4cc081b5a2763e21ac93227c4dfd5a26b193842b9f2		DOMAIN_COORDINATES_UNRESOLVED
proteintraitsmech:ELIFE109154_IBH_Asp	seed_alignment	RefSeq	WP_213607243.1	WP_213607243.1_513i/321.2t/309.2h_trans-3__3433	nrp-metallophore-SI-main/1_rule_development/alignments/IBH_Asp.clw	3433	dc277d4dab4a1aa7c144d17c6635587cca146bc1fdbbd8476451f9f801a85362		DOMAIN_COORDINATES_UNRESOLVED
proteintraitsmech:ELIFE109154_IBH_Asp	seed_alignment	RefSeq	WP_192560201.1	WP_192560201.1_512.7i/318.1t/h_trans-1__4501	nrp-metallophore-SI-main/1_rule_development/alignments/IBH_Asp.clw	4501	2a7ae2cb6f4b83edaa14244f3382e0954e972a6cbab7146abe9bef55405088bb		DOMAIN_COORDINATES_UNRESOLVED
proteintraitsmech:ELIFE109154_IBH_Asp	seed_alignment	RefSeq	WP_149632487.1	WP_149632487.1_511.8i/321.1t/h_trans-1__4571	nrp-metallophore-SI-main/1_rule_development/alignments/IBH_Asp.clw	4571	26853de64ed39f6c114d3e472db5d92d18441bbfc1d9188844edcab7cc640b44		DOMAIN_COORDINATES_UNRESOLVED
proteintraitsmech:ELIFE109154_IBH_Asp	seed_alignment	RefSeq	WP_217859990.1	WP_217859990.1_511.4i/317.9t/h_trans-1__4702	nrp-metallophore-SI-main/1_rule_development/alignments/IBH_Asp.clw	4702	9804dff06ee65a3539a761c3493a356cfdc116b3e07975dfdb27dbc39f5cba36		DOMAIN_COORDINATES_UNRESOLVED
proteintraitsmech:ELIFE109154_IBH_Asp	seed_alignment	RefSeq	WP_092279733.1	WP_092279733.1_511.1i/319.1t/303.3h_trans-1__4525	nrp-metallophore-SI-main/1_rule_development/alignments/IBH_Asp.clw	4525	c032c28e96bd56daf5e4f593ed6a9b174040997ec8af58718bb40e9ab980804f		DOMAIN_COORDINATES_UNRESOLVED
proteintraitsmech:ELIFE109154_IBH_Asp	seed_alignment	RefSeq	WP_186613653.1	WP_186613653.1_511.1i/318.9t/299.8h_trans-1__4508	nrp-metallophore-SI-main/1_rule_development/alignments/IBH_Asp.clw	4508	3e5d6186f4facf37670117ab2e72f6ddef483c6e65ec2ce40a66345edbaba674		DOMAIN_COORDINATES_UNRESOLVED
proteintraitsmech:ELIFE109154_IBH_Asp	seed_alignment	RefSeq	WP_203543676.1	WP_203543676.1_509.7i/320.5t/h_trans-2__3418	nrp-metallophore-SI-main/1_rule_development/alignments/IBH_Asp.clw	3418	8f1e968c4291f47f19b6be4b1501d6b2c4d75e6afd006c85c4904ba49dab5c00		DOMAIN_COORDINATES_UNRESOLVED
proteintraitsmech:ELIFE109154_IBH_Asp	seed_alignment	RefSeq	WP_063028503.1	WP_063028503.1_509.2i/316.5t/311.4h_trans-1__3433	nrp-metallophore-SI-main/1_rule_development/alignments/IBH_Asp.clw	3433	a67631c63beac412ccb7c894e580e37ddaf295335a9dc67f7e3807731ba140f0		DOMAIN_COORDINATES_UNRESOLVED
proteintraitsmech:ELIFE109154_IBH_Asp	seed_alignment	RefSeq	WP_096651826.1	WP_096651826.1_509.2i/312.7t/h_trans-0__1550	nrp-metallophore-SI-main/1_rule_development/alignments/IBH_Asp.clw	1550	e07fc5ec6cf5e956a5e418721e3dcabf1435b7828b11f5f477f1632b9f7f04c4		DOMAIN_COORDINATES_UNRESOLVED
proteintraitsmech:ELIFE109154_IBH_Asp	seed_alignment	RefSeq	WP_139970991.1	WP_139970991.1_508.9i/310t/h_trans-1__4078	nrp-metallophore-SI-main/1_rule_development/alignments/IBH_Asp.clw	4078	f36e7a905bebad1e9813eef619ac161541ea1779ea480085beb48fe06a1b3d13		DOMAIN_COORDINATES_UNRESOLVED
proteintraitsmech:ELIFE109154_IBH_Asp	seed_alignment	RefSeq	WP_151069544.1	WP_151069544.1_506.9i/316.4t/h_trans-1__3117	nrp-metallophore-SI-main/1_rule_development/alignments/IBH_Asp.clw	3117	b87650dda0de4696973428b74c646a0181554ffd1df8945264e8bd68c8ff3053		DOMAIN_COORDINATES_UNRESOLVED
proteintraitsmech:ELIFE109154_IBH_Asp	seed_alignment	RefSeq	WP_062803084.1	WP_062803084.1_506.9i/306.7t/h_trans-1__1509	nrp-metallophore-SI-main/1_rule_development/alignments/IBH_Asp.clw	1509	fc22aae039339285c4b035c4f867cd65fb4346385f4274d3b03ce37403a75e71		DOMAIN_COORDINATES_UNRESOLVED
proteintraitsmech:ELIFE109154_IBH_Asp	seed_alignment	RefSeq	WP_008737432.1	WP_008737432.1_505.7i/303.5t/h_trans-1__2214	nrp-metallophore-SI-main/1_rule_development/alignments/IBH_Asp.clw	2214	0651c5367be14beb153c83e2aafc55e17e26f2963aac9b2cc42bd1a568b9c28d		DOMAIN_COORDINATES_UNRESOLVED
proteintraitsmech:ELIFE109154_IBH_Asp	seed_alignment	RefSeq	WP_211230608.1	WP_211230608.1_503.8i/314.4t/h_trans-0__1509	nrp-metallophore-SI-main/1_rule_development/alignments/IBH_Asp.clw	1509	093b4ef2d4287857d4585310323b18f81bb246039c9bd8e9b1f3f2fa4bfbf3ba		DOMAIN_COORDINATES_UNRESOLVED
proteintraitsmech:ELIFE109154_IBH_Asp	seed_alignment	RefSeq	WP_081905288.1	WP_081905288.1_496.9i/320.9t/h_trans-1__3469	nrp-metallophore-SI-main/1_rule_development/alignments/IBH_Asp.clw	3469	ee9b485de3d85cec335e60208a026ede95295eab05a0dddf853ad701f9053041		DOMAIN_COORDINATES_UNRESOLVED
proteintraitsmech:ELIFE109154_IBH_Asp	seed_alignment	RefSeq	WP_144572755.1	WP_144572755.1_496.5i/305.9t/h_trans-1__3415	nrp-metallophore-SI-main/1_rule_development/alignments/IBH_Asp.clw	3415	4b2eba43b2a5672f6f89d726de778e1d1b9981a2f321b50b83ea2d2de467e3fc		DOMAIN_COORDINATES_UNRESOLVED
proteintraitsmech:ELIFE109154_IBH_Asp	seed_alignment	RefSeq	WP_142050971.1	WP_142050971.1_491.1i/t/h_trans-1__1863	nrp-metallophore-SI-main/1_rule_development/alignments/IBH_Asp.clw	1863	bc2b754ada2a5c12fbfd41df6cfd787c49e9bf8bb2adb8cf02c0ba8142cb1153		DOMAIN_COORDINATES_UNRESOLVED
proteintraitsmech:ELIFE109154_IBH_Asp	seed_alignment	RefSeq	WP_126072804.1	WP_126072804.1_488.8i/304.3t/h_trans-1__1898	nrp-metallophore-SI-main/1_rule_development/alignments/IBH_Asp.clw	1898	a85ce9a95026416bc0aa43c918776b8b0057508363679b9b5b1be377042624f5		DOMAIN_COORDINATES_UNRESOLVED
proteintraitsmech:ELIFE109154_IBH_Asp	seed_alignment	RefSeq	WP_090382747.1	WP_090382747.1_488.8i/302.8t/h_trans-1__2998	nrp-metallophore-SI-main/1_rule_development/alignments/IBH_Asp.clw	2998	11eb98fe5a9133b4e3ec9ab83f0bb804544ce959d1bb8404e758fa21273683c7		DOMAIN_COORDINATES_UNRESOLVED
proteintraitsmech:ELIFE109154_IBH_Asp	seed_alignment	RefSeq	WP_013660137.1	WP_013660137.1_488.4i/339.7t/h_trans-3__3280	nrp-metallophore-SI-main/1_rule_development/alignments/IBH_Asp.clw	3280	32b0704dfedceac0d1289219c978805310983b342c6ca99a19e60c817f4d1f79		DOMAIN_COORDINATES_UNRESOLVED
proteintraitsmech:ELIFE109154_IBH_Asp	seed_alignment	RefSeq	WP_125251333.1	WP_125251333.1_488i/304.4t/h_trans-1__353	nrp-metallophore-SI-main/1_rule_development/alignments/IBH_Asp.clw	353	58e56c3d5c3f772c0b91d13c15d18f0cfc3f4676e33be3e707a3a53f50610498		DOMAIN_COORDINATES_UNRESOLVED
proteintraitsmech:ELIFE109154_IBH_Asp	seed_alignment	RefSeq	WP_004371483.1	WP_004371483.1_488i/t/h_trans-0__1375	nrp-metallophore-SI-main/1_rule_development/alignments/IBH_Asp.clw	1375	9fa740b1924630a9fa72d6ae70d6db7437ccd030bda3f991a16f1c53ffc7ea35		DOMAIN_COORDINATES_UNRESOLVED
proteintraitsmech:ELIFE109154_IBH_Asp	seed_alignment	RefSeq	WP_193191967.1	WP_193191967.1_487.8i/305.8t/h_trans-1__2582	nrp-metallophore-SI-main/1_rule_development/alignments/IBH_Asp.clw	2582	d7d5c2d09d46eba70dbf3aeb2e914f1ce802289a8bd9e4d893124851c0a668ca		DOMAIN_COORDINATES_UNRESOLVED
proteintraitsmech:ELIFE109154_IBH_Asp	seed_alignment	RefSeq	WP_197513523.1	WP_197513523.1_487.6i/t/h_trans-1__1596	nrp-metallophore-SI-main/1_rule_development/alignments/IBH_Asp.clw	1596	865a9178f69b009fcc34bc06a366f6f42114d28d5a2ac5434cbacf3f156a03a3		DOMAIN_COORDINATES_UNRESOLVED
proteintraitsmech:ELIFE109154_IBH_Asp	seed_alignment	RefSeq	WP_090358738.1	WP_090358738.1_485.7i/316.7t/h_trans-3__1496	nrp-metallophore-SI-main/1_rule_development/alignments/IBH_Asp.clw	1496	584ef03370ecbc33c60db2240efe4f38cc3b0c44bdb51c024a188c8f27fb962d		DOMAIN_COORDINATES_UNRESOLVED
proteintraitsmech:ELIFE109154_IBH_Asp	seed_alignment	RefSeq	WP_027856251.1	WP_027856251.1_485.3i/342.3t/h_trans-3__3063	nrp-metallophore-SI-main/1_rule_development/alignments/IBH_Asp.clw	3063	4fc95daf01b60197df438caa0129f21a4dd03e63be368130cbc7c00c2314456a		DOMAIN_COORDINATES_UNRESOLVED
proteintraitsmech:ELIFE109154_IBH_Asp	seed_alignment	RefSeq	WP_186556090.1	WP_186556090.1_483.6i/302.8t/h_trans-1__2978	nrp-metallophore-SI-main/1_rule_development/alignments/IBH_Asp.clw	2978	48211d0478936e217cea96925ddad473fc7a202cd41e588204f2a82e1ae1eb8a		DOMAIN_COORDINATES_UNRESOLVED
proteintraitsmech:ELIFE109154_IBH_Asp	seed_alignment	RefSeq	WP_174464482.1	WP_174464482.1_483.3i/t/h_trans-1__938	nrp-metallophore-SI-main/1_rule_development/alignments/IBH_Asp.clw	938	c3d346873c504f03c4cd971bd5508cbca4fe0db432e05a85cbe48bc3f15b63a4		DOMAIN_COORDINATES_UNRESOLVED
proteintraitsmech:ELIFE109154_IBH_Asp	seed_alignment	RefSeq	WP_082853297.1	WP_082853297.1_477.6i/t/h_trans-1__3013	nrp-metallophore-SI-main/1_rule_development/alignments/IBH_Asp.clw	3013	c3753388e1414a274d21ee1d659f29ad3e83bbdcac16dd794c544498df22a977		DOMAIN_COORDINATES_UNRESOLVED
proteintraitsmech:ELIFE109154_IBH_Asp	seed_alignment	RefSeq	WP_183040187.1	WP_183040187.1_475.6i/311.5t/h_trans-3__340	nrp-metallophore-SI-main/1_rule_development/alignments/IBH_Asp.clw	340	d796021d96599be772be643dd6703f8f720d191472ba2d2fa706841dc7f22cbb		DOMAIN_COORDINATES_UNRESOLVED
proteintraitsmech:ELIFE109154_IBH_Asp	seed_alignment	RefSeq	WP_010365469.1	WP_010365469.1_475.3i/t/h_trans-1__5438	nrp-metallophore-SI-main/1_rule_development/alignments/IBH_Asp.clw	5438	ab0c4185ef9d3630abf4a7890bad627aaf061da60f7389dd13d63a26910c45f7		DOMAIN_COORDINATES_UNRESOLVED
proteintraitsmech:ELIFE109154_IBH_Asp	seed_alignment	RefSeq	WP_206418200.1	WP_206418200.1_471.3i/324.4t/h_trans-1__3391	nrp-metallophore-SI-main/1_rule_development/alignments/IBH_Asp.clw	3391	86b8cbac2bd208a9c9c8d80799cc13ff16988df4e1ec10f884065721ca0dc53b		DOMAIN_COORDINATES_UNRESOLVED
proteintraitsmech:ELIFE109154_IBH_Asp	seed_alignment	RefSeq	WP_153135986.1	WP_153135986.1_470.8i/300.2t/h_trans-3__5247	nrp-metallophore-SI-main/1_rule_development/alignments/IBH_Asp.clw	5247	4927cc64eee8d7b55a1b01efee3e94eec02e3d5ce560f9c5a86847d841b27390		DOMAIN_COORDINATES_UNRESOLVED
proteintraitsmech:ELIFE109154_IBH_Asp	seed_alignment	RefSeq	WP_152746359.1	WP_152746359.1_464.6i/321.7t/h_trans-1__3359	nrp-metallophore-SI-main/1_rule_development/alignments/IBH_Asp.clw	3359	3beb39f36d3a71c1b563069beabd6abbb4407b7165589dd056fc618a6801053f		DOMAIN_COORDINATES_UNRESOLVED
proteintraitsmech:ELIFE109154_IBH_Asp	seed_alignment	RefSeq	WP_186291503.1	WP_186291503.1_464.3i/t/h_trans-1__2905	nrp-metallophore-SI-main/1_rule_development/alignments/IBH_Asp.clw	2905	af571d9d409c7af11fbdbd3f8507ff5dcaf87fd00631508534e1f995101a29a5		DOMAIN_COORDINATES_UNRESOLVED
proteintraitsmech:ELIFE109154_IBH_Asp	seed_alignment	RefSeq	WP_069018534.1	WP_069018534.1_463.9i/318.2t/h_trans-1__3405	nrp-metallophore-SI-main/1_rule_development/alignments/IBH_Asp.clw	3405	5206fc5c3bb440bd3bb5cef0075e7313676dca1d2c1ecb0a0f4598c976eee265		DOMAIN_COORDINATES_UNRESOLVED
proteintraitsmech:ELIFE109154_IBH_Asp	seed_alignment	RefSeq	WP_110571959.1	WP_110571959.1_461.1i/316.6t/h_trans-3__3084	nrp-metallophore-SI-main/1_rule_development/alignments/IBH_Asp.clw	3084	7ec6421789458c786e4de504b17ece3ca16ccf13c0c1f2b23f70283f35573eac		DOMAIN_COORDINATES_UNRESOLVED
proteintraitsmech:ELIFE109154_IBH_Asp	seed_alignment	RefSeq	WP_044617772.1	WP_044617772.1_460.9i/332.8t/h_trans-0__3178	nrp-metallophore-SI-main/1_rule_development/alignments/IBH_Asp.clw	3178	be0934044fd847056e4e1a0192f1ceb816338f07bcc3d94b596bacb842be91fd		DOMAIN_COORDINATES_UNRESOLVED
proteintraitsmech:ELIFE109154_IBH_Asp	seed_alignment	RefSeq	WP_053046640.1	WP_053046640.1_459.6i/319.6t/h_trans-0__3029	nrp-metallophore-SI-main/1_rule_development/alignments/IBH_Asp.clw	3029	996d2baa60f6ca812e501590da5b58fb25f79e7f2e45e9c89ccf5480f1648c7e		DOMAIN_COORDINATES_UNRESOLVED
proteintraitsmech:ELIFE109154_IBH_Asp	seed_alignment	RefSeq	WP_144241632.1	WP_144241632.1_458.4i/300.5t/h_trans-0__366	nrp-metallophore-SI-main/1_rule_development/alignments/IBH_Asp.clw	366	c9f2ef4b3c92d41040ae008627eef3a53278a6766a024824f4c33b8e25b18f38		DOMAIN_COORDINATES_UNRESOLVED
proteintraitsmech:ELIFE109154_IBH_Asp	seed_alignment	RefSeq	WP_047701005.1	WP_047701005.1_457i/301.5t/h_trans-0__353	nrp-metallophore-SI-main/1_rule_development/alignments/IBH_Asp.clw	353	438f2e432bb1f2f1a653ceaa56d394d5ab0544c1c9cd04c3065ff4b6112e3ac0		DOMAIN_COORDINATES_UNRESOLVED
proteintraitsmech:ELIFE109154_IBH_Asp	seed_alignment	RefSeq	WP_086932862.1	WP_086932862.1_456.4i/321.3t/h_trans-1__3224	nrp-metallophore-SI-main/1_rule_development/alignments/IBH_Asp.clw	3224	43e904b06960b7381ef67887f8f8bd4be1ab9d7136cba7c6cf3b99164d21f098		DOMAIN_COORDINATES_UNRESOLVED
proteintraitsmech:ELIFE109154_IBH_Asp	seed_alignment	RefSeq	WP_149199761.1	WP_149199761.1_456.4i/t/h_trans-1__2924	nrp-metallophore-SI-main/1_rule_development/alignments/IBH_Asp.clw	2924	6b7f111634d08c7304e98e02814ded27c2bfaeb447781e627c44fbeb8154025c		DOMAIN_COORDINATES_UNRESOLVED
proteintraitsmech:ELIFE109154_IBH_Asp	seed_alignment	RefSeq	WP_051427730.1	WP_051427730.1_456.1i/329t/h_trans-3__3013	nrp-metallophore-SI-main/1_rule_development/alignments/IBH_Asp.clw	3013	166703e884596360012cd651404af88a88141b0c21d97d7c2b2c61758d838968		DOMAIN_COORDINATES_UNRESOLVED
proteintraitsmech:ELIFE109154_IBH_Asp	seed_alignment	RefSeq	WP_084624102.1	WP_084624102.1_454.2i/318.2t/h_trans-2__3125	nrp-metallophore-SI-main/1_rule_development/alignments/IBH_Asp.clw	3125	3edc3d94c5bb09abcd2525d5db65c3b6b75393200e9dda9ae3062c0c56f8efb2		DOMAIN_COORDINATES_UNRESOLVED
proteintraitsmech:ELIFE109154_IBH_Asp	seed_alignment	RefSeq	WP_183455524.1	WP_183455524.1_452.6i/308.8t/h_trans-0__3055	nrp-metallophore-SI-main/1_rule_development/alignments/IBH_Asp.clw	3055	fe20b62225b9dbecd08fe1e0ed680c0a91dc2088b9b7cf181cb4048c87541cb0		DOMAIN_COORDINATES_UNRESOLVED
proteintraitsmech:ELIFE109154_IBH_Asp	seed_alignment	RefSeq	WP_171626037.1	WP_171626037.1_450.2i/318.7t/h_trans-1__3099	nrp-metallophore-SI-main/1_rule_development/alignments/IBH_Asp.clw	3099	59421b8e19c7cd475a4bac1b235687f00c275776fa2efe806f4b0dcaf80c4238		DOMAIN_COORDINATES_UNRESOLVED
proteintraitsmech:ELIFE109154_IBH_Asp	seed_alignment	RefSeq	WP_174981122.1	WP_174981122.1_443i/t/h_trans-3__9450	nrp-metallophore-SI-main/1_rule_development/alignments/IBH_Asp.clw	9450	dc108ed84c9b111328d14c05798577189293e484c8e00834d24300857efbd527		DOMAIN_COORDINATES_UNRESOLVED
proteintraitsmech:ELIFE109154_IBH_Asp	seed_alignment	RefSeq	WP_150790401.1	WP_150790401.1_439.8i/t/h_trans-3__9426	nrp-metallophore-SI-main/1_rule_development/alignments/IBH_Asp.clw	9426	8d13fd97478da59cea27e4c493330e96749675b9ea08ceb10b133e78f9669a52		DOMAIN_COORDINATES_UNRESOLVED
proteintraitsmech:ELIFE109154_IBH_Asp	seed_alignment	RefSeq	WP_091903395.1	WP_091903395.1_426.4i/t/h_trans-3__9752	nrp-metallophore-SI-main/1_rule_development/alignments/IBH_Asp.clw	9752	c891a6749d4d520c2a2c2c21843d9d31d4d62d523bb935dda0e254f7101ca67a		DOMAIN_COORDINATES_UNRESOLVED
proteintraitsmech:ELIFE109154_IBH_Asp	seed_alignment	RefSeq	WP_073103167.1	WP_073103167.1_418.5i/t/h_trans-1__342	nrp-metallophore-SI-main/1_rule_development/alignments/IBH_Asp.clw	342	cd8f72b7c1523c610820555c6761e2a75bc5f14471ee06bd780afbc4e8ce0532		DOMAIN_COORDINATES_UNRESOLVED
proteintraitsmech:ELIFE109154_IBH_His	seed_alignment	RefSeq	WP_167087236.1	WP_167087236.1_i/356.1t/555.2h_trans-1__350	nrp-metallophore-SI-main/1_rule_development/alignments/IBH_His.clw	350	f67419e379772c281b15b4bfd3983d9b9fe2fb75e5176944dd08f3a08d81656f	UniProtKB:A0ABX0NEC0	QUALIFIED
proteintraitsmech:ELIFE109154_IBH_His	seed_alignment	RefSeq	WP_084624100.1	WP_084624100.1_i/351.4t/508.8h_trans-2__843	nrp-metallophore-SI-main/1_rule_development/alignments/IBH_His.clw	843	1b2a8ef80fe311b17d97927e480ee8bf143ab1c9e9503ee06f797263ea3286ee		SOURCE_ASSOCIATION_ONLY
proteintraitsmech:ELIFE109154_IBH_His	seed_alignment	RefSeq	WP_084333589.1	WP_084333589.1_i/349.3t/570.4h_trans-1__350	nrp-metallophore-SI-main/1_rule_development/alignments/IBH_His.clw	350	7e475831de90518d0e4d81f77f8b1f83b4fcb84ff8de3fc6a01f95ebc85b7e05	UniProtKB:A0A1G9A0M4	QUALIFIED
proteintraitsmech:ELIFE109154_IBH_His	seed_alignment	RefSeq	WP_040661719.1	WP_040661719.1_i/342.4t/600.1h_trans-1__351	nrp-metallophore-SI-main/1_rule_development/alignments/IBH_His.clw	351	f36e2ea4c55887667a3bfc9605b945987f84283da89981830bd1f5002f92335f		SOURCE_ASSOCIATION_ONLY
proteintraitsmech:ELIFE109154_IBH_His	seed_alignment	RefSeq	WP_091683053.1	WP_091683053.1_i/331.7t/460.3h_trans-0__353	nrp-metallophore-SI-main/1_rule_development/alignments/IBH_His.clw	353	82368e6d1c2b3985a9b172db8ebf6737c22669a11834e95b59e26b50216917d2		SOURCE_ASSOCIATION_ONLY
proteintraitsmech:ELIFE109154_IBH_His	seed_alignment	RefSeq	WP_208640147.1	WP_208640147.1_i/331.2t/564.4h_trans-1__335	nrp-metallophore-SI-main/1_rule_development/alignments/IBH_His.clw	335	55317ff5efceee458763185b5f9725689ae11c6461d73af7df483142be93c04f		SOURCE_ASSOCIATION_ONLY
proteintraitsmech:ELIFE109154_IBH_His	seed_alignment	RefSeq	WP_217705600.1	WP_217705600.1_i/330.4t/544.2h_trans-1__351	nrp-metallophore-SI-main/1_rule_development/alignments/IBH_His.clw	351	b40d3fcfaaa216278d018418b6a7d74010bcd876ec8b8df082b2ffbb04cf2283		SOURCE_ASSOCIATION_ONLY
proteintraitsmech:ELIFE109154_IBH_His	seed_alignment	RefSeq	WP_217885380.1	WP_217885380.1_i/327t/626.8h_trans-1__351	nrp-metallophore-SI-main/1_rule_development/alignments/IBH_His.clw	351	1d5dd8b9f7fe52b09fcbc05b104e5cc107585d9390b519e091c7c9a048984954		SOURCE_ASSOCIATION_ONLY
proteintraitsmech:ELIFE109154_IBH_His	seed_alignment	RefSeq	WP_051335615.1	WP_051335615.1_i/325.3t/472.5h_trans-0__358	nrp-metallophore-SI-main/1_rule_development/alignments/IBH_His.clw	358	547ad9e0e175e980c8595065c2890cadfb47d1dc13c851b04abe1ef42d322443		SOURCE_ASSOCIATION_ONLY
proteintraitsmech:ELIFE109154_IBH_His	seed_alignment	RefSeq	WP_110995179.1	WP_110995179.1_i/320.3t/697.1h_trans-2__358	nrp-metallophore-SI-main/1_rule_development/alignments/IBH_His.clw	358	5f1ec9df12f42edec73e9a4ff20b08f098a70d8d9c4792794217c5b64896f98b		SOURCE_ASSOCIATION_ONLY
proteintraitsmech:ELIFE109154_IBH_His	seed_alignment	RefSeq	WP_111881695.1	WP_111881695.1_i/313.8t/529.5h_trans-1__355	nrp-metallophore-SI-main/1_rule_development/alignments/IBH_His.clw	355	35ef24b818ba6b8240ac5ccbdee4ddb65bd92b3631bb048a01b775c7ef5fa3d8		SOURCE_ASSOCIATION_ONLY
proteintraitsmech:ELIFE109154_CyanoBH_Asp1	seed_alignment	RefSeq	WP_161982258.1	WP_161982258.1_477.9i/353.8t/310.9h_trans-0__352	nrp-metallophore-SI-main/1_rule_development/alignments/CyanoBH_Asp.sto	352	1d31e6ab222140104a66cf621ee07ed6d50f5afe0d819668c8e183dbf8fc0115		DOMAIN_COORDINATES_UNRESOLVED
proteintraitsmech:ELIFE109154_CyanoBH_Asp1	seed_alignment	RefSeq	WP_151759270.1	WP_151759270.1_465.3i/373t/h_trans-0__300	nrp-metallophore-SI-main/1_rule_development/alignments/CyanoBH_Asp.sto	300	b636e5051b2a8ab7716fd5cb869d5e3c23cc3388a7ab793c7b224d8df732c6d9		DOMAIN_COORDINATES_UNRESOLVED
proteintraitsmech:ELIFE109154_CyanoBH_Asp1	seed_alignment	RefSeq	WP_201376310.1	WP_201376310.1_460.8i/359.5t/325.5h_trans-0__357	nrp-metallophore-SI-main/1_rule_development/alignments/CyanoBH_Asp.sto	357	c1e4030c4bcb38ae1567b4031fd7b148656a4a6f73a3d393b8b4fa31821ccc96		DOMAIN_COORDINATES_UNRESOLVED
proteintraitsmech:ELIFE109154_CyanoBH_Asp1	seed_alignment	RefSeq	WP_008275090.1	WP_008275090.1_446i/366.6t/327.2h_trans-0_Cyano_1876	nrp-metallophore-SI-main/1_rule_development/alignments/CyanoBH_Asp.sto	1876	bdace9f78edbf638a79712cc651a9f052bf37df343e24c547ed5ba64291c68a0		DOMAIN_COORDINATES_UNRESOLVED
proteintraitsmech:ELIFE109154_CyanoBH_Asp1	seed_alignment	RefSeq	WP_015149444.1	WP_015149444.1_444.1i/353.8t/325.9h_trans-3_Cyano_2911	nrp-metallophore-SI-main/1_rule_development/alignments/CyanoBH_Asp.sto	2911	0a2f9355a3ae7ead06fc0370c9db6177ee085784204944a3be78fe4056c030cf		DOMAIN_COORDINATES_UNRESOLVED
proteintraitsmech:ELIFE109154_CyanoBH_Asp1	seed_alignment	RefSeq	WP_190698176.1	WP_190698176.1_439.8i/377.3t/336.4h_trans-2_Cyano_935	nrp-metallophore-SI-main/1_rule_development/alignments/CyanoBH_Asp.sto	935	fa3d4ec989af231782e960560479537a2129f77d1f4e0b48b79261ec2104fe06		DOMAIN_COORDINATES_UNRESOLVED
proteintraitsmech:ELIFE109154_CyanoBH_Asp1	seed_alignment	RefSeq	WP_015178654.1	WP_015178654.1_439.4i/381.6t/351.2h_trans-1_Cyano_1921	nrp-metallophore-SI-main/1_rule_development/alignments/CyanoBH_Asp.sto	1921	d1d920a0cab0e14abf73eb9c47abecc65cf891b7292c51784e5f701f3a9df3d9		DOMAIN_COORDINATES_UNRESOLVED
proteintraitsmech:ELIFE109154_CyanoBH_Asp1	seed_alignment	RefSeq	WP_012596276.1	WP_012596276.1_437.6i/369.5t/329.5h_trans-3_Cyano_1870	nrp-metallophore-SI-main/1_rule_development/alignments/CyanoBH_Asp.sto	1870	c3fd3f48d064e2a3e262f835ff763ccb3d6e4310da0a3120417ac87233cba451		DOMAIN_COORDINATES_UNRESOLVED
proteintraitsmech:ELIFE109154_CyanoBH_Asp1	seed_alignment	RefSeq	WP_190890582.1	WP_190890582.1_436.5i/359.9t/321h_trans-2_Cyano_3010	nrp-metallophore-SI-main/1_rule_development/alignments/CyanoBH_Asp.sto	3010	567f3600d81ec861ece902da58dc141943dfabd90a5026064efae22fc6b967f1		DOMAIN_COORDINATES_UNRESOLVED
proteintraitsmech:ELIFE109154_CyanoBH_Asp1	seed_alignment	RefSeq	WP_096646450.1	WP_096646450.1_435.2i/360t/329.8h_trans-2_Cyano_1907	nrp-metallophore-SI-main/1_rule_development/alignments/CyanoBH_Asp.sto	1907	356e5961e4e75789447c4f52af6c434eee736bb5ad643ca1b84deef564f227d4		DOMAIN_COORDINATES_UNRESOLVED
proteintraitsmech:ELIFE109154_CyanoBH_Asp1	seed_alignment	RefSeq	WP_073600773.1	WP_073600773.1_434.5i/361.1t/332.9h_trans-3_Cyano_1245	nrp-metallophore-SI-main/1_rule_development/alignments/CyanoBH_Asp.sto	1245	f9c41d53df68d551de5135142f7edb43d67c2c2a82f96f0a88ad1fc428b201f5		DOMAIN_COORDINATES_UNRESOLVED
proteintraitsmech:ELIFE109154_CyanoBH_Asp1	seed_alignment	RefSeq	WP_017653100.1	WP_017653100.1_432i/362.5t/323.9h_trans-1_Cyano_1356	nrp-metallophore-SI-main/1_rule_development/alignments/CyanoBH_Asp.sto	1356	351c03d328d1875552e0aedf60b2dda6fb08448b53acc65e6901fc31560dbf81		DOMAIN_COORDINATES_UNRESOLVED
proteintraitsmech:ELIFE109154_CyanoBH_Asp1	seed_alignment	RefSeq	WP_017317669.1	WP_017317669.1_430.4i/360.2t/340.8h_trans-3_Cyano_1898	nrp-metallophore-SI-main/1_rule_development/alignments/CyanoBH_Asp.sto	1898	cde17bb3b4af914a6dd472142147cb8cfd54ce9db45e947f0db83e27b800c18c		DOMAIN_COORDINATES_UNRESOLVED
proteintraitsmech:ELIFE109154_CyanoBH_Asp1	seed_alignment	RefSeq	WP_017291702.1	WP_017291702.1_428.8i/372t/348.1h_trans-3_Cyano_1897	nrp-metallophore-SI-main/1_rule_development/alignments/CyanoBH_Asp.sto	1897	58b4695e921c483bda65f1b8d813268119bd8a89d682f0f7dcfd0cfcfa950782		DOMAIN_COORDINATES_UNRESOLVED
proteintraitsmech:ELIFE109154_CyanoBH_Asp1	seed_alignment	RefSeq	WP_015201412.1	WP_015201412.1_427.1i/383.2t/332.4h_trans-1_Cyano_1938	nrp-metallophore-SI-main/1_rule_development/alignments/CyanoBH_Asp.sto	1938	7dfdeb3e0b85b1e17092879882ca2ba66e7b73af8a58849a9c66e16f66fc25d0		DOMAIN_COORDINATES_UNRESOLVED
proteintraitsmech:ELIFE109154_CyanoBH_Asp1	seed_alignment	RefSeq	WP_171977414.1	WP_171977414.1_425.4i/358.1t/333.9h_trans-1_Cyano_2944	nrp-metallophore-SI-main/1_rule_development/alignments/CyanoBH_Asp.sto	2944	04fad4629deffa82f0a9b3c18d4da1ff2a96e6550bbcc0c3448d8450f54a7277		DOMAIN_COORDINATES_UNRESOLVED
proteintraitsmech:ELIFE109154_CyanoBH_Asp1	seed_alignment	RefSeq	WP_190467945.1	WP_190467945.1_424.1i/354t/344.2h_trans-3_Cyano_1846	nrp-metallophore-SI-main/1_rule_development/alignments/CyanoBH_Asp.sto	1846	1b741200cc3ff8149aa4b5d0ed8c7d51b91d6972e5d72906a9c5e631f5b76757		DOMAIN_COORDINATES_UNRESOLVED
proteintraitsmech:ELIFE109154_CyanoBH_Asp1	seed_alignment	RefSeq	WP_193931480.1	WP_193931480.1_423i/356.9t/309h_trans-2_Cyano_1259	nrp-metallophore-SI-main/1_rule_development/alignments/CyanoBH_Asp.sto	1259	98fc4ad358dabc3f0ef2eaf81a062284a24b608ee141ee9be87a913f82c662d3		DOMAIN_COORDINATES_UNRESOLVED
proteintraitsmech:ELIFE109154_CyanoBH_Asp1	seed_alignment	RefSeq	WP_181929573.1	WP_181929573.1_422.6i/349.4t/306h_trans-2_Cyano_1876	nrp-metallophore-SI-main/1_rule_development/alignments/CyanoBH_Asp.sto	1876	89bd58b81a5f81f738aea034bdb43cdeeddb0aa31146f71ea9d1354355c91c98		DOMAIN_COORDINATES_UNRESOLVED
proteintraitsmech:ELIFE109154_CyanoBH_Asp1	seed_alignment	RefSeq	WP_190712213.1	WP_190712213.1_422.4i/351.2t/339.4h_trans-2_Cyano_1365	nrp-metallophore-SI-main/1_rule_development/alignments/CyanoBH_Asp.sto	1365	d0962563e0384a5146bdbcf5091afcde2a56ea0e6ed46e6d7499f17663b4c051		DOMAIN_COORDINATES_UNRESOLVED
proteintraitsmech:ELIFE109154_CyanoBH_Asp1	seed_alignment	RefSeq	WP_016876676.1	WP_016876676.1_422i/348.9t/337.3h_trans-2_Cyano_1867	nrp-metallophore-SI-main/1_rule_development/alignments/CyanoBH_Asp.sto	1867	dae8a4c60d3351a79a237d25a1b1011460fa7eef4813347d0292bc1f40838d2c		DOMAIN_COORDINATES_UNRESOLVED
proteintraitsmech:ELIFE109154_CyanoBH_Asp1	seed_alignment	RefSeq	WP_015193862.1	WP_015193862.1_420.8i/349.9t/314.9h_trans-3_Cyano_1938	nrp-metallophore-SI-main/1_rule_development/alignments/CyanoBH_Asp.sto	1938	bf663aac87c626353629dff485c1ea5d2fbccf497d0a2c29ad914b1298bb113b		DOMAIN_COORDINATES_UNRESOLVED
proteintraitsmech:ELIFE109154_CyanoBH_Asp1	seed_alignment	RefSeq	WP_012599723.1	WP_012599723.1_420.6i/345.5t/311h_trans-3_Cyano_2997	nrp-metallophore-SI-main/1_rule_development/alignments/CyanoBH_Asp.sto	2997	7e692b209e4576a0ff1c196e371a5c6bf5d12ad42a62c73f134367b48a78453d		DOMAIN_COORDINATES_UNRESOLVED
proteintraitsmech:ELIFE109154_CyanoBH_Asp1	seed_alignment	RefSeq	WP_162424102.1	WP_162424102.1_420.1i/356.7t/316.2h_trans-3_Cyano_2933	nrp-metallophore-SI-main/1_rule_development/alignments/CyanoBH_Asp.sto	2933	73b052b499172a35fb286643a8b88bafe394f39cafdf1da76f1a811fc351536f		DOMAIN_COORDINATES_UNRESOLVED
proteintraitsmech:ELIFE109154_CyanoBH_Asp1	seed_alignment	RefSeq	WP_096577831.1	WP_096577831.1_419.8i/354.8t/305.2h_trans-1_Cyano_880	nrp-metallophore-SI-main/1_rule_development/alignments/CyanoBH_Asp.sto	880	7544b7b91988754518c2a20d819633830d16f83c26ec865d4874110463075aa6		DOMAIN_COORDINATES_UNRESOLVED
proteintraitsmech:ELIFE109154_CyanoBH_Asp1	seed_alignment	RefSeq	WP_020479985.1	WP_020479985.1_419.1i/350.7t/328.3h_trans-3_Cyano_2953	nrp-metallophore-SI-main/1_rule_development/alignments/CyanoBH_Asp.sto	2953	912ba24850b90dacb2a7e1fda13d353587c58daf59787f49f75613cb27422db9		DOMAIN_COORDINATES_UNRESOLVED
proteintraitsmech:ELIFE109154_CyanoBH_Asp1	seed_alignment	RefSeq	WP_127082949.1	WP_127082949.1_418.4i/361.8t/317.3h_trans-2_Cyano_1864	nrp-metallophore-SI-main/1_rule_development/alignments/CyanoBH_Asp.sto	1864	c4ed1f3344150c2d17890c58a1f311e00b50a979b6cb4160075a75ab18eca8cd		DOMAIN_COORDINATES_UNRESOLVED
proteintraitsmech:ELIFE109154_CyanoBH_Asp1	seed_alignment	RefSeq	WP_052290201.1	WP_052290201.1_418.4i/358.2t/327.2h_trans-1_Cyano_1449	nrp-metallophore-SI-main/1_rule_development/alignments/CyanoBH_Asp.sto	1449	67e84a27512f0fe2bb6dea2beb64b6eaeab31468a80d1314b4b023f387b16624		DOMAIN_COORDINATES_UNRESOLVED
proteintraitsmech:ELIFE109154_CyanoBH_Asp1	seed_alignment	RefSeq	WP_096731337.1	WP_096731337.1_417.2i/340.3t/322.1h_trans-2_Cyano_2914	nrp-metallophore-SI-main/1_rule_development/alignments/CyanoBH_Asp.sto	2914	e210c4d4408be8df2260ea4d784b5b26fa048463d0791d22ba64e97cc99650ac		DOMAIN_COORDINATES_UNRESOLVED
proteintraitsmech:ELIFE109154_CyanoBH_Asp1	seed_alignment	RefSeq	WP_106289794.1	WP_106289794.1_414.3i/354.7t/304.6h_trans-1_Cyano_1895	nrp-metallophore-SI-main/1_rule_development/alignments/CyanoBH_Asp.sto	1895	b092950d5740d8016d3bb9aa8a096248fab40815be8ce845c067772ce207d882		DOMAIN_COORDINATES_UNRESOLVED
proteintraitsmech:ELIFE109154_CyanoBH_Asp1	seed_alignment	RefSeq	WP_012409820.1	WP_012409820.1_412.9i/343.8t/304.5h_trans-1_Cyano_1356	nrp-metallophore-SI-main/1_rule_development/alignments/CyanoBH_Asp.sto	1356	7d9cc2ac8abd01b3b677d621b1929257a5a31094573bcd4bff0e64910a69d042		DOMAIN_COORDINATES_UNRESOLVED
proteintraitsmech:ELIFE109154_CyanoBH_Asp1	seed_alignment	RefSeq	WP_022605755.1	WP_022605755.1_412.5i/340.6t/h_trans-0_Cyano_1112	nrp-metallophore-SI-main/1_rule_development/alignments/CyanoBH_Asp.sto	1112	6fe764d54b5a27c1cc96cc4e66dac49c2c09589986e437b0758bb4c43aed734e		DOMAIN_COORDINATES_UNRESOLVED
proteintraitsmech:ELIFE109154_CyanoBH_Asp1	seed_alignment	RefSeq	WP_144871199.1	WP_144871199.1_411.7i/337.8t/323.9h_trans-0_Cyano_830	nrp-metallophore-SI-main/1_rule_development/alignments/CyanoBH_Asp.sto	830	3c1bca756f1df86ca16faf75dd1c4a3815214fe6ca505c057949ffaf40e519a8		DOMAIN_COORDINATES_UNRESOLVED
proteintraitsmech:ELIFE109154_CyanoBH_Asp1	seed_alignment	RefSeq	WP_143288157.1	WP_143288157.1_410.7i/345.4t/318h_trans-0_Cyano_1411	nrp-metallophore-SI-main/1_rule_development/alignments/CyanoBH_Asp.sto	1411	576637ad0e674376c65470c3622be8d86245e258cd2dc44d5237e4c308c6ef7c		DOMAIN_COORDINATES_UNRESOLVED
proteintraitsmech:ELIFE109154_CyanoBH_Asp1	seed_alignment	RefSeq	WP_068789061.1	WP_068789061.1_400i/336.1t/h_trans-2_Cyano_1864	nrp-metallophore-SI-main/1_rule_development/alignments/CyanoBH_Asp.sto	1864	10594c1c988879bcb79b9c00ef70678f3e537060a9549122190ea9fc4e61b844		DOMAIN_COORDINATES_UNRESOLVED
proteintraitsmech:ELIFE109154_CyanoBH_Asp1	seed_alignment	RefSeq	WP_063800725.1	WP_063800725.1_393.8i/341.3t/303.4h_trans-0_Cyano_342	nrp-metallophore-SI-main/1_rule_development/alignments/CyanoBH_Asp.sto	342	7a6ee5b71cd4451b6e1cf5142607f2598fb1556cd0920afa026941bef81a0045		DOMAIN_COORDINATES_UNRESOLVED
proteintraitsmech:ELIFE109154_CyanoBH_Asp2	seed_alignment	RefSeq	WP_015149444.1	WP_015149444.1_444.1i/353.8t/325.9h_trans-3_Cyano_2911	nrp-metallophore-SI-main/1_rule_development/alignments/CyanoBH_Asp2.sto	2911	0a2f9355a3ae7ead06fc0370c9db6177ee085784204944a3be78fe4056c030cf		DOMAIN_COORDINATES_UNRESOLVED
proteintraitsmech:ELIFE109154_CyanoBH_Asp2	seed_alignment	RefSeq	WP_012596276.1	WP_012596276.1_437.6i/369.5t/329.5h_trans-3_Cyano_1870	nrp-metallophore-SI-main/1_rule_development/alignments/CyanoBH_Asp2.sto	1870	c3fd3f48d064e2a3e262f835ff763ccb3d6e4310da0a3120417ac87233cba451		DOMAIN_COORDINATES_UNRESOLVED
proteintraitsmech:ELIFE109154_CyanoBH_Asp2	seed_alignment	RefSeq	WP_017317669.1	WP_017317669.1_430.4i/360.2t/340.8h_trans-3_Cyano_1898	nrp-metallophore-SI-main/1_rule_development/alignments/CyanoBH_Asp2.sto	1898	cde17bb3b4af914a6dd472142147cb8cfd54ce9db45e947f0db83e27b800c18c		DOMAIN_COORDINATES_UNRESOLVED
proteintraitsmech:ELIFE109154_CyanoBH_Asp2	seed_alignment	RefSeq	WP_017291702.1	WP_017291702.1_428.8i/372t/348.1h_trans-3_Cyano_1897	nrp-metallophore-SI-main/1_rule_development/alignments/CyanoBH_Asp2.sto	1897	58b4695e921c483bda65f1b8d813268119bd8a89d682f0f7dcfd0cfcfa950782		DOMAIN_COORDINATES_UNRESOLVED
proteintraitsmech:ELIFE109154_CyanoBH_Asp2	seed_alignment	RefSeq	WP_015201412.1	WP_015201412.1_427.1i/383.2t/332.4h_trans-1_Cyano_1938	nrp-metallophore-SI-main/1_rule_development/alignments/CyanoBH_Asp2.sto	1938	7dfdeb3e0b85b1e17092879882ca2ba66e7b73af8a58849a9c66e16f66fc25d0		DOMAIN_COORDINATES_UNRESOLVED
proteintraitsmech:ELIFE109154_CyanoBH_Asp2	seed_alignment	RefSeq	WP_193931480.1	WP_193931480.1_423i/356.9t/309h_trans-2_Cyano_1259	nrp-metallophore-SI-main/1_rule_development/alignments/CyanoBH_Asp2.sto	1259	98fc4ad358dabc3f0ef2eaf81a062284a24b608ee141ee9be87a913f82c662d3		DOMAIN_COORDINATES_UNRESOLVED
proteintraitsmech:ELIFE109154_CyanoBH_Asp2	seed_alignment	RefSeq	WP_162424102.1	WP_162424102.1_420.1i/356.7t/316.2h_trans-3_Cyano_2933	nrp-metallophore-SI-main/1_rule_development/alignments/CyanoBH_Asp2.sto	2933	73b052b499172a35fb286643a8b88bafe394f39cafdf1da76f1a811fc351536f		DOMAIN_COORDINATES_UNRESOLVED
proteintraitsmech:ELIFE109154_CyanoBH_Asp2	seed_alignment	RefSeq	WP_127082949.1	WP_127082949.1_418.4i/361.8t/317.3h_trans-2_Cyano_1864	nrp-metallophore-SI-main/1_rule_development/alignments/CyanoBH_Asp2.sto	1864	c4ed1f3344150c2d17890c58a1f311e00b50a979b6cb4160075a75ab18eca8cd		DOMAIN_COORDINATES_UNRESOLVED
proteintraitsmech:ELIFE109154_CyanoBH_Asp2	seed_alignment	RefSeq	WP_052290201.1	WP_052290201.1_418.4i/358.2t/327.2h_trans-1_Cyano_1449	nrp-metallophore-SI-main/1_rule_development/alignments/CyanoBH_Asp2.sto	1449	67e84a27512f0fe2bb6dea2beb64b6eaeab31468a80d1314b4b023f387b16624		DOMAIN_COORDINATES_UNRESOLVED
proteintraitsmech:ELIFE109154_CyanoBH_Asp2	seed_alignment	RefSeq	WP_106289794.1	WP_106289794.1_414.3i/354.7t/304.6h_trans-1_Cyano_1895	nrp-metallophore-SI-main/1_rule_development/alignments/CyanoBH_Asp2.sto	1895	b092950d5740d8016d3bb9aa8a096248fab40815be8ce845c067772ce207d882		DOMAIN_COORDINATES_UNRESOLVED
proteintraitsmech:ELIFE109154_CyanoBH_Asp2	seed_alignment	RefSeq	WP_143288157.1	WP_143288157.1_410.7i/345.4t/318h_trans-0_Cyano_1411	nrp-metallophore-SI-main/1_rule_development/alignments/CyanoBH_Asp2.sto	1411	576637ad0e674376c65470c3622be8d86245e258cd2dc44d5237e4c308c6ef7c		DOMAIN_COORDINATES_UNRESOLVED
proteintraitsmech:ELIFE109154_GrbD	seed_alignment	RefSeq	WP_042628143.1	WP_042628143.1	nrp-metallophore-SI-main/1_rule_development/alignments/GrbD.clw	478	08d9fca72464bf300821599ac7a09b4c9199b38795f487f87c8108d201b52f57	UniProtKB:A0A0B6S902	QUALIFIED
proteintraitsmech:ELIFE109154_GrbD	seed_alignment	RefSeq	WP_091010427.1	MegD_WP_091010427.1	nrp-metallophore-SI-main/1_rule_development/alignments/GrbD.clw	478	b8d7757910e3e0ddd5ca26d460627124ef176279d6e109efd47b4e42a011bdc8	UniProtKB:A0A1I3GS61	QUALIFIED
proteintraitsmech:ELIFE109154_GrbD	seed_alignment	RefSeq	WP_114156048.1	WP_114156048.1	nrp-metallophore-SI-main/1_rule_development/alignments/GrbD.clw	478	0e1262700a4848f05e8d395928dc32d20c70d5b566438181d70d5a9c0e989b16		SOURCE_ASSOCIATION_ONLY
proteintraitsmech:ELIFE109154_GrbD	seed_alignment	RefSeq	WP_085229609.1	WP_085229609.1	nrp-metallophore-SI-main/1_rule_development/alignments/GrbD.clw	478	cc9ade0285151a5af9cc7544e0260cc999695b69fb74964ae24d7a05134a4476		SOURCE_ASSOCIATION_ONLY
proteintraitsmech:ELIFE109154_GrbD	seed_alignment	RefSeq	WP_150790402.1	WP_150790402.1	nrp-metallophore-SI-main/1_rule_development/alignments/GrbD.clw	494	e647b726cfd13bb4b5eb7d193303e4258aef9332a3c136a8cf25f421d9731f0a		SOURCE_ASSOCIATION_ONLY
proteintraitsmech:ELIFE109154_GrbD	seed_alignment	RefSeq	WP_066656373.1	WP_066656373.1	nrp-metallophore-SI-main/1_rule_development/alignments/GrbD.clw	476	5aaaa7d526705c3cca64bf5e62a1e96c5c16c40dfa496ca561aa76b26c3d6698		SOURCE_ASSOCIATION_ONLY
proteintraitsmech:ELIFE109154_GrbE	seed_alignment	RefSeq	WP_084025528.1	WP_084025528.1	nrp-metallophore-SI-main/1_rule_development/alignments/GrbE.clw	256	3676a3f4afc943bd1e7f6927ec63bcc652fee3ef7c0338f88a5c2e485ee54979		SOURCE_ASSOCIATION_ONLY
proteintraitsmech:ELIFE109154_GrbE	seed_alignment	RefSeq	WP_150685442.1	WP_150685442.1	nrp-metallophore-SI-main/1_rule_development/alignments/GrbE.clw	265	7ee1b4b36e7f0a5772e6cd47a42ff61fc8a6096f0dcea14292516e4cdbf87d5f		SOURCE_ASSOCIATION_ONLY
proteintraitsmech:ELIFE109154_GrbE	seed_alignment			MegE	nrp-metallophore-SI-main/1_rule_development/alignments/GrbE.clw	270	7f6c90b359daabe1b85ede2c0228e6399743ad93fc4c6e2167f9a1fcfb6acfe8		SOURCE_ASSOCIATION_ONLY
proteintraitsmech:ELIFE109154_GrbE	seed_alignment	RefSeq	WP_042628142.1	WP_042628142.1	nrp-metallophore-SI-main/1_rule_development/alignments/GrbE.clw	265	6e221931dc2ce32898e573d8d385f5adbbe293bf96bbd6587095538765c4e944		SOURCE_ASSOCIATION_ONLY
proteintraitsmech:ELIFE109154_GrbE	seed_alignment	RefSeq	WP_085229610.1	WP_085229610.1	nrp-metallophore-SI-main/1_rule_development/alignments/GrbE.clw	266	0aec4fe544911586ff0434a888bbaaecd835a33c0f62b907d2f4f9bb96fec84d		SOURCE_ASSOCIATION_ONLY
proteintraitsmech:ELIFE109154_GrbE	seed_alignment	RefSeq	WP_114156049.1	WP_114156049.1	nrp-metallophore-SI-main/1_rule_development/alignments/GrbE.clw	255	037574130d6ae7bc081bc487acebcf6325451280fe1bf747965006ee2d4814a4		SOURCE_ASSOCIATION_ONLY
proteintraitsmech:ELIFE109154_FbnL	seed_alignment	RefSeq	WP_104904852.1	L_WP_104904852.1	nrp-metallophore-SI-main/1_rule_development/alignments/FbnL.clw	156	cccf78ede38aeb051ccf349d61b70fc0c86171e290d652a8c2cf902a0f5011a5		SOURCE_ASSOCIATION_ONLY
proteintraitsmech:ELIFE109154_FbnL	seed_alignment	EMBL	BAB74336.1	L_BAB74336.1	nrp-metallophore-SI-main/1_rule_development/alignments/FbnL.clw	149	6c7e99862c2c2b8d18f12e05d5c692341601999dd0c45d4f538f130c23b61666	UniProtKB:A0ACD7RT73	QUALIFIED
proteintraitsmech:ELIFE109154_FbnL	seed_alignment	EMBL	AFZ60769.1	L_AFZ60769.1	nrp-metallophore-SI-main/1_rule_development/alignments/FbnL.clw	157	bc8b9348791c6b9a8de70e3838dce5de9077078f63e5098fc976482737492b9a		SOURCE_ASSOCIATION_ONLY
proteintraitsmech:ELIFE109154_FbnL	seed_alignment	EMBL	QCO55743.1	L_QCO55743.1	nrp-metallophore-SI-main/1_rule_development/alignments/FbnL.clw	165	540a98f4e8e052e10db74a080e76d6bbb6fc8cdd17ae16c56a7ea6ea7a8d092c		SOURCE_ASSOCIATION_ONLY
proteintraitsmech:ELIFE109154_FbnL	seed_alignment	UniProtKB	A9CFJ0	FbnL_tr|A9CFJ0|A9CFJ0_AGRFC	nrp-metallophore-SI-main/1_rule_development/alignments/FbnL.clw	172	5483c168f56c734661227c6669309c4687b102b666bb78d142b5da7827ada9be	UniProtKB:A9CFJ0	QUALIFIED
proteintraitsmech:ELIFE109154_FbnL	seed_alignment	EMBL	ACM39979.1	M_ACM39979.1	nrp-metallophore-SI-main/1_rule_development/alignments/FbnL.clw	154	65501e58a3cedbfb20281b048ee37f58dff544434f6a1c75c383c365aff0ade1		SOURCE_ASSOCIATION_ONLY
proteintraitsmech:ELIFE109154_FbnM	seed_alignment	EMBL	BAB74335.1	BAB74335.1	nrp-metallophore-SI-main/1_rule_development/alignments/FbnM.clw	191	843299eb688d0bee67584eeb9876f0b66034a6c07edd79fa7eb9da9eb4a6b98d	UniProtKB:A0ACD7RTJ9	QUALIFIED
proteintraitsmech:ELIFE109154_FbnM	seed_alignment	EMBL	AFZ60768.1	AFZ60768.1	nrp-metallophore-SI-main/1_rule_development/alignments/FbnM.clw	195	390d1374b990502a50428d3b9b622f623461906d7d3203b1cbcb4554b35b9d9f	UniProtKB:K9ZNG6	QUALIFIED
proteintraitsmech:ELIFE109154_FbnM	seed_alignment	RefSeq	WP_104904853.1	WP_104904853.1	nrp-metallophore-SI-main/1_rule_development/alignments/FbnM.clw	187	912ba721f328b5e97ab5bb127953c845b2a448d01dac46feff791eccb781c4ef		SOURCE_ASSOCIATION_ONLY
proteintraitsmech:ELIFE109154_FbnM	seed_alignment	EMBL	QCO55742.1	QCO55742.1	nrp-metallophore-SI-main/1_rule_development/alignments/FbnM.clw	185	ae7cfb2410afcde6ba64de1cb49885819da7f5640502bf95e67013e0afc73e32		SOURCE_ASSOCIATION_ONLY
proteintraitsmech:ELIFE109154_FbnM	seed_alignment	UniProtKB	Q7CT24	FbnM_tr|Q7CT24|Q7CT24_AGRFC	nrp-metallophore-SI-main/1_rule_development/alignments/FbnM.clw	187	2c2849af6c9e0819c459139e1462b01aee6a72b1fc038cebfe362a8c2ba7a026	UniProtKB:Q7CT24	QUALIFIED
proteintraitsmech:ELIFE109154_FbnM	seed_alignment	EMBL	ACM39978.1	L_ACM39978.1	nrp-metallophore-SI-main/1_rule_development/alignments/FbnM.clw	186	58401c0395c62b7af7fc3e8049904944943967af3213834647d98446ecd264ec		SOURCE_ASSOCIATION_ONLY
proteintraitsmech:ELIFE109154_PvdP	seed_alignment	UniProtKB	C1DIP3	tr|C1DIP3|C1DIP3_AZOVD	nrp-metallophore-SI-main/1_rule_development/alignments/PvdP.clw	488	185e480cad71e20ec5e2a87021c19c7c3a7c5214f0acc1b45f5f3eea8c463254	UniProtKB:C1DIP3	QUALIFIED
proteintraitsmech:ELIFE109154_PvdP	seed_alignment	UniProtKB	B3PGL4	tr|B3PGL4|B3PGL4_CELJU	nrp-metallophore-SI-main/1_rule_development/alignments/PvdP.clw	536	0b8c626b3b8215512f8cde91183c8dd4e5a7ac1d4b5e0f8d8fa754cfe4d19c60	UniProtKB:B3PGL4	QUALIFIED
proteintraitsmech:ELIFE109154_PvdP	seed_alignment	UniProtKB	Q9I188	tr|Q9I188|Q9I188_PSEAE	nrp-metallophore-SI-main/1_rule_development/alignments/PvdP.clw	544	74cad13bb60819f2087c918586f6b389f75295dc6893801558cb1362c45bf091	UniProtKB:Q9I188	QUALIFIED
proteintraitsmech:ELIFE109154_PvdP	seed_alignment	UniProtKB	Q1I7I7	tr|Q1I7I7|Q1I7I7_PSEE4	nrp-metallophore-SI-main/1_rule_development/alignments/PvdP.clw	540	71587b99f23d6613cc0dedf4613e5886157a00449a8e6867105b7f83fbe90088		SOURCE_ASSOCIATION_ONLY
proteintraitsmech:ELIFE109154_PvdP	seed_alignment	UniProtKB	Q88F86	tr|Q88F86|Q88F86_PSEPK	nrp-metallophore-SI-main/1_rule_development/alignments/PvdP.clw	540	117c3ffc632d082541199a9f0c1b10fd8dd3b7d47860c2fdb618f1789f2dd5f6		SOURCE_ASSOCIATION_ONLY
proteintraitsmech:ELIFE109154_PvdP	seed_alignment	UniProtKB	B0KNZ5	tr|B0KNZ5|B0KNZ5_PSEPG	nrp-metallophore-SI-main/1_rule_development/alignments/PvdP.clw	540	11aaaa3f70a5dcef47432c42f26146e9ee19897f37e252584647ab537a979bb3		SOURCE_ASSOCIATION_ONLY
proteintraitsmech:ELIFE109154_PvdP	seed_alignment	UniProtKB	Q48KB4	tr|Q48KB4|Q48KB4_PSE14	nrp-metallophore-SI-main/1_rule_development/alignments/PvdP.clw	557	40ab51dbe4f10e9e9718ce560bbbf7323783607c0a64ca671f6fe141e26cffb5		SOURCE_ASSOCIATION_ONLY
proteintraitsmech:ELIFE109154_PvdP	seed_alignment	UniProtKB	G8Q461	tr|G8Q461|G8Q461_PSEF3	nrp-metallophore-SI-main/1_rule_development/alignments/PvdP.clw	530	6087d7373b64d4295cfde87db3e048801cedc73c6bca289faffe70941b7a9b45		SOURCE_ASSOCIATION_ONLY
proteintraitsmech:ELIFE109154_PvdP	seed_alignment	UniProtKB	K9NFD9	tr|K9NFD9|K9NFD9_9PSED	nrp-metallophore-SI-main/1_rule_development/alignments/PvdP.clw	539	40954ad79dca1039c782202f22b0479b944fd3b65d3890475c9a04255a8acab6		SOURCE_ASSOCIATION_ONLY
proteintraitsmech:ELIFE109154_PvdO	seed_alignment	UniProtKB	Q9I185	Q9I185_PSEAE/1-284	nrp-metallophore-SI-main/1_rule_development/alignments/PvdO.faa	284	42dd084eb401022ce8cb87aaf44032dc3ba2a0615296944507dcdfbe0f1e91de	UniProtKB:Q9I185	QUALIFIED
proteintraitsmech:ELIFE109154_PvdO	seed_alignment	UniProtKB	S6BG47	S6BG47_PSERE/1-284	nrp-metallophore-SI-main/1_rule_development/alignments/PvdO.faa	284	6d1cbec3e7a7bb65f0d729fd586ecb0089d6501eca91b6e4d521e1a5609afdf7	UniProtKB:S6BG47	QUALIFIED
proteintraitsmech:ELIFE109154_PvdO	seed_alignment	UniProtKB	A0A839TAZ9	A0A839TAZ9_AZOMA/9-290	nrp-metallophore-SI-main/1_rule_development/alignments/PvdO.faa	282	9bf59a478cd7f10e500a5a40875be55419b3ba751af2a5c9a53115a1186b110b		SOURCE_ASSOCIATION_ONLY
proteintraitsmech:ELIFE109154_PvdO	seed_alignment	UniProtKB	A0A2K4IW19	A0A2K4IW19_9PSED/12-296	nrp-metallophore-SI-main/1_rule_development/alignments/PvdO.faa	285	814acc9f7b54a33e7287a9f141d7cf151118266cc5270b7f95715e4eb254f302		SOURCE_ASSOCIATION_ONLY
proteintraitsmech:ELIFE109154_PvdO	seed_alignment	UniProtKB	A0A0D6T3K8	A0A0D6T3K8_9PSED/1-284	nrp-metallophore-SI-main/1_rule_development/alignments/PvdO.faa	284	505bbdeeda1195ca9ce84f6b89785bbc484e043e867e606b7d2f57bd71e0f3f8		SOURCE_ASSOCIATION_ONLY
proteintraitsmech:ELIFE109154_PvdO	seed_alignment	UniProtKB	A0A077LHM1	A0A077LHM1_9PSED/1-285	nrp-metallophore-SI-main/1_rule_development/alignments/PvdO.faa	285	bb7c72d2d034da5c60f96d1c522312c3c12585c94bb55272493835e4ced0c190		SOURCE_ASSOCIATION_ONLY
proteintraitsmech:ELIFE109154_PvdO	seed_alignment	UniProtKB	L1M744	L1M744_PSEPU/3-286	nrp-metallophore-SI-main/1_rule_development/alignments/PvdO.faa	284	2ce85135383c5729a2860365addd3d5371cd1b22af05a0f1cd0e0a8743a6deae		SOURCE_ASSOCIATION_ONLY
proteintraitsmech:ELIFE109154_PvdO	seed_alignment	UniProtKB	A0A0X1T218	A0A0X1T218_PSEAA/17-301	nrp-metallophore-SI-main/1_rule_development/alignments/PvdO.faa	285	abe138e82283e0e402046d27657247f3495310093ce471a65a3387b6da43269d		SOURCE_ASSOCIATION_ONLY
proteintraitsmech:ELIFE109154_PvdO	seed_alignment	UniProtKB	A0A0J6GS61	A0A0J6GS61_PSETA/5-288	nrp-metallophore-SI-main/1_rule_development/alignments/PvdO.faa	284	b279cbe7aa5995b06d4266ffcd515758b83ebaf27985281a983e7b7462a7ca4f		SOURCE_ASSOCIATION_ONLY
proteintraitsmech:ELIFE109154_PvdO	seed_alignment	UniProtKB	A0A7U7EQT7	A0A7U7EQT7_9PSED/4-287	nrp-metallophore-SI-main/1_rule_development/alignments/PvdO.faa	284	097ec425de2e47938a30e02f5201bcf3ac865d52e347091ea5db2e07e59d7f2a		SOURCE_ASSOCIATION_ONLY
proteintraitsmech:ELIFE109154_PvdO	seed_alignment	UniProtKB	A0A2T5HA28	A0A2T5HA28_9PSED/1-281	nrp-metallophore-SI-main/1_rule_development/alignments/PvdO.faa	281	5c4fcc0afaed28fb1f1b98807469227742bac51e1529dd429f86732e9ff7e0fc		SOURCE_ASSOCIATION_ONLY
proteintraitsmech:ELIFE109154_PvdO	seed_alignment	UniProtKB	A0A0D1NSK7	A0A0D1NSK7_PSEPU/16-301	nrp-metallophore-SI-main/1_rule_development/alignments/PvdO.faa	286	65c1ddec95ea9e198db5c9aa4c0db6079fe4149b57c2f097b6ca91bc450fde4c		SOURCE_ASSOCIATION_ONLY
proteintraitsmech:ELIFE109154_PvdO	seed_alignment	UniProtKB	A0A085VNJ7	A0A085VNJ7_PSESX/10-292	nrp-metallophore-SI-main/1_rule_development/alignments/PvdO.faa	283	9f91ff09e011ad12c020ecc8f2c0c8034d265022c2063ac8dcf6787d478d6d30		SOURCE_ASSOCIATION_ONLY
proteintraitsmech:ELIFE109154_PvdO	seed_alignment	UniProtKB	A0A1Y3P3Y8	A0A1Y3P3Y8_9PSED/7-292	nrp-metallophore-SI-main/1_rule_development/alignments/PvdO.faa	286	d48888c64684f97269418b737a27b568929bdc09ad9bc955d9f430174e2b3772		SOURCE_ASSOCIATION_ONLY
proteintraitsmech:ELIFE109154_PvdO	seed_alignment	UniProtKB	Q88F83	Q88F83_PSEPK/17-301	nrp-metallophore-SI-main/1_rule_development/alignments/PvdO.faa	285	40a3ff3514c5e43c27453f7e3255cca84a04273ce866d0b9429ab37ae3300028		SOURCE_ASSOCIATION_ONLY
proteintraitsmech:ELIFE109154_PvdO	seed_alignment	UniProtKB	A0A4Q9QY71	A0A4Q9QY71_9PSED/6-285	nrp-metallophore-SI-main/1_rule_development/alignments/PvdO.faa	280	de11cd7ddf4e31a3c3bbd39ef03043c03818a6389d880e2d021172d27316ecbc		SOURCE_ASSOCIATION_ONLY
proteintraitsmech:ELIFE109154_PvdO	seed_alignment	UniProtKB	A0A3R8U536	A0A3R8U536_9PSED/2-288	nrp-metallophore-SI-main/1_rule_development/alignments/PvdO.faa	287	0d7d11ab73b690fecad8f85ce2d912cc7f36561e95f93871a3784fb76ff159e3		SOURCE_ASSOCIATION_ONLY
proteintraitsmech:ELIFE109154_PvdO	seed_alignment	UniProtKB	G8Q458	G8Q458_PSEF3/1-291	nrp-metallophore-SI-main/1_rule_development/alignments/PvdO.faa	291	d43ff5633f59e4f30f2cae0e8cfa825209135bd10544dae66350b066ea9306dc		SOURCE_ASSOCIATION_ONLY
proteintraitsmech:ELIFE109154_PvdO	seed_alignment	UniProtKB	Q884D9	Q884D9_PSESM/2-282	nrp-metallophore-SI-main/1_rule_development/alignments/PvdO.faa	281	8ff6ac9c33e5029532a08474483453df2d188ed13f3a2eed787c3173e8e0dbca		SOURCE_ASSOCIATION_ONLY
proteintraitsmech:ELIFE109154_PvdO	seed_alignment	UniProtKB	A0A562HZK0	A0A562HZK0_9GAMM/1-246	nrp-metallophore-SI-main/1_rule_development/alignments/PvdO.faa	246	63cd06cfd1c4192ce5233b4cbdf009f8b858a6bbe098e7384a5ff1164e20e3da		SOURCE_ASSOCIATION_ONLY
proteintraitsmech:ELIFE109154_PvdO	seed_alignment	UniProtKB	A0A0M9GG89	A0A0M9GG89_9PSED/13-299	nrp-metallophore-SI-main/1_rule_development/alignments/PvdO.faa	287	7c386c8bc3b2a51250b6dfea6c7ca30423313c22a2f9e786269046837f061484		SOURCE_ASSOCIATION_ONLY
proteintraitsmech:ELIFE109154_PvdO	seed_alignment	UniProtKB	A0A1H2MYY2	A0A1H2MYY2_9PSED/10-295	nrp-metallophore-SI-main/1_rule_development/alignments/PvdO.faa	286	6a0dd91daf4a75971205160887982d92e0c5938494cd2fe1d6f4c89877bbab2b		SOURCE_ASSOCIATION_ONLY
proteintraitsmech:ELIFE109154_PvdO	seed_alignment	UniProtKB	A0A6B3NV49	A0A6B3NV49_9PSED/6-292	nrp-metallophore-SI-main/1_rule_development/alignments/PvdO.faa	287	8449c0c84f3cd24bda7ce8517430fdaa77bb3a98989fb296c574c0cd64aae136		SOURCE_ASSOCIATION_ONLY
proteintraitsmech:ELIFE109154_PvdO	seed_alignment	UniProtKB	A0A553GTK2	A0A553GTK2_9PSED/1-284	nrp-metallophore-SI-main/1_rule_development/alignments/PvdO.faa	284	3139fc4d80ffecf936f3659a7a878dc6ea9cca147baf3d51e11cca6ae5ba2473		SOURCE_ASSOCIATION_ONLY
proteintraitsmech:ELIFE109154_PvdO	seed_alignment	UniProtKB	A0A089WG37	A0A089WG37_9PSED/5-298	nrp-metallophore-SI-main/1_rule_development/alignments/PvdO.faa	294	dc3952c921577e4f58bacc5f5ec21410195b41f8e91c4d5cecafbcc16aaa4460		SOURCE_ASSOCIATION_ONLY
proteintraitsmech:ELIFE109154_PvdO	seed_alignment	UniProtKB	B3PGM5	B3PGM5_CELJU/1-286	nrp-metallophore-SI-main/1_rule_development/alignments/PvdO.faa	286	87000187e9248e7c3f18c9171c51c259836c96689e2fcaaaa78b4eb3f64ad3dd		SOURCE_ASSOCIATION_ONLY
proteintraitsmech:ELIFE109154_PvdO	seed_alignment	UniProtKB	A0A7U7ENY1	A0A7U7ENY1_9PSED/1-233	nrp-metallophore-SI-main/1_rule_development/alignments/PvdO.faa	233	cb9223f5ab06de14a9812e2b8ccc18a678d27636b8eb34a7a35a3d24377798e4		SOURCE_ASSOCIATION_ONLY
proteintraitsmech:ELIFE109154_PvdO	seed_alignment	UniProtKB	J8UV78	J8UV78_PSEPU/1-218	nrp-metallophore-SI-main/1_rule_development/alignments/PvdO.faa	218	bc85adff673d2ab58c8225c4a6434c6ecee43e62f5a62a7d894861071aed1eb3		SOURCE_ASSOCIATION_ONLY
proteintraitsmech:ELIFE109154_VibH_like	seed_alignment	RefSeq	WP_005009568.1	bouvetii_WP_005009568.1	nrp-metallophore-SI-main/1_rule_development/alignments/vibH.faa	440	d35c4c614ab4b5c45d0297b9621a4b059aed140853eb5447d4e48e813fa4cdc7	UniProtKB:N9DJ67	QUALIFIED
proteintraitsmech:ELIFE109154_VibH_like	seed_alignment	EMBL	AGK16779.1	Protochelin_VibH_AGK16779.1	nrp-metallophore-SI-main/1_rule_development/alignments/vibH.faa	414	41c5dabf0c38fe41e700ae9f61a836d8ac09688dfb767fe4ab091e6a39a39e6b		SOURCE_ASSOCIATION_ONLY
proteintraitsmech:ELIFE109154_VibH_like	seed_alignment	RefSeq	WP_043921167.1	Vulnibactin_VibH_WP_043921167.1	nrp-metallophore-SI-main/1_rule_development/alignments/vibH.faa	423	2403a2ee479215bf4af3791223b9ab68e6b3e274cd4dc6fb6795d22ee3fbb85e		SOURCE_ASSOCIATION_ONLY
proteintraitsmech:ELIFE109154_VibH_like	seed_alignment	RefSeq	WP_001909096.1	Vibriobactin_VibH_WP_001909096.1	nrp-metallophore-SI-main/1_rule_development/alignments/vibH.faa	403	e624ec39ea9132acbe30903ac156e56af0acd6b8b9b4e3f8ecdea668a8e16201		SOURCE_ASSOCIATION_ONLY
proteintraitsmech:ELIFE109154_VibH_like	seed_alignment	EMBL	ETS29751.1	Photobactin_VibH_ETS29751.1	nrp-metallophore-SI-main/1_rule_development/alignments/vibH.faa	422	d82f6d780486e9188a72c0a0df6835016ef4a2b0f5d8ece50a8a3ba8a0e1d4ef		SOURCE_ASSOCIATION_ONLY
proteintraitsmech:ELIFE109154_VibH_like	seed_alignment	EMBL	AHY05888.1	Serratiochelins_VibH_AHY05888.1	nrp-metallophore-SI-main/1_rule_development/alignments/vibH.faa	421	298fe4774060c25088ceccac28d837a1cb68841798ad98788504733702ea09c6		SOURCE_ASSOCIATION_ONLY
proteintraitsmech:ELIFE109154_VibH_like	seed_alignment	RefSeq	WP_011748669.1	Parabactin_VibH_WP_011748669.1	nrp-metallophore-SI-main/1_rule_development/alignments/vibH.faa	424	af9e085a380c5535425f7910c308332d8a242ea6ddcd5ac2821ec1a5e719adc7		SOURCE_ASSOCIATION_ONLY
proteintraitsmech:ELIFE109154_VibH_like	seed_alignment	RefSeq	WP_060724404.1	Agrobactin_VibH_WP_060724404.1	nrp-metallophore-SI-main/1_rule_development/alignments/vibH.faa	418	2184bfc5e951186ff539db0f16112743e564fb1aae5afe82fe1d58ce09dd3be3		SOURCE_ASSOCIATION_ONLY
proteintraitsmech:ELIFE109154_VibH_like	seed_alignment	RefSeq	WP_002966562.1	Brucebactin_VibH_WP_002966562.1	nrp-metallophore-SI-main/1_rule_development/alignments/vibH.faa	418	e1915b01723d23c40a48cfc6f2005d12605ac273828cc865a5c62bc3ba27bd4b		SOURCE_ASSOCIATION_ONLY
proteintraitsmech:ELIFE109154_Cy_tandem	seed_alignment	EMBL	ABL71098.1	para_ABL71098.1_Cy|442-840	nrp-metallophore-SI-main/1_rule_development/alignments/Cy_tandem.clw	398	5889cd9b5c203876ecf9437ff526cd2d8ead7ac437df06dfa0dc03e6a0d40014		DOMAIN_COORDINATES_UNRESOLVED
proteintraitsmech:ELIFE109154_Cy_tandem	seed_alignment	EMBL	AAR12531.1	angui_AAR12531.1_Cy|447-848	nrp-metallophore-SI-main/1_rule_development/alignments/Cy_tandem.clw	401	654e60973f1e93ddeda2d0e354d2778061c5bfc040ec9e180053f431fad4e220		DOMAIN_COORDINATES_UNRESOLVED
proteintraitsmech:ELIFE109154_Cy_tandem	seed_alignment	EMBL	ETS29750.1	photo_ETS29750.1_Cy|4-418	nrp-metallophore-SI-main/1_rule_development/alignments/Cy_tandem.clw	414	c1bea48fd71174612611e0bf1fbe9f4559055e3e604cc350856cfd73aa3e32c6		DOMAIN_COORDINATES_UNRESOLVED
proteintraitsmech:ELIFE109154_Cy_tandem	seed_alignment			nigri_VIRT22122_Cy|458-868	nrp-metallophore-SI-main/1_rule_development/alignments/Cy_tandem.clw	410	aabf9a8afd8372a84cf3b713388877dcaab308a2113a0b90b7e339abde028374		DOMAIN_COORDINATES_UNRESOLVED
proteintraitsmech:ELIFE109154_Cy_tandem	seed_alignment	RefSeq	WP_001923521.1	vibr_WP_001923521.1_Cy|457-867	nrp-metallophore-SI-main/1_rule_development/alignments/Cy_tandem.clw	410	78834f5e71fbf2586bf63fd8cb5e350b07d84a81fc058d06682eba7f49b7ed4b		DOMAIN_COORDINATES_UNRESOLVED
proteintraitsmech:ELIFE109154_Cy_tandem	seed_alignment	RefSeq	WP_052298478.1	vulni_WP_052298478.1_Cy|457-868	nrp-metallophore-SI-main/1_rule_development/alignments/Cy_tandem.clw	411	9b02a6afff92d43feba5cf836345536b29395fbc90127b024a4138606538d156		DOMAIN_COORDINATES_UNRESOLVED
proteintraitsmech:ELIFE109154_Cy_tandem	seed_alignment	RefSeq	WP_020330065.1	fluv_WP_020330065.1_Cy|451-866	nrp-metallophore-SI-main/1_rule_development/alignments/Cy_tandem.clw	415	9099f46183e69edd89ad2d71f3d71c02d6d7b2a353219f700a46c02c3a2784de		DOMAIN_COORDINATES_UNRESOLVED
proteintraitsmech:ELIFE109154_Cy_tandem	seed_alignment	EMBL	AHY05889.1	serr_AHY05889.1_Cy|4-412	nrp-metallophore-SI-main/1_rule_development/alignments/Cy_tandem.clw	408	0aa40db07846c4ea8f686ccb7affcf0b3760cbd76c7a5744c754a526be103ca4		DOMAIN_COORDINATES_UNRESOLVED
proteintraitsmech:ELIFE109154_Cy_tandem	seed_alignment	RefSeq	WP_080868627.1	agro_WP_080868627.1_Cy|460-857	nrp-metallophore-SI-main/1_rule_development/alignments/Cy_tandem.clw	397	f7d0f9078b2faa2f6f29100ea45158db905333b476db03ea580187ec09c95b5e		DOMAIN_COORDINATES_UNRESOLVED
proteintraitsmech:ELIFE109154_Cy_tandem	seed_alignment	EMBL	BAC87905.1	acin_BAC87905.1_Cy|447-845	nrp-metallophore-SI-main/1_rule_development/alignments/Cy_tandem.clw	398	42e9bc1693adc0201aeb44977c951c9b057714a25cfb1e149bed51adcf6629cf		DOMAIN_COORDINATES_UNRESOLVED
proteintraitsmech:ELIFE109154_IPL	bgc_annotation	RefSeq	WP_005762840.1	WP_005762840.1	nrp-metallophore-SI-main/5_refseq_bigscape/reference_BGCs.tar.gz!reference_BGCs/ref_yersiniabactin_NC_004578.1_NC_004578.1.region001.gbk	106	740cf8a8da567225424551200a0fd9f4f11e6f2f55f4edbcf8983d6dcdc57917		SOURCE_ASSOCIATION_ONLY
proteintraitsmech:ELIFE109154_EntC	bgc_annotation	RefSeq	WP_236886934.1	WP_236886934.1	nrp-metallophore-SI-main/5_refseq_bigscape/reference_BGCs.tar.gz!reference_BGCs/ref_cyclic_NZ_JAFCAF010000006.1_c00001_NZ_JAFC...region001.gbk	385	05c86579a73c8caa5881cb119e38680f90b7af16a947ac8d81354cd015f53782		SOURCE_ASSOCIATION_ONLY
proteintraitsmech:ELIFE109154_SalSyn	bgc_annotation	EMBL	CAJ87585.1	CAJ87585.1	nrp-metallophore-SI-main/5_refseq_bigscape/reference_BGCs.tar.gz!reference_BGCs/ref_BGC0001055_BGC0001055.1.region001.gbk	434	d1b7e75ac4cd416b846d645f501d1b02745bc787251af723ce9a212c02b24c58		SOURCE_ASSOCIATION_ONLY
proteintraitsmech:ELIFE109154_IBH_Asp	bgc_annotation	EMBL	ALG65339.1	ALG65339.1	nrp-metallophore-SI-main/5_refseq_bigscape/reference_BGCs.tar.gz!reference_BGCs/ref_variobactin_KT362218.1_KT362218.1.region001.gbk	2345	344900ee4521419d8e786a101cb5b53ad5a4e036a564b74d05d17357d4f6e015		DOMAIN_COORDINATES_UNRESOLVED
proteintraitsmech:ELIFE109154_Orn_monoox	bgc_annotation	EMBL	ALG65346.1	ALG65346.1	nrp-metallophore-SI-main/5_refseq_bigscape/reference_BGCs.tar.gz!reference_BGCs/ref_variobactin_KT362218.1_KT362218.1.region001.gbk	439	e1cf8ffa89c5a6790863785d942591c0e01cb661927d17ded258a7ab2e159179		SOURCE_ASSOCIATION_ONLY
proteintraitsmech:ELIFE109154_SalSyn	bgc_annotation	EMBL	CCA53793.1	CCA53793.1	nrp-metallophore-SI-main/5_refseq_bigscape/reference_BGCs.tar.gz!reference_BGCs/ref_BGC0001801_BGC0001801.1.region001.gbk	454	3c40fdb99036f10837026ae87951ef66381bfc08c90d653d06f3d15164b7d698		SOURCE_ASSOCIATION_ONLY
proteintraitsmech:ELIFE109154_VibH_like	bgc_annotation	RefSeq	WP_005009568.1	WP_005009568.1	nrp-metallophore-SI-main/5_refseq_bigscape/reference_BGCs.tar.gz!reference_BGCs/ref_propanochelin_NZ_KB892261.1_NZ_KB892261.1.region001.gbk	440	d35c4c614ab4b5c45d0297b9621a4b059aed140853eb5447d4e48e813fa4cdc7		SOURCE_ASSOCIATION_ONLY
proteintraitsmech:ELIFE109154_EntA	bgc_annotation	RefSeq	WP_005009570.1	WP_005009570.1	nrp-metallophore-SI-main/5_refseq_bigscape/reference_BGCs.tar.gz!reference_BGCs/ref_propanochelin_NZ_KB892261.1_NZ_KB892261.1.region001.gbk	257	c3a4b481b7d1298e710b9c016be6e0adae4092648dc28f640f697efaf7ba6eeb		SOURCE_ASSOCIATION_ONLY
proteintraitsmech:ELIFE109154_EntC	bgc_annotation	RefSeq	WP_005009576.1	WP_005009576.1	nrp-metallophore-SI-main/5_refseq_bigscape/reference_BGCs.tar.gz!reference_BGCs/ref_propanochelin_NZ_KB892261.1_NZ_KB892261.1.region001.gbk	408	298bf4035f590699cfcd99d146b7265e89a7e0809e320e7d9fb460b0b706af05		SOURCE_ASSOCIATION_ONLY
proteintraitsmech:ELIFE109154_Orn_monoox	bgc_annotation	EMBL	AAY93340.1	AAY93340.1	nrp-metallophore-SI-main/5_refseq_bigscape/reference_BGCs.tar.gz!reference_BGCs/ref_BGC0000413_BGC0000413.1.region001.gbk	445	28cac700c027a065070346996bc6fcba682fa768e121ed5acfe1a7ab6c08b97c		SOURCE_ASSOCIATION_ONLY
proteintraitsmech:ELIFE109154_PvdP	bgc_annotation	EMBL	AAY93347.2	AAY93347.2	nrp-metallophore-SI-main/5_refseq_bigscape/reference_BGCs.tar.gz!reference_BGCs/ref_BGC0000413_BGC0000413.1.region001.gbk	542	185cbee40610ac53d14e9e015c84dc37e1de6912b0dcad0075f5943aef0fc2f9		SOURCE_ASSOCIATION_ONLY
proteintraitsmech:ELIFE109154_Cy_tandem	bgc_annotation	EMBL	AAO07755.1	AAO07755.1	nrp-metallophore-SI-main/5_refseq_bigscape/reference_BGCs.tar.gz!reference_BGCs/ref_BGC0000460_BGC0000460.1.region001.gbk	1520	568c1208cd67f04386fd136dd1478cfc66233744860446c58f35abd23add6349		DOMAIN_COORDINATES_UNRESOLVED
proteintraitsmech:ELIFE109154_EntA	bgc_annotation	EMBL	AAO07757.1	AAO07757.1	nrp-metallophore-SI-main/5_refseq_bigscape/reference_BGCs.tar.gz!reference_BGCs/ref_BGC0000460_BGC0000460.1.region001.gbk	262	66d55637af328b9e5a4920242a9e48d3850cb2c7350c0b6adb0c241334c971db		SOURCE_ASSOCIATION_ONLY
proteintraitsmech:ELIFE109154_EntC	bgc_annotation	EMBL	AAO07758.1	AAO07758.1	nrp-metallophore-SI-main/5_refseq_bigscape/reference_BGCs.tar.gz!reference_BGCs/ref_BGC0000460_BGC0000460.1.region001.gbk	393	6ccf1c616f98b0c4ef19b29719ea657a233461101481a8132028919272be9bce		SOURCE_ASSOCIATION_ONLY
proteintraitsmech:ELIFE109154_IPL	bgc_annotation	EMBL	AAO07762.1	AAO07762.1	nrp-metallophore-SI-main/5_refseq_bigscape/reference_BGCs.tar.gz!reference_BGCs/ref_BGC0000460_BGC0000460.1.region001.gbk	109	05c6dd9e91d816ba22f122f2caa477a4ce36fe4c8381e9e6f7aaa7b9006d33b2		SOURCE_ASSOCIATION_ONLY
proteintraitsmech:ELIFE109154_VibH_like	bgc_annotation	EMBL	AAO07767.2	AAO07767.2	nrp-metallophore-SI-main/5_refseq_bigscape/reference_BGCs.tar.gz!reference_BGCs/ref_BGC0000460_BGC0000460.1.region001.gbk	438	1df09662af17362e4954c39b5ed6336abdebde5967a82772401e50c4ca3614c4		SOURCE_ASSOCIATION_ONLY
proteintraitsmech:ELIFE109154_EntA	bgc_annotation			YP_856989.1	nrp-metallophore-SI-main/5_refseq_bigscape/reference_BGCs.tar.gz!reference_BGCs/ref_BGC0001502_BGC0001502.1.region001.gbk	249	0ce9ea74c17dae111101cb4f35c6e01f0b16f54ce4b47b71ce61025b4fd37b3d		SOURCE_ASSOCIATION_ONLY
proteintraitsmech:ELIFE109154_EntC	bgc_annotation			YP_856993.1	nrp-metallophore-SI-main/5_refseq_bigscape/reference_BGCs.tar.gz!reference_BGCs/ref_BGC0001502_BGC0001502.1.region001.gbk	397	97842ce6d1a7621a66d992d23e2f0c42b91926d02f96e261f26965f82ba6c46e		SOURCE_ASSOCIATION_ONLY
proteintraitsmech:ELIFE109154_Orn_monoox	bgc_annotation	RefSeq	WP_100105865.1	WP_100105865.1	nrp-metallophore-SI-main/5_refseq_bigscape/reference_BGCs.tar.gz!reference_BGCs/ref_peucechelin_NZ_CP022438.1_NZ_CP022438.1.region001.gbk	451	e4216ee15786e8fd60908bade127cbfd6a8190605aeed61e156bf21c3cf5f314		SOURCE_ASSOCIATION_ONLY
proteintraitsmech:ELIFE109154_TBH_Asp	bgc_annotation	EMBL	ABX37386.1	ABX37386.1	nrp-metallophore-SI-main/5_refseq_bigscape/reference_BGCs.tar.gz!reference_BGCs/ref_BGC0000984_BGC0000984.1.region001.gbk	329	76936ea35e36c21b1998027e6dc563ff6a0e68dd503f1fa4ce2013b7fdce1c2b		SOURCE_ASSOCIATION_ONLY
proteintraitsmech:ELIFE109154_Orn_monoox	bgc_annotation	EMBL	AUD11991.1	AUD11991.1	nrp-metallophore-SI-main/5_refseq_bigscape/reference_BGCs.tar.gz!reference_BGCs/ref_BGC0001721_BGC0001721.1.region001.gbk	390	83a7c56af1475b94a2b80eab5f08fac0ff018dfe906de701c99454586549e46d		SOURCE_ASSOCIATION_ONLY
proteintraitsmech:ELIFE109154_TBH_Asp	bgc_annotation	EMBL	AUD12000.1	AUD12000.1	nrp-metallophore-SI-main/5_refseq_bigscape/reference_BGCs.tar.gz!reference_BGCs/ref_BGC0001721_BGC0001721.1.region001.gbk	335	b0e45cedb41971a69e7c65fd8a8dc6303cd40f7ebc0e113c55faf2cd45ea6b92		SOURCE_ASSOCIATION_ONLY
proteintraitsmech:ELIFE109154_Orn_monoox	bgc_annotation	RefSeq	WP_021008403.1	WP_021008403.1	nrp-metallophore-SI-main/5_refseq_bigscape/reference_BGCs.tar.gz!reference_BGCs/ref_variochelin_NC_022247.1_NC_022247.1.region001.gbk	450	69ab124c6f905f19190ff810aa3938272a5f025b105701774a4ca16a540d6a10		SOURCE_ASSOCIATION_ONLY
proteintraitsmech:ELIFE109154_TBH_Asp	bgc_annotation	RefSeq	WP_021008410.1	WP_021008410.1	nrp-metallophore-SI-main/5_refseq_bigscape/reference_BGCs.tar.gz!reference_BGCs/ref_variochelin_NC_022247.1_NC_022247.1.region001.gbk	330	9b7d004b6f8997166afd99442d5258233a236dd96c020d14d1a7d93e6f313f50		SOURCE_ASSOCIATION_ONLY
proteintraitsmech:ELIFE109154_EntA	bgc_annotation	EMBL	AEI70241.1	AEI70241.1	nrp-metallophore-SI-main/5_refseq_bigscape/reference_BGCs.tar.gz!reference_BGCs/ref_BGC0000401_BGC0000401.1.region001.gbk	261	da6ca5818a070a297272ec18f9c7d15638519519091abd9359f323097cf77df4		SOURCE_ASSOCIATION_ONLY
proteintraitsmech:ELIFE109154_EntC	bgc_annotation	EMBL	AEI70242.1	AEI70242.1	nrp-metallophore-SI-main/5_refseq_bigscape/reference_BGCs.tar.gz!reference_BGCs/ref_BGC0000401_BGC0000401.1.region001.gbk	422	f26b72f762ac46532cb9839102b587fd94c03a65ea22518adf6ea6eda0ccde06		SOURCE_ASSOCIATION_ONLY
proteintraitsmech:ELIFE109154_Orn_monoox	bgc_annotation	RefSeq	WP_039794392.1	WP_039794392.1	nrp-metallophore-SI-main/5_refseq_bigscape/reference_BGCs.tar.gz!reference_BGCs/ref_BGC0001211_BGC0001211.1.region001.gbk	447	c344c553ecbec3eec52f8269e49a36eb460f1469f901b5df0b42cc15a7e0731e		SOURCE_ASSOCIATION_ONLY
proteintraitsmech:ELIFE109154_Cy_tandem	bgc_annotation	EMBL	CAG69516.1	CAG69516.1	nrp-metallophore-SI-main/5_refseq_bigscape/reference_BGCs.tar.gz!reference_BGCs/ref_BGC0000352_BGC0000352.1.region001.gbk	1081	a24d5563eb62e9f36355754367d6db6aa53897bc1bc4a0b4c0c336dee410c128		DOMAIN_COORDINATES_UNRESOLVED
proteintraitsmech:ELIFE109154_EntA	bgc_annotation	EMBL	CAG69518.1	CAG69518.1	nrp-metallophore-SI-main/5_refseq_bigscape/reference_BGCs.tar.gz!reference_BGCs/ref_BGC0000352_BGC0000352.1.region001.gbk	261	86bb8c6615e9f1efc757fc96d24f23a030472c454ccc376d059137fd691b3cbd		SOURCE_ASSOCIATION_ONLY
proteintraitsmech:ELIFE109154_EntC	bgc_annotation	EMBL	CAG69520.1	CAG69520.1	nrp-metallophore-SI-main/5_refseq_bigscape/reference_BGCs.tar.gz!reference_BGCs/ref_BGC0000352_BGC0000352.1.region001.gbk	395	541d1d9be6554cdb51ee15a7ebe4a4a2824e44d939205e1c1bfe3cbbeca0c873		SOURCE_ASSOCIATION_ONLY
proteintraitsmech:ELIFE109154_TBH_Asp	bgc_annotation	RefSeq	WP_008737428.1	WP_008737428.1	nrp-metallophore-SI-main/5_refseq_bigscape/reference_BGCs.tar.gz!reference_BGCs/ref_pacifibactin_NZ_CP004387.1_NZ_CP004387.1.region001.gbk	323	0b8c26e6afdd5fbbab4237b46a1c45fc653f0d0366e7cd156de12094c2f368c3		SOURCE_ASSOCIATION_ONLY
proteintraitsmech:ELIFE109154_IBH_Asp	bgc_annotation	RefSeq	WP_008737432.1	WP_008737432.1	nrp-metallophore-SI-main/5_refseq_bigscape/reference_BGCs.tar.gz!reference_BGCs/ref_pacifibactin_NZ_CP004387.1_NZ_CP004387.1.region001.gbk	2214	0651c5367be14beb153c83e2aafc55e17e26f2963aac9b2cc42bd1a568b9c28d		DOMAIN_COORDINATES_UNRESOLVED
proteintraitsmech:ELIFE109154_Orn_monoox	bgc_annotation	RefSeq	WP_008737468.1	WP_008737468.1	nrp-metallophore-SI-main/5_refseq_bigscape/reference_BGCs.tar.gz!reference_BGCs/ref_pacifibactin_NZ_CP004387.1_NZ_CP004387.1.region001.gbk	436	8584179aa8abc3697ecf4fa6b9cf9d53ce66f0c9e294a8f67afb830da0ca2339		SOURCE_ASSOCIATION_ONLY
proteintraitsmech:ELIFE109154_Lys_monoox	bgc_annotation	EMBL	BAD55606.1	BAD55606.1	nrp-metallophore-SI-main/5_refseq_bigscape/reference_BGCs.tar.gz!reference_BGCs/ref_BGC0001027_BGC0001027.1.region001.gbk	429	5340d0c18a2814128a9bf74feb743453826cfd08105409964e977670ae94c0f2		SOURCE_ASSOCIATION_ONLY
proteintraitsmech:ELIFE109154_EntA	bgc_annotation	EMBL	AGK13423.1	AGK13423.1	nrp-metallophore-SI-main/5_refseq_bigscape/reference_BGCs.tar.gz!reference_BGCs/ref_aminochelin_CP005094.1_CP005094.1.region001.gbk	265	6d83cc466bcd9fba4e4b896be7dbe582efc135de80f00929919e2eceb72d3daa		SOURCE_ASSOCIATION_ONLY
proteintraitsmech:ELIFE109154_EntC	bgc_annotation	EMBL	AGK13349.1	AGK13349.1	nrp-metallophore-SI-main/5_refseq_bigscape/reference_BGCs.tar.gz!reference_BGCs/ref_aminochelin_CP005094.1_CP005094.1.region001.gbk	403	227c6b1de48a764a45ab4bfc8382a189c51205a9e62157b455a6a5c5fa6c991b		SOURCE_ASSOCIATION_ONLY
proteintraitsmech:ELIFE109154_SalSyn	bgc_annotation	EMBL	MBN3579116.1	MBN3579116.1	nrp-metallophore-SI-main/5_refseq_bigscape/reference_BGCs.tar.gz!reference_BGCs/ref_piscibactin_JAFHLB010000021.1_JAFHLB010000021.region001.gbk	465	bf3bc743906fc76fef3b0f364329206a170e3365256719c661bd26b8f40ac366		SOURCE_ASSOCIATION_ONLY
proteintraitsmech:ELIFE109154_SalSyn	bgc_annotation	EMBL	CAC17508.1	CAC17508.1	nrp-metallophore-SI-main/5_refseq_bigscape/reference_BGCs.tar.gz!reference_BGCs/ref_BGC0000324_BGC0000324.1.region001.gbk	471	53078eaea57cd16916f2effb9f1ad5d8b656021ab3ba5d7bc816920fd7aea5b7		SOURCE_ASSOCIATION_ONLY
proteintraitsmech:ELIFE109154_EntC	bgc_annotation	RefSeq	WP_004711937.1	WP_004711937.1	nrp-metallophore-SI-main/5_refseq_bigscape/reference_BGCs.tar.gz!reference_BGCs/ref_frederiksenibactin_NZ_KN150731.1_NZ_KN150731.1.region001.gbk	390	3d52b6081d54b427c00eeefd026f6dac12a2a0755f17d57947480e4e6ea1a1ab		SOURCE_ASSOCIATION_ONLY
proteintraitsmech:ELIFE109154_EntA	bgc_annotation	RefSeq	WP_032911814.1	WP_032911814.1	nrp-metallophore-SI-main/5_refseq_bigscape/reference_BGCs.tar.gz!reference_BGCs/ref_frederiksenibactin_NZ_KN150731.1_NZ_KN150731.1.region001.gbk	251	dcecbf2aba02dc2248857abe48a6ab2097a1e81b6af99a1d443343ef68f111e0		SOURCE_ASSOCIATION_ONLY
proteintraitsmech:ELIFE109154_Cy_tandem	bgc_annotation	EMBL	AAR12531.1	AAR12531.1	nrp-metallophore-SI-main/5_refseq_bigscape/reference_BGCs.tar.gz!reference_BGCs/ref_anguibactin_AY312585.1_AY312585.1.region001.gbk	956	90832904d1ed33aed1b17aba58bab5fca611acda7843a6e5cf30562af2e1f793		DOMAIN_COORDINATES_UNRESOLVED
proteintraitsmech:ELIFE109154_GrbE	bgc_annotation	RefSeq	WP_042628142.1	WP_042628142.1	nrp-metallophore-SI-main/5_refseq_bigscape/reference_BGCs.tar.gz!reference_BGCs/ref_plantaribactin_NZ_CP002581.1_NZ_CP002581.1.region001.gbk	352	460b6f09d5e014f59f61531a52da884286e1ffaa3c52ca22efcc83186ca9ff06	UniProtKB:A0A0B6S5R8	QUALIFIED
proteintraitsmech:ELIFE109154_GrbD	bgc_annotation	RefSeq	WP_042628143.1	WP_042628143.1	nrp-metallophore-SI-main/5_refseq_bigscape/reference_BGCs.tar.gz!reference_BGCs/ref_plantaribactin_NZ_CP002581.1_NZ_CP002581.1.region001.gbk	478	08d9fca72464bf300821599ac7a09b4c9199b38795f487f87c8108d201b52f57		SOURCE_ASSOCIATION_ONLY
proteintraitsmech:ELIFE109154_TBH_Asp	bgc_annotation	RefSeq	WP_226993664.1	WP_226993664.1	nrp-metallophore-SI-main/5_refseq_bigscape/reference_BGCs.tar.gz!reference_BGCs/ref_plantaribactin_NZ_CP002581.1_NZ_CP002581.1.region001.gbk	327	35524a7dc387781bd19d455fb9b9bbc14d010dc923735e2c5ec6c0373b90a009		SOURCE_ASSOCIATION_ONLY
proteintraitsmech:ELIFE109154_TBH_Asp	bgc_annotation	EMBL	NKI69289.1	NKI69289.1	nrp-metallophore-SI-main/5_refseq_bigscape/reference_BGCs.tar.gz!reference_BGCs/ref_malleobactin_WXXL01000019.1_WXXL01000019.1.region001.gbk	340	a937a2094dbaa565ca0efaebed0ad1ff5a2860c6b640cdad8e05136649512c1e		SOURCE_ASSOCIATION_ONLY
proteintraitsmech:ELIFE109154_Orn_monoox	bgc_annotation	EMBL	NKI69297.1	NKI69297.1	nrp-metallophore-SI-main/5_refseq_bigscape/reference_BGCs.tar.gz!reference_BGCs/ref_malleobactin_WXXL01000019.1_WXXL01000019.1.region001.gbk	457	ca5bb8b2c3b810d2c57295e41b195d286e4e8318042c4751174f56ee697f4a68		SOURCE_ASSOCIATION_ONLY
proteintraitsmech:ELIFE109154_GrbE	bgc_annotation	RefSeq	WP_110405872.1	WP_110405872.1	nrp-metallophore-SI-main/5_refseq_bigscape/reference_BGCs.tar.gz!reference_BGCs/ref_gramibactin_NZ_CP024905.1_NZ_CP024905.1.region001.gbk	300	df9acfb0f17069fbccbf12e2878771032bfe0d6a14b7734a5ce530bd47fe1664		SOURCE_ASSOCIATION_ONLY
proteintraitsmech:ELIFE109154_GrbD	bgc_annotation	RefSeq	WP_114197283.1	WP_114197283.1	nrp-metallophore-SI-main/5_refseq_bigscape/reference_BGCs.tar.gz!reference_BGCs/ref_gramibactin_NZ_CP024905.1_NZ_CP024905.1.region001.gbk	478	69c16c28653689aa7adf451b09e70ce334363ac8d6152897531f3704335b0a7f		SOURCE_ASSOCIATION_ONLY
proteintraitsmech:ELIFE109154_EntC	bgc_annotation	RefSeq	WP_011553664.1	WP_011553664.1	nrp-metallophore-SI-main/5_refseq_bigscape/reference_BGCs.tar.gz!reference_BGCs/ref_myxochelin_NC_008095_NC_008095.1.region001.gbk	414	3c9c2e6639178b71828c05358d9e93e4d8cab607d6eddec1ef56465ad6189f46		SOURCE_ASSOCIATION_ONLY
proteintraitsmech:ELIFE109154_EntA	bgc_annotation	RefSeq	WP_011553665.1	WP_011553665.1	nrp-metallophore-SI-main/5_refseq_bigscape/reference_BGCs.tar.gz!reference_BGCs/ref_myxochelin_NC_008095_NC_008095.1.region001.gbk	257	a781a6f6151d6c69b0b2349a87d2fa836442b816025b60fc2c7615c7711abbe1		SOURCE_ASSOCIATION_ONLY
proteintraitsmech:ELIFE109154_Cy_tandem	bgc_annotation	EMBL	BAC87905.1	BAC87905.1	nrp-metallophore-SI-main/5_refseq_bigscape/reference_BGCs.tar.gz!reference_BGCs/ref_BGC0000294_BGC0000294.1.region001.gbk	955	6c283e8ef385b01f80b56d260c5bcca639004d8b43b2bb3f9042bc7d2889dcdb		DOMAIN_COORDINATES_UNRESOLVED
proteintraitsmech:ELIFE109154_EntC	bgc_annotation	EMBL	BAC87913.1	BAC87913.1	nrp-metallophore-SI-main/5_refseq_bigscape/reference_BGCs.tar.gz!reference_BGCs/ref_BGC0000294_BGC0000294.1.region001.gbk	389	75da7a2fbf92a3193c0b90f0dd58eef97398a65ab0e237f1a833da5af4dd2fef		SOURCE_ASSOCIATION_ONLY
proteintraitsmech:ELIFE109154_SalSyn	bgc_annotation	RefSeq	WP_044179404.1	WP_044179404.1	nrp-metallophore-SI-main/5_refseq_bigscape/reference_BGCs.tar.gz!reference_BGCs/ref_piscibactin_NZ_KP100338.1_NZ_KP100338.1.region001.gbk	466	29a7c50dcaef912bfe37bcee55334cb5c187591b073fb0dd170dec9ce6847c93		SOURCE_ASSOCIATION_ONLY
proteintraitsmech:ELIFE109154_Cy_tandem	bgc_annotation	EMBL	ABS50184.1	ABS50184.1	nrp-metallophore-SI-main/5_refseq_bigscape/reference_BGCs.tar.gz!reference_BGCs/ref_BGC0000410_BGC0000410.1.region001.gbk	1453	68d4c38ca7ae3729bbe73cba89c4f07110bfc44410c772bc1c3f4fad6e4cc2f9		DOMAIN_COORDINATES_UNRESOLVED
proteintraitsmech:ELIFE109154_SalSyn	bgc_annotation	EMBL	MBE3202942.1	MBE3202942.1	nrp-metallophore-SI-main/5_refseq_bigscape/reference_BGCs.tar.gz!reference_BGCs/ref_frankobactin2_JADBID010000001.1_JADBID010000001.region001.gbk	1782	8a67703ae215e9b6a89b0e4de3cd7748d903abd319df106c6e7a85f4a7cc9502		SOURCE_ASSOCIATION_ONLY
proteintraitsmech:ELIFE109154_Orn_monoox	bgc_annotation	EMBL	MBE3202949.1	MBE3202949.1	nrp-metallophore-SI-main/5_refseq_bigscape/reference_BGCs.tar.gz!reference_BGCs/ref_frankobactin2_JADBID010000001.1_JADBID010000001.region001.gbk	463	5c9b5bd189ffd2ad3bfbeba589153c5b6d7a89cc108dea504c8f0fb5ef11c11e		SOURCE_ASSOCIATION_ONLY
proteintraitsmech:ELIFE109154_EntC	bgc_annotation	EMBL	BAH33403.1	BAH33403.1	nrp-metallophore-SI-main/5_refseq_bigscape/reference_BGCs.tar.gz!reference_BGCs/ref_BGC0000371_BGC0000371.1.region001.gbk	387	fd7956facd4adf6d57380427618eff9aa829d2fe3f081a4da9881ba82c3d11c5		SOURCE_ASSOCIATION_ONLY
proteintraitsmech:ELIFE109154_EntA	bgc_annotation	EMBL	BAH33405.1	BAH33405.1	nrp-metallophore-SI-main/5_refseq_bigscape/reference_BGCs.tar.gz!reference_BGCs/ref_BGC0000371_BGC0000371.1.region001.gbk	263	3ddf9a02618c9796a49ec0794c1420e66393d3667c89ca22653ee6fcd8ebb224		SOURCE_ASSOCIATION_ONLY
proteintraitsmech:ELIFE109154_Orn_monoox	bgc_annotation	EMBL	AGE11900.1	AGE11900.1	nrp-metallophore-SI-main/5_refseq_bigscape/reference_BGCs.tar.gz!reference_BGCs/ref_BGC0000366_BGC0000366.1.region001.gbk	475	b008f70b8e4364f8ede3bf5d2a8c571ce0b54f350434a256b7bdc3e9538d2a75		SOURCE_ASSOCIATION_ONLY
proteintraitsmech:ELIFE109154_Orn_monoox	bgc_annotation	RefSeq	WP_028847741.1	WP_028847741.1	nrp-metallophore-SI-main/5_refseq_bigscape/reference_BGCs.tar.gz!reference_BGCs/ref_Thermochelin_NZ_KE386603_NZ_KE386603.1.region001.gbk	442	275448e917ea7f29a3ed216c75c7de2ae5c37847620f9114f5b324b5b8e087f2		SOURCE_ASSOCIATION_ONLY
proteintraitsmech:ELIFE109154_EntC	bgc_annotation	EMBL	CAB15189.2	CAB15189.2	nrp-metallophore-SI-main/5_refseq_bigscape/reference_BGCs.tar.gz!reference_BGCs/ref_BGC0000309_BGC0000309.1.region001.gbk	398	f8c40819f8bcf92e4a95ea0016e10a236b52c66a4311f64d42bd54e9df273bf4		SOURCE_ASSOCIATION_ONLY
proteintraitsmech:ELIFE109154_EntA	bgc_annotation	EMBL	CAB15190.2	CAB15190.2	nrp-metallophore-SI-main/5_refseq_bigscape/reference_BGCs.tar.gz!reference_BGCs/ref_BGC0000309_BGC0000309.1.region001.gbk	261	3ad966632e4f40aaebdcf1a8a9ea1fa21b24436c313ad629b4d954d63c563523		SOURCE_ASSOCIATION_ONLY
proteintraitsmech:ELIFE109154_TBH_Asp	bgc_annotation	RefSeq	WP_082343559.1	WP_082343559.1	nrp-metallophore-SI-main/5_refseq_bigscape/reference_BGCs.tar.gz!reference_BGCs/ref_histicorrugatin_NZ_LT629691_NZ_LT629691.1.region001.gbk	325	1f730b98817782788cef1bff8a306b2acc88ca4f2398c786f73b3416fbebc854		SOURCE_ASSOCIATION_ONLY
proteintraitsmech:ELIFE109154_IBH_His	bgc_annotation	RefSeq	WP_053122094.1	WP_053122094.1	nrp-metallophore-SI-main/5_refseq_bigscape/reference_BGCs.tar.gz!reference_BGCs/ref_histicorrugatin_NZ_LT629691_NZ_LT629691.1.region001.gbk	348	51481f863b994408c8379e2b9b978a09e4d9940fc5791bf2f6900886d98300f0		SOURCE_ASSOCIATION_ONLY
proteintraitsmech:ELIFE109154_SalSyn	bgc_annotation	RefSeq	WP_069848012.1	WP_069848012.1	nrp-metallophore-SI-main/5_refseq_bigscape/reference_BGCs.tar.gz!reference_BGCs/ref_ulbactin_NZ_BDFB01000007_NZ_BDFB01000007.region001.gbk	986	0c5d398fb1f3cc6b391d3d61ee87fee9a93be72ae3b6b17bcd8ed32e4c9cc21b		SOURCE_ASSOCIATION_ONLY
proteintraitsmech:ELIFE109154_Orn_monoox	bgc_annotation	EMBL	ABM34270.1	ABM34270.1	nrp-metallophore-SI-main/5_refseq_bigscape/reference_BGCs.tar.gz!reference_BGCs/ref_acidobactin_CP000512.1_CP000512.1.region001.gbk	452	ed68e40af6be8bd8d380c557d7344dad374bb253c71a45a61c0ffb65292ba413		SOURCE_ASSOCIATION_ONLY
proteintraitsmech:ELIFE109154_TBH_Asp	bgc_annotation	EMBL	ABM34281.1	ABM34281.1	nrp-metallophore-SI-main/5_refseq_bigscape/reference_BGCs.tar.gz!reference_BGCs/ref_acidobactin_CP000512.1_CP000512.1.region001.gbk	330	f5d0a1727c5f99a1e5ef8c3dea3bb00f4dda5d23e4dc959a688742c8be7c5130		SOURCE_ASSOCIATION_ONLY
proteintraitsmech:ELIFE109154_Orn_monoox	bgc_annotation	EMBL	AAZ55902.1	AAZ55902.1	nrp-metallophore-SI-main/5_refseq_bigscape/reference_BGCs.tar.gz!reference_BGCs/ref_BGC0000359_BGC0000359.1.region001.gbk	438	69a25440732b8e95dd58aed5ebe53f0013df36c9c53133686451b2583aede994		SOURCE_ASSOCIATION_ONLY
proteintraitsmech:ELIFE109154_EntC	bgc_annotation	EMBL	AAZ55905.1	AAZ55905.1	nrp-metallophore-SI-main/5_refseq_bigscape/reference_BGCs.tar.gz!reference_BGCs/ref_BGC0000359_BGC0000359.1.region001.gbk	393	47cde8436cb201dfbfd5a96df293c37ce5f21db393a20e63afd6db741f329e1e		SOURCE_ASSOCIATION_ONLY
proteintraitsmech:ELIFE109154_EntA	bgc_annotation	EMBL	AAZ55906.1	AAZ55906.1	nrp-metallophore-SI-main/5_refseq_bigscape/reference_BGCs.tar.gz!reference_BGCs/ref_BGC0000359_BGC0000359.1.region001.gbk	260	39cb23871f48d1e5fa0a897c875478684dedaf2f9000aed30ce2e5fac6bf21f8		SOURCE_ASSOCIATION_ONLY
proteintraitsmech:ELIFE109154_Orn_monoox	bgc_annotation	RefSeq	WP_011492706.1	WP_011492706.1	nrp-metallophore-SI-main/5_refseq_bigscape/reference_BGCs.tar.gz!reference_BGCs/ref_malleobactin_NC_007952_NC_007952.1.region001.gbk	456	0183f63c7fe19cc09bb63066666d8c0d8fba47860e044757c03471afe3f70b9e		SOURCE_ASSOCIATION_ONLY
proteintraitsmech:ELIFE109154_TBH_Asp	bgc_annotation	RefSeq	WP_011492714.1	WP_011492714.1	nrp-metallophore-SI-main/5_refseq_bigscape/reference_BGCs.tar.gz!reference_BGCs/ref_malleobactin_NC_007952_NC_007952.1.region001.gbk	340	9095f74b37fdd9c562c9a410f241b9e2316a42a77e1e79e55281dad15c2f33ef		SOURCE_ASSOCIATION_ONLY
proteintraitsmech:ELIFE109154_Lys_monoox	bgc_annotation	EMBL	CCP45166.1	CCP45166.1	nrp-metallophore-SI-main/5_refseq_bigscape/reference_BGCs.tar.gz!reference_BGCs/ref_BGC0001021_BGC0001021.1.region001.gbk	431	235ded34f30fe51b86ee0c9ebd6edcb86e8326f47e7a211a76132d696e7b03ba		SOURCE_ASSOCIATION_ONLY
proteintraitsmech:ELIFE109154_SalSyn	bgc_annotation	EMBL	CCP45174.1	CCP45174.1	nrp-metallophore-SI-main/5_refseq_bigscape/reference_BGCs.tar.gz!reference_BGCs/ref_BGC0001021_BGC0001021.1.region001.gbk	450	d2b1f22ac8b6b779a5a3232d13294b42fbebcd783cdf7733f3e23bab8d2d1d9a		SOURCE_ASSOCIATION_ONLY
proteintraitsmech:ELIFE109154_CyanoBH_Asp2	bgc_annotation	EMBL	AFY58520.1	AFY58520.1	nrp-metallophore-SI-main/5_refseq_bigscape/reference_BGCs.tar.gz!reference_BGCs/ref_cyanochelin_CP003549_CP003549.1.region001.gbk	340	55117abb8276db1ab71ffed1d330a75d93c20044a8a0a87f72eb70adad15abce		DOMAIN_COORDINATES_UNRESOLVED
proteintraitsmech:ELIFE109154_CyanoBH_Asp1	bgc_annotation	EMBL	AFY58523.1	AFY58523.1	nrp-metallophore-SI-main/5_refseq_bigscape/reference_BGCs.tar.gz!reference_BGCs/ref_cyanochelin_CP003549_CP003549.1.region001.gbk	4025	65f35ab518eb8a3956a12316e0336797fd9452184c0acdf75761498fe9035823		DOMAIN_COORDINATES_UNRESOLVED
proteintraitsmech:ELIFE109154_EntC	bgc_annotation	EMBL	ACU36661.1	ACU36661.1	nrp-metallophore-SI-main/5_refseq_bigscape/reference_BGCs.tar.gz!reference_BGCs/ref_BGC0000392_BGC0000392.1.region001.gbk	503	568b9f58dccaad1a1b85c97958bf3ae5e88e03a838e3890404608508af6f78a4		SOURCE_ASSOCIATION_ONLY
proteintraitsmech:ELIFE109154_EntA	bgc_annotation	EMBL	ACU36662.1	ACU36662.1	nrp-metallophore-SI-main/5_refseq_bigscape/reference_BGCs.tar.gz!reference_BGCs/ref_BGC0000392_BGC0000392.1.region001.gbk	256	20ac99f911401368a83e2b5f502da8ce9d46504ba6f715f04d24dee0c5ae9ef4		SOURCE_ASSOCIATION_ONLY
proteintraitsmech:ELIFE109154_Orn_monoox	bgc_annotation	RefSeq	WP_015866518.1	WP_015866518.1	nrp-metallophore-SI-main/5_refseq_bigscape/reference_BGCs.tar.gz!reference_BGCs/ref_vacidobactin_NC_012791.1_NC_012791.1.region001.gbk	439	4209ff277a4040ed88b78e2d3175851b6616369eff163084d7af047ddb2043a7		SOURCE_ASSOCIATION_ONLY
proteintraitsmech:ELIFE109154_TBH_Asp	bgc_annotation	RefSeq	WP_015866525.1	WP_015866525.1	nrp-metallophore-SI-main/5_refseq_bigscape/reference_BGCs.tar.gz!reference_BGCs/ref_vacidobactin_NC_012791.1_NC_012791.1.region001.gbk	330	8e5a293305e470297157c3257daf0543e91773db84f10ce1315fc4aef630a70d		SOURCE_ASSOCIATION_ONLY
proteintraitsmech:ELIFE109154_EntC	bgc_annotation	EMBL	AAK95838.1	AAK95838.1	nrp-metallophore-SI-main/5_refseq_bigscape/reference_BGCs.tar.gz!reference_BGCs/ref_photobactin_AY042783_AY042783.1.region001.gbk	312	2ce12b1914d721cfe7807cb0de3597d00fc481122ba978668da30c213c84aece		SOURCE_ASSOCIATION_ONLY
proteintraitsmech:ELIFE109154_VibH_like	bgc_annotation	EMBL	AAK95845.1	AAK95845.1	nrp-metallophore-SI-main/5_refseq_bigscape/reference_BGCs.tar.gz!reference_BGCs/ref_photobactin_AY042783_AY042783.1.region001.gbk	436	d6d32996eb1325d07f72e978b46aa043af3ca92526a477138bbc41872deb9c39		SOURCE_ASSOCIATION_ONLY
proteintraitsmech:ELIFE109154_Cy_tandem	bgc_annotation	EMBL	AAK95846.1	AAK95846.1	nrp-metallophore-SI-main/5_refseq_bigscape/reference_BGCs.tar.gz!reference_BGCs/ref_photobactin_AY042783_AY042783.1.region001.gbk	1014	33eb76d90a42f89a9d734767de69e74f3d1b297ff62b8665bd4151fb0df1bb1f		DOMAIN_COORDINATES_UNRESOLVED
proteintraitsmech:ELIFE109154_Orn_monoox	bgc_annotation	EMBL	CBG75497.1	CBG75497.1	nrp-metallophore-SI-main/5_refseq_bigscape/reference_BGCs.tar.gz!reference_BGCs/ref_BGC0000423_BGC0000423.1.region001.gbk	468	19b570c732543dd0375bce86673c3c9fa9f52961b6cd33f003946cc8607e746c		SOURCE_ASSOCIATION_ONLY
proteintraitsmech:ELIFE109154_VbsL	bgc_annotation	EMBL	ABC94351.1	ABC94351.1	nrp-metallophore-SI-main/5_refseq_bigscape/reference_BGCs.tar.gz!reference_BGCs/ref_BGC0000457_BGC0000457.1.region001.gbk	395	ccb92549c6a94d1c331a2432052136f629f9ed6df9088e96c79d5540c27a8073	UniProtKB:Q2JYI5	QUALIFIED
proteintraitsmech:ELIFE109154_SalSyn	bgc_annotation	EMBL	EFL06874.1	EFL06874.1	nrp-metallophore-SI-main/5_refseq_bigscape/reference_BGCs.tar.gz!reference_BGCs/ref_BGC0000300_BGC0000300.1.region001.gbk	436	1a8baf5e3c58001f360e1dba7a597850b9f535b15028c6e60205a1fb803c1a75		SOURCE_ASSOCIATION_ONLY
proteintraitsmech:ELIFE109154_Orn_monoox	bgc_annotation	EMBL	EFL06875.1	EFL06875.1	nrp-metallophore-SI-main/5_refseq_bigscape/reference_BGCs.tar.gz!reference_BGCs/ref_BGC0000300_BGC0000300.1.region001.gbk	426	21c0ae14de0215f00d850d025e052d7da6a6ba2f078c4057a8088de5c23d4813		SOURCE_ASSOCIATION_ONLY
proteintraitsmech:ELIFE109154_Orn_monoox	bgc_annotation	EMBL	CAB53328.1	CAB53328.1	nrp-metallophore-SI-main/5_refseq_bigscape/reference_BGCs.tar.gz!reference_BGCs/ref_BGC0000325_BGC0000325.1.region001.gbk	451	26f29bb64372df22bcb574271dd40a5f8f6353e472c4275611281c792a69a310		SOURCE_ASSOCIATION_ONLY
proteintraitsmech:ELIFE109154_Orn_monoox	bgc_annotation	RefSeq	WP_012701131.1	WP_012701131.1	nrp-metallophore-SI-main/5_refseq_bigscape/reference_BGCs.tar.gz!reference_BGCs/ref_Azotobactin_NC_012560_NC_012560.1.region001.gbk	453	85d85ef3c7f16efed45a4ba6d15dfbea07653b6c082ebe20b9301a323c33f669		SOURCE_ASSOCIATION_ONLY
proteintraitsmech:ELIFE109154_TBH_Asp	bgc_annotation	RefSeq	WP_012701132.1	WP_012701132.1	nrp-metallophore-SI-main/5_refseq_bigscape/reference_BGCs.tar.gz!reference_BGCs/ref_Azotobactin_NC_012560_NC_012560.1.region001.gbk	327	63e6f02eb6aa334252fd722fefcc0b21d710d1580b33f69e54e97ea1e2733b70		SOURCE_ASSOCIATION_ONLY
proteintraitsmech:ELIFE109154_Orn_monoox	bgc_annotation	RefSeq	WP_011589367.1	WP_011589367.1	nrp-metallophore-SI-main/5_refseq_bigscape/reference_BGCs.tar.gz!reference_BGCs/ref_Amphibactin_NC_008260.1_NC_008260.1.region001.gbk	430	86c0fc24f93183b16ed33bf560dfb6058cba6c04e873da4ec6665d0eeb5c7db1		SOURCE_ASSOCIATION_ONLY
proteintraitsmech:ELIFE109154_EntC	bgc_annotation	EMBL	CBA63662.1	CBA63662.1	nrp-metallophore-SI-main/5_refseq_bigscape/reference_BGCs.tar.gz!reference_BGCs/ref_BGC0000368_BGC0000368.1.region001.gbk	401	7f7122fb3d0d8de396091477d3e2a8f6d2c3fb8e92ad3c2632524081f1daba30		SOURCE_ASSOCIATION_ONLY
proteintraitsmech:ELIFE109154_EntA	bgc_annotation	EMBL	CBA63665.1	CBA63665.1	nrp-metallophore-SI-main/5_refseq_bigscape/reference_BGCs.tar.gz!reference_BGCs/ref_BGC0000368_BGC0000368.1.region001.gbk	276	56bb72193d0d1d8362d6ea4a27ea1a904b8675c85fe25805fa7924337cac9d06		SOURCE_ASSOCIATION_ONLY
proteintraitsmech:ELIFE109154_EntA	bgc_annotation	EMBL	AAG31126.1	AAG31126.1	nrp-metallophore-SI-main/5_refseq_bigscape/reference_BGCs.tar.gz!reference_BGCs/ref_BGC0001345_BGC0001345.1.region001.gbk	257	0371ac543403e87ef5c5d626a6cd12554c6b03beb2d1230320e745c7622c29f3		SOURCE_ASSOCIATION_ONLY
proteintraitsmech:ELIFE109154_EntC	bgc_annotation	EMBL	AAG31127.1	AAG31127.1	nrp-metallophore-SI-main/5_refseq_bigscape/reference_BGCs.tar.gz!reference_BGCs/ref_BGC0001345_BGC0001345.1.region001.gbk	408	a933714b3bd9ad11deb3e601141eda4aa5419983d78a561883e5476b36c0e8a1		SOURCE_ASSOCIATION_ONLY
proteintraitsmech:ELIFE109154_EntC	bgc_annotation	EMBL	AAC45925.1	AAC45925.1	nrp-metallophore-SI-main/5_refseq_bigscape/reference_BGCs.tar.gz!reference_BGCs/ref_vibriobactin_U52150.2_U52150.2.region001.gbk	395	a4cde4b7afdd1e949b299ecca2272ff7ab2fa65d89315eccf5e16d7691b74f25		SOURCE_ASSOCIATION_ONLY
proteintraitsmech:ELIFE109154_EntA	bgc_annotation	EMBL	AAC45924.1	AAC45924.1	nrp-metallophore-SI-main/5_refseq_bigscape/reference_BGCs.tar.gz!reference_BGCs/ref_vibriobactin_U52150.2_U52150.2.region001.gbk	262	b3de067c956e954d6dae23ff1fcd70de92fd4ac985aea11d4911e004c08bb1b1		SOURCE_ASSOCIATION_ONLY
proteintraitsmech:ELIFE109154_VibH_like	bgc_annotation	EMBL	AAD48879.1	AAD48879.1	nrp-metallophore-SI-main/5_refseq_bigscape/reference_BGCs.tar.gz!reference_BGCs/ref_vibriobactin_U52150.2_U52150.2.region001.gbk	436	edc2e38195af59e932bdd6c41ff833aba29378540b5e7bbd40a859d2af6fdefe		SOURCE_ASSOCIATION_ONLY
proteintraitsmech:ELIFE109154_EntA	bgc_annotation	RefSeq	WP_011748667.1	WP_011748667.1	nrp-metallophore-SI-main/5_refseq_bigscape/reference_BGCs.tar.gz!reference_BGCs/ref_parabactin_NC_008686_NC_008686.1.region001.gbk	256	5cfec07c6d885360da5770a5e199ca4ac6a0c818e6ae279f36f1034724167ae3		SOURCE_ASSOCIATION_ONLY
proteintraitsmech:ELIFE109154_VibH_like	bgc_annotation	RefSeq	WP_011748669.1	WP_011748669.1	nrp-metallophore-SI-main/5_refseq_bigscape/reference_BGCs.tar.gz!reference_BGCs/ref_parabactin_NC_008686_NC_008686.1.region001.gbk	449	5bef34bcf8125d03d351a95a094993765f29a940f35f8591877fe7b7f926d777		SOURCE_ASSOCIATION_ONLY
proteintraitsmech:ELIFE109154_TBH_Asp	bgc_annotation	RefSeq	WP_039806858.1	WP_039806858.1	nrp-metallophore-SI-main/5_refseq_bigscape/reference_BGCs.tar.gz!reference_BGCs/ref_BGC0002001_BGC0002001.1.region001.gbk	325	446a411fe6799828c66eca7c3155ee55f7db3db1dcfb06aaf1d7ee4ca9a120fe		SOURCE_ASSOCIATION_ONLY
proteintraitsmech:ELIFE109154_Orn_monoox	bgc_annotation	RefSeq	WP_039806874.1	WP_039806874.1	nrp-metallophore-SI-main/5_refseq_bigscape/reference_BGCs.tar.gz!reference_BGCs/ref_BGC0002001_BGC0002001.1.region001.gbk	433	eff7c19e6251d40e6337b8bd1e08d2fc5ce6b8609e3c9bd5d75be5d7a42e4105		SOURCE_ASSOCIATION_ONLY
proteintraitsmech:ELIFE109154_EntC	bgc_annotation	EMBL	ABS75235.1	ABS75235.1	nrp-metallophore-SI-main/5_refseq_bigscape/reference_BGCs.tar.gz!reference_BGCs/ref_BGC0001185_BGC0001185.1.region001.gbk	398	fd9f6e7683aacee8f684772c258ef0fd6666881b883fea17c91727db628549d5		SOURCE_ASSOCIATION_ONLY
proteintraitsmech:ELIFE109154_EntA	bgc_annotation	EMBL	ABS75236.1	ABS75236.1	nrp-metallophore-SI-main/5_refseq_bigscape/reference_BGCs.tar.gz!reference_BGCs/ref_BGC0001185_BGC0001185.1.region001.gbk	256	66b217f1d298f269034f2b4aea1b5ce20f718d53058eff955f3b055078a4a63a		SOURCE_ASSOCIATION_ONLY
proteintraitsmech:ELIFE109154_GrbE	bgc_annotation	RefSeq	WP_006051175.1	WP_006051175.1	nrp-metallophore-SI-main/5_refseq_bigscape/reference_BGCs.tar.gz!reference_BGCs/ref_BGC0001999_BGC0001999.1.region001.gbk	294	1cda243f41f08da72fe5b557be2f180bf04784e7896cefe348856a87c48e4fed	UniProtKB:B1G5G8	QUALIFIED
proteintraitsmech:ELIFE109154_GrbD	bgc_annotation	RefSeq	WP_006051176.1	WP_006051176.1	nrp-metallophore-SI-main/5_refseq_bigscape/reference_BGCs.tar.gz!reference_BGCs/ref_BGC0001999_BGC0001999.1.region001.gbk	478	44551506284c106a8e083e7443b39e7ab7797a67c1902eb0ad06a2c0d0457dfd		SOURCE_ASSOCIATION_ONLY
proteintraitsmech:ELIFE109154_EntA	bgc_annotation	EMBL	ABU70372.1	ABU70372.1	nrp-metallophore-SI-main/5_refseq_bigscape/reference_BGCs.tar.gz!reference_BGCs/ref_BGC0001890_BGC0001890.1.region001.gbk	273	6094d1072ad9fc61f70588145d7c8036a75784d59c1698a3ef5156716e186164		SOURCE_ASSOCIATION_ONLY
proteintraitsmech:ELIFE109154_EntC	bgc_annotation	EMBL	ABU70374.1	ABU70374.1	nrp-metallophore-SI-main/5_refseq_bigscape/reference_BGCs.tar.gz!reference_BGCs/ref_BGC0001890_BGC0001890.1.region001.gbk	406	7e0c7af2523c589f7a676dd865b66cd20aa7e6bcd9a5ca85796c6011bea05dea		SOURCE_ASSOCIATION_ONLY
proteintraitsmech:ELIFE109154_IBH_Asp	bgc_annotation	EMBL	CAQ71826.1	CAQ71826.1	nrp-metallophore-SI-main/5_refseq_bigscape/reference_BGCs.tar.gz!reference_BGCs/ref_BGC0001189_BGC0001189.1.region001.gbk	1506	1ce48431e680e9ea223e912d7d53da256d61b16345a51ebf5fd0f248bbc6eb3f		DOMAIN_COORDINATES_UNRESOLVED
proteintraitsmech:ELIFE109154_Orn_monoox	bgc_annotation	EMBL	CAQ71838.1	CAQ71838.1	nrp-metallophore-SI-main/5_refseq_bigscape/reference_BGCs.tar.gz!reference_BGCs/ref_BGC0001189_BGC0001189.1.region001.gbk	452	a2b0a5a627812bf66411e6a7823b2d3e2683fd293164720d2e971e6f0d0af9c9		SOURCE_ASSOCIATION_ONLY
proteintraitsmech:ELIFE109154_EntA	bgc_annotation	RefSeq	WP_017219313.1	WP_017219313.1	nrp-metallophore-SI-main/5_refseq_bigscape/reference_BGCs.tar.gz!reference_BGCs/ref_pseudochelin_NZ_JXXW01000072.1_NZ_JXXW01000072.region001.gbk	257	b94e8ddec0abc5f26de9413561dd1e38bf87f497e0959de7e71c899cb81386e7		SOURCE_ASSOCIATION_ONLY
proteintraitsmech:ELIFE109154_EntC	bgc_annotation	RefSeq	WP_017219319.1	WP_017219319.1	nrp-metallophore-SI-main/5_refseq_bigscape/reference_BGCs.tar.gz!reference_BGCs/ref_pseudochelin_NZ_JXXW01000072.1_NZ_JXXW01000072.region001.gbk	406	b95ba331e5c78e5a9f060c831894a2c963cbfda74e7d617ced3590b2125c2041		SOURCE_ASSOCIATION_ONLY
proteintraitsmech:ELIFE109154_TBH_Asp	bgc_annotation	RefSeq	WP_091010425.1	WP_091010425.1	nrp-metallophore-SI-main/5_refseq_bigscape/reference_BGCs.tar.gz!reference_BGCs/ref_megapolibactin_NZ_CP041745.1_NZ_CP041745.1.region001.gbk	322	8a383985d9dac4770815a786772d768c4da7eaae12243363a36c48fd02cdf8a3		SOURCE_ASSOCIATION_ONLY
proteintraitsmech:ELIFE109154_GrbD	bgc_annotation	RefSeq	WP_091010427.1	WP_091010427.1	nrp-metallophore-SI-main/5_refseq_bigscape/reference_BGCs.tar.gz!reference_BGCs/ref_megapolibactin_NZ_CP041745.1_NZ_CP041745.1.region001.gbk	478	b8d7757910e3e0ddd5ca26d460627124ef176279d6e109efd47b4e42a011bdc8		SOURCE_ASSOCIATION_ONLY
proteintraitsmech:ELIFE109154_EntA	bgc_annotation	EMBL	CAJ45634.1	CAJ45634.1	nrp-metallophore-SI-main/5_refseq_bigscape/reference_BGCs.tar.gz!reference_BGCs/ref_BGC0000454_BGC0000454.1.region001.gbk	258	9e0c644586e21d4ac7c0cf102210fea481f72048e222f1cf39e8d7e86aaee69f		SOURCE_ASSOCIATION_ONLY
proteintraitsmech:ELIFE109154_EntC	bgc_annotation	EMBL	CAJ45635.1	CAJ45635.1	nrp-metallophore-SI-main/5_refseq_bigscape/reference_BGCs.tar.gz!reference_BGCs/ref_BGC0000454_BGC0000454.1.region001.gbk	393	a46b606eb11bd01679bd2af86501058095f439434c4274add1a0fdf2bf9eb5bf		SOURCE_ASSOCIATION_ONLY
proteintraitsmech:ELIFE109154_PvdP	bgc_annotation	EMBL	AAY93347.2	AAY93347.2	nrp-metallophore-SI-main/5_refseq_bigscape/reference_BGCs.tar.gz!reference_BGCs/ref_pyoverdine2_CP000076.1_CP000076.1.region001.gbk	542	185cbee40610ac53d14e9e015c84dc37e1de6912b0dcad0075f5943aef0fc2f9		SOURCE_ASSOCIATION_ONLY
proteintraitsmech:ELIFE109154_SalSyn	bgc_annotation	RefSeq	WP_015217392.1	WP_015217392.1	nrp-metallophore-SI-main/5_refseq_bigscape/reference_BGCs.tar.gz!reference_BGCs/ref_Anachelin_NZ_AP018166.1_NZ_AP018166.1.region001.gbk	440	795e3c61d12dce5fed198ef98e7c2e06908010a1e8013637d12d2f2a2195c7cc		SOURCE_ASSOCIATION_ONLY
proteintraitsmech:ELIFE109154_FbnL	bgc_annotation	RefSeq	WP_015217381.1	WP_015217381.1	nrp-metallophore-SI-main/5_refseq_bigscape/reference_BGCs.tar.gz!reference_BGCs/ref_Anachelin_NZ_AP018166.1_NZ_AP018166.1.region001.gbk	157	bc8b9348791c6b9a8de70e3838dce5de9077078f63e5098fc976482737492b9a		SOURCE_ASSOCIATION_ONLY
proteintraitsmech:ELIFE109154_FbnM	bgc_annotation	RefSeq	WP_015217380.1	WP_015217380.1	nrp-metallophore-SI-main/5_refseq_bigscape/reference_BGCs.tar.gz!reference_BGCs/ref_Anachelin_NZ_AP018166.1_NZ_AP018166.1.region001.gbk	195	390d1374b990502a50428d3b9b622f623461906d7d3203b1cbcb4554b35b9d9f		SOURCE_ASSOCIATION_ONLY
proteintraitsmech:ELIFE109154_TBH_Asp	bgc_annotation	EMBL	ADJ63841.1	ADJ63841.1	nrp-metallophore-SI-main/5_refseq_bigscape/reference_BGCs.tar.gz!reference_BGCs/ref_BGC0000424_BGC0000424.1.region001.gbk	342	cbb87fc3ce478eb1a68be247f8bbdfd73a28ae3de146523c3e21e4450b08dafb		SOURCE_ASSOCIATION_ONLY
proteintraitsmech:ELIFE109154_IBH_Asp	bgc_annotation	EMBL	ADJ63842.1	ADJ63842.1	nrp-metallophore-SI-main/5_refseq_bigscape/reference_BGCs.tar.gz!reference_BGCs/ref_BGC0000424_BGC0000424.1.region001.gbk	9160	610dfc858f6d72d00003b6bbeae5fe0faa53681c1d2a1bc728b4b6b999287967		DOMAIN_COORDINATES_UNRESOLVED
proteintraitsmech:ELIFE109154_Orn_monoox	bgc_annotation	EMBL	ADJ63845.1	ADJ63845.1	nrp-metallophore-SI-main/5_refseq_bigscape/reference_BGCs.tar.gz!reference_BGCs/ref_BGC0000424_BGC0000424.1.region001.gbk	443	e364371be08616a4eec1bcde86ff2acac606583a739dfd9a2db4e1b2bdc81630		SOURCE_ASSOCIATION_ONLY
proteintraitsmech:ELIFE109154_Orn_monoox	bgc_annotation	EMBL	CAM02311.1	CAM02311.1	nrp-metallophore-SI-main/5_refseq_bigscape/reference_BGCs.tar.gz!reference_BGCs/ref_BGC0000349_BGC0000349.1.region001.gbk	441	59134264c4269e46ad13f077ceb644304be7c025ce64828c0283b241d64870ca		SOURCE_ASSOCIATION_ONLY
proteintraitsmech:ELIFE109154_Orn_monoox	bgc_annotation	EMBL	CAJ96465.1	CAJ96465.1	nrp-metallophore-SI-main/5_refseq_bigscape/reference_BGCs.tar.gz!reference_BGCs/ref_BGC0000330_BGC0000330.1.region001.gbk	466	1de5ae0dc960761513b2e76152d2836eafbdee5d17b49133048b1c4ea30a9408		SOURCE_ASSOCIATION_ONLY
proteintraitsmech:ELIFE109154_IBH_Asp	bgc_annotation	EMBL	CAJ96472.1	CAJ96472.1	nrp-metallophore-SI-main/5_refseq_bigscape/reference_BGCs.tar.gz!reference_BGCs/ref_BGC0000330_BGC0000330.1.region001.gbk	3094	1aac7af2cc29430d880d6a2c3a79b4827e4ee2ee8f3c5c7ef24867dcff7a6548		DOMAIN_COORDINATES_UNRESOLVED
proteintraitsmech:ELIFE109154_TBH_Asp	bgc_annotation	EMBL	CAJ96473.1	CAJ96473.1	nrp-metallophore-SI-main/5_refseq_bigscape/reference_BGCs.tar.gz!reference_BGCs/ref_BGC0000330_BGC0000330.1.region001.gbk	353	da429bfe1aabaaee78d93103caff81740fde46bf5c3f02d22ae5aa7ee4e6b32e		SOURCE_ASSOCIATION_ONLY
proteintraitsmech:ELIFE109154_IPL	bgc_annotation	EMBL	ABW70805.1	ABW70805.1	nrp-metallophore-SI-main/5_refseq_bigscape/reference_BGCs.tar.gz!reference_BGCs/ref_enantio-pyochelin_EU088199.1_EU088199.1.region001.gbk	122	9b94d8c284062975f62113f7ce8de6c1f590441ba5433061699e2178d9470ed6		SOURCE_ASSOCIATION_ONLY
